

Microchip MPLAB XC8 Assembler V3.10 build 20250813170317 
                                                                                               Sun Jul 12 22:19:57 2026

Microchip MPLAB XC8 C Compiler v3.10 (Free license) build 20250813170317 Og1 
     1                           	processor	18F4580
     2                           	fnconf	rparam,??,?,0
     3                           	pagewidth 120
     4                           	opt	flic
     5                           	psect	idataCOMRAM,global,class=CODE,space=0,delta=1,noexec
     6                           	psect	mediumconst,global,reloc=2,class=MEDIUMCONST,space=0,delta=1,noexec
     7                           	psect	cinit,global,reloc=2,class=CODE,space=0,delta=1
     8                           	psect	bssCOMRAM,global,class=COMRAM,space=1,delta=1,lowdata,noexec
     9                           	psect	dataCOMRAM,global,class=COMRAM,space=1,delta=1,lowdata,noexec
    10                           	psect	cstackCOMRAM,global,class=COMRAM,space=1,delta=1,lowdata,noexec
    11                           	psect	text0,global,reloc=2,class=CODE,space=0,delta=1
    12                           	psect	text1,global,reloc=2,class=CODE,space=0,delta=1
    13                           	psect	text2,global,reloc=2,class=CODE,space=0,delta=1
    14                           	psect	text3,global,reloc=2,class=CODE,space=0,delta=1
    15                           	psect	text4,global,reloc=2,class=CODE,space=0,delta=1
    16                           	psect	text5,global,reloc=2,class=CODE,space=0,delta=1
    17                           	psect	text6,global,reloc=2,class=CODE,space=0,delta=1
    18                           	psect	text7,global,reloc=2,class=CODE,space=0,delta=1
    19                           	psect	text8,global,reloc=2,class=CODE,space=0,delta=1
    20                           	psect	text9,global,reloc=2,class=CODE,space=0,delta=1
    21                           	psect	text10,global,reloc=2,class=CODE,space=0,delta=1
    22                           	psect	text11,global,reloc=2,class=CODE,space=0,delta=1
    23                           	psect	text12,global,reloc=2,class=CODE,space=0,delta=1
    24                           	psect	text13,global,reloc=2,class=CODE,space=0,delta=1
    25                           	psect	text14,global,reloc=2,class=CODE,space=0,delta=1
    26                           	psect	intsave_regs,global,class=BIGRAM,space=1,delta=1,noexec
    27                           	psect	rparam,global,class=COMRAM,space=1,delta=1,noexec
    28   000000                     
    29                           ; Version 2.20
    30                           ; Generated 12/02/2020 GMT
    31                           ; 
    32                           ; Copyright © 2020, Microchip Technology Inc. and its subsidiaries ("Microchip")
    33                           ; All rights reserved.
    34                           ; 
    35                           ; This software is developed by Microchip Technology Inc. and its subsidiaries ("Microch
      +                          ip").
    36                           ; 
    37                           ; Redistribution and use in source and binary forms, with or without modification, are
    38                           ; permitted provided that the following conditions are met:
    39                           ; 
    40                           ;     1. Redistributions of source code must retain the above copyright notice, this lis
      +                          t of
    41                           ;        conditions and the following disclaimer.
    42                           ; 
    43                           ;     2. Redistributions in binary form must reproduce the above copyright notice, this 
      +                          list
    44                           ;        of conditions and the following disclaimer in the documentation and/or other
    45                           ;        materials provided with the distribution.
    46                           ; 
    47                           ;     3. Microchip's name may not be used to endorse or promote products derived from th
      +                          is
    48                           ;        software without specific prior written permission.
    49                           ; 
    50                           ; THIS SOFTWARE IS PROVIDED BY MICROCHIP "AS IS" AND ANY EXPRESS OR IMPLIED WARRANTIES,
    51                           ; INCLUDING, BUT NOT LIMITED TO, THE IMPLIED WARRANTIES OF MERCHANTABILITY AND FITNESS F
      +                          OR
    52                           ; PURPOSE ARE DISCLAIMED.  IN NO EVENT SHALL MICROCHIP BE LIABLE FOR ANY DIRECT, INDIREC
      +                          T,
    53                           ; INCIDENTAL, SPECIAL, EXEMPLARY, OR CONSEQUENTIAL DAMAGES (INCLUDING BUT NOT LIMITED TO
    54                           ; PROCUREMENT OF SUBSTITUTE GOODS OR SERVICES; LOSS OF USE, DATA OR PROFITS; OR BUSINESS
    55                           ; INTERRUPTION) HOWSOEVER CAUSED AND ON ANY THEORY OF LIABILITY, WHETHER IN CONTRACT, ST
      +                          RICT
    56                           ; LIABILITY, OR TORT (INCLUDING NEGLIGENCE OR OTHERWISE) ARISING IN ANY WAY OUT OF THE U
      +                          SE OF
    57                           ; THIS SOFTWARE, EVEN IF ADVISED OF THE POSSIBILITY OF SUCH DAMAGE.
    58                           ; 
    59                           ; 
    60                           ; Code-generator required, PIC18F4580 Definitions
    61                           ; 
    62                           ; SFR Addresses
    63   000FE0                     bsr             equ	4064
    64   000FE9                     fsr0            equ	4073
    65   000FEA                     fsr0h           equ	4074
    66   000FE9                     fsr0l           equ	4073
    67   000FE1                     fsr1            equ	4065
    68   000FE2                     fsr1h           equ	4066
    69   000FE1                     fsr1l           equ	4065
    70   000FD9                     fsr2            equ	4057
    71   000FDA                     fsr2h           equ	4058
    72   000FD9                     fsr2l           equ	4057
    73   000FEF                     indf0           equ	4079
    74   000FE7                     indf1           equ	4071
    75   000FDF                     indf2           equ	4063
    76   000FF2                     intcon          equ	4082
    77   000000                     nvmcon          equ	0
    78   000FF9                     pcl             equ	4089
    79   000FFA                     pclath          equ	4090
    80   000FFB                     pclatu          equ	4091
    81   000FEB                     plusw0          equ	4075
    82   000FE3                     plusw1          equ	4067
    83   000FDB                     plusw2          equ	4059
    84   000FED                     postdec0        equ	4077
    85   000FE5                     postdec1        equ	4069
    86   000FDD                     postdec2        equ	4061
    87   000FEE                     postinc0        equ	4078
    88   000FE6                     postinc1        equ	4070
    89   000FDE                     postinc2        equ	4062
    90   000FEC                     preinc0         equ	4076
    91   000FE4                     preinc1         equ	4068
    92   000FDC                     preinc2         equ	4060
    93   000FF3                     prod            equ	4083
    94   000FF4                     prodh           equ	4084
    95   000FF3                     prodl           equ	4083
    96   000FD8                     status          equ	4056
    97   000FF5                     tablat          equ	4085
    98   000FF6                     tblptr          equ	4086
    99   000FF7                     tblptrh         equ	4087
   100   000FF6                     tblptrl         equ	4086
   101   000FF8                     tblptru         equ	4088
   102   000FFD                     tosl            equ	4093
   103   000FE8                     wreg            equ	4072
   104   000D60                     RXF6SIDH        equ	3424	;# 
   105   000D61                     RXF6SIDL        equ	3425	;# 
   106   000D62                     RXF6EIDH        equ	3426	;# 
   107   000D63                     RXF6EIDL        equ	3427	;# 
   108   000D64                     RXF7SIDH        equ	3428	;# 
   109   000D65                     RXF7SIDL        equ	3429	;# 
   110   000D66                     RXF7EIDH        equ	3430	;# 
   111   000D67                     RXF7EIDL        equ	3431	;# 
   112   000D68                     RXF8SIDH        equ	3432	;# 
   113   000D69                     RXF8SIDL        equ	3433	;# 
   114   000D6A                     RXF8EIDH        equ	3434	;# 
   115   000D6B                     RXF8EIDL        equ	3435	;# 
   116   000D70                     RXF9SIDH        equ	3440	;# 
   117   000D71                     RXF9SIDL        equ	3441	;# 
   118   000D72                     RXF9EIDH        equ	3442	;# 
   119   000D73                     RXF9EIDL        equ	3443	;# 
   120   000D74                     RXF10SIDH       equ	3444	;# 
   121   000D75                     RXF10SIDL       equ	3445	;# 
   122   000D76                     RXF10EIDH       equ	3446	;# 
   123   000D77                     RXF10EIDL       equ	3447	;# 
   124   000D78                     RXF11SIDH       equ	3448	;# 
   125   000D79                     RXF11SIDL       equ	3449	;# 
   126   000D7A                     RXF11EIDH       equ	3450	;# 
   127   000D7B                     RXF11EIDL       equ	3451	;# 
   128   000D80                     RXF12SIDH       equ	3456	;# 
   129   000D81                     RXF12SIDL       equ	3457	;# 
   130   000D82                     RXF12EIDH       equ	3458	;# 
   131   000D83                     RXF12EIDL       equ	3459	;# 
   132   000D84                     RXF13SIDH       equ	3460	;# 
   133   000D85                     RXF13SIDL       equ	3461	;# 
   134   000D86                     RXF13EIDH       equ	3462	;# 
   135   000D87                     RXF13EIDL       equ	3463	;# 
   136   000D88                     RXF14SIDH       equ	3464	;# 
   137   000D89                     RXF14SIDL       equ	3465	;# 
   138   000D8A                     RXF14EIDH       equ	3466	;# 
   139   000D8B                     RXF14EIDL       equ	3467	;# 
   140   000D90                     RXF15SIDH       equ	3472	;# 
   141   000D91                     RXF15SIDL       equ	3473	;# 
   142   000D92                     RXF15EIDH       equ	3474	;# 
   143   000D93                     RXF15EIDL       equ	3475	;# 
   144   000DD4                     RXFCON0         equ	3540	;# 
   145   000DD5                     RXFCON1         equ	3541	;# 
   146   000DD8                     SDFLC           equ	3544	;# 
   147   000DE0                     RXFBCON0        equ	3552	;# 
   148   000DE1                     RXFBCON1        equ	3553	;# 
   149   000DE2                     RXFBCON2        equ	3554	;# 
   150   000DE3                     RXFBCON3        equ	3555	;# 
   151   000DE4                     RXFBCON4        equ	3556	;# 
   152   000DE5                     RXFBCON5        equ	3557	;# 
   153   000DE6                     RXFBCON6        equ	3558	;# 
   154   000DE7                     RXFBCON7        equ	3559	;# 
   155   000DF0                     MSEL0           equ	3568	;# 
   156   000DF1                     MSEL1           equ	3569	;# 
   157   000DF2                     MSEL2           equ	3570	;# 
   158   000DF3                     MSEL3           equ	3571	;# 
   159   000DF8                     BSEL0           equ	3576	;# 
   160   000DFA                     BIE0            equ	3578	;# 
   161   000DFC                     TXBIE           equ	3580	;# 
   162   000E20                     B0CON           equ	3616	;# 
   163   000E21                     B0SIDH          equ	3617	;# 
   164   000E22                     B0SIDL          equ	3618	;# 
   165   000E23                     B0EIDH          equ	3619	;# 
   166   000E24                     B0EIDL          equ	3620	;# 
   167   000E25                     B0DLC           equ	3621	;# 
   168   000E26                     B0D0            equ	3622	;# 
   169   000E27                     B0D1            equ	3623	;# 
   170   000E28                     B0D2            equ	3624	;# 
   171   000E29                     B0D3            equ	3625	;# 
   172   000E2A                     B0D4            equ	3626	;# 
   173   000E2B                     B0D5            equ	3627	;# 
   174   000E2C                     B0D6            equ	3628	;# 
   175   000E2D                     B0D7            equ	3629	;# 
   176   000E2E                     CANSTAT_RO9     equ	3630	;# 
   177   000E2F                     CANCON_RO9      equ	3631	;# 
   178   000E30                     B1CON           equ	3632	;# 
   179   000E31                     B1SIDH          equ	3633	;# 
   180   000E32                     B1SIDL          equ	3634	;# 
   181   000E33                     B1EIDH          equ	3635	;# 
   182   000E34                     B1EIDL          equ	3636	;# 
   183   000E35                     B1DLC           equ	3637	;# 
   184   000E36                     B1D0            equ	3638	;# 
   185   000E37                     B1D1            equ	3639	;# 
   186   000E38                     B1D2            equ	3640	;# 
   187   000E39                     B1D3            equ	3641	;# 
   188   000E3A                     B1D4            equ	3642	;# 
   189   000E3B                     B1D5            equ	3643	;# 
   190   000E3C                     B1D6            equ	3644	;# 
   191   000E3D                     B1D7            equ	3645	;# 
   192   000E3E                     CANSTAT_RO8     equ	3646	;# 
   193   000E3F                     CANCON_RO8      equ	3647	;# 
   194   000E40                     B2CON           equ	3648	;# 
   195   000E41                     B2SIDH          equ	3649	;# 
   196   000E42                     B2SIDL          equ	3650	;# 
   197   000E43                     B2EIDH          equ	3651	;# 
   198   000E44                     B2EIDL          equ	3652	;# 
   199   000E45                     B2DLC           equ	3653	;# 
   200   000E46                     B2D0            equ	3654	;# 
   201   000E47                     B2D1            equ	3655	;# 
   202   000E48                     B2D2            equ	3656	;# 
   203   000E49                     B2D3            equ	3657	;# 
   204   000E4A                     B2D4            equ	3658	;# 
   205   000E4B                     B2D5            equ	3659	;# 
   206   000E4C                     B2D6            equ	3660	;# 
   207   000E4D                     B2D7            equ	3661	;# 
   208   000E4E                     CANSTAT_RO7     equ	3662	;# 
   209   000E4F                     CANCON_RO7      equ	3663	;# 
   210   000E50                     B3CON           equ	3664	;# 
   211   000E51                     B3SIDH          equ	3665	;# 
   212   000E52                     B3SIDL          equ	3666	;# 
   213   000E53                     B3EIDH          equ	3667	;# 
   214   000E54                     B3EIDL          equ	3668	;# 
   215   000E55                     B3DLC           equ	3669	;# 
   216   000E56                     B3D0            equ	3670	;# 
   217   000E57                     B3D1            equ	3671	;# 
   218   000E58                     B3D2            equ	3672	;# 
   219   000E59                     B3D3            equ	3673	;# 
   220   000E5A                     B3D4            equ	3674	;# 
   221   000E5B                     B3D5            equ	3675	;# 
   222   000E5C                     B3D6            equ	3676	;# 
   223   000E5D                     B3D7            equ	3677	;# 
   224   000E5E                     CANSTAT_RO6     equ	3678	;# 
   225   000E5F                     CANCON_RO6      equ	3679	;# 
   226   000E60                     B4CON           equ	3680	;# 
   227   000E61                     B4SIDH          equ	3681	;# 
   228   000E62                     B4SIDL          equ	3682	;# 
   229   000E63                     B4EIDH          equ	3683	;# 
   230   000E64                     B4EIDL          equ	3684	;# 
   231   000E65                     B4DLC           equ	3685	;# 
   232   000E66                     B4D0            equ	3686	;# 
   233   000E67                     B4D1            equ	3687	;# 
   234   000E68                     B4D2            equ	3688	;# 
   235   000E69                     B4D3            equ	3689	;# 
   236   000E6A                     B4D4            equ	3690	;# 
   237   000E6B                     B4D5            equ	3691	;# 
   238   000E6C                     B4D6            equ	3692	;# 
   239   000E6D                     B4D7            equ	3693	;# 
   240   000E6E                     CANSTAT_RO5     equ	3694	;# 
   241   000E6F                     CANCON_RO5      equ	3695	;# 
   242   000E70                     B5CON           equ	3696	;# 
   243   000E71                     B5SIDH          equ	3697	;# 
   244   000E72                     B5SIDL          equ	3698	;# 
   245   000E73                     B5EIDH          equ	3699	;# 
   246   000E74                     B5EIDL          equ	3700	;# 
   247   000E75                     B5DLC           equ	3701	;# 
   248   000E76                     B5D0            equ	3702	;# 
   249   000E77                     B5D1            equ	3703	;# 
   250   000E78                     B5D2            equ	3704	;# 
   251   000E79                     B5D3            equ	3705	;# 
   252   000E7A                     B5D4            equ	3706	;# 
   253   000E7B                     B5D5            equ	3707	;# 
   254   000E7C                     B5D6            equ	3708	;# 
   255   000E7D                     B5D7            equ	3709	;# 
   256   000E7E                     CANSTAT_RO4     equ	3710	;# 
   257   000E7F                     CANCON_RO4      equ	3711	;# 
   258   000F00                     RXF0SIDH        equ	3840	;# 
   259   000F01                     RXF0SIDL        equ	3841	;# 
   260   000F02                     RXF0EIDH        equ	3842	;# 
   261   000F03                     RXF0EIDL        equ	3843	;# 
   262   000F04                     RXF1SIDH        equ	3844	;# 
   263   000F05                     RXF1SIDL        equ	3845	;# 
   264   000F06                     RXF1EIDH        equ	3846	;# 
   265   000F07                     RXF1EIDL        equ	3847	;# 
   266   000F08                     RXF2SIDH        equ	3848	;# 
   267   000F09                     RXF2SIDL        equ	3849	;# 
   268   000F0A                     RXF2EIDH        equ	3850	;# 
   269   000F0B                     RXF2EIDL        equ	3851	;# 
   270   000F0C                     RXF3SIDH        equ	3852	;# 
   271   000F0D                     RXF3SIDL        equ	3853	;# 
   272   000F0E                     RXF3EIDH        equ	3854	;# 
   273   000F0F                     RXF3EIDL        equ	3855	;# 
   274   000F10                     RXF4SIDH        equ	3856	;# 
   275   000F11                     RXF4SIDL        equ	3857	;# 
   276   000F12                     RXF4EIDH        equ	3858	;# 
   277   000F13                     RXF4EIDL        equ	3859	;# 
   278   000F14                     RXF5SIDH        equ	3860	;# 
   279   000F15                     RXF5SIDL        equ	3861	;# 
   280   000F16                     RXF5EIDH        equ	3862	;# 
   281   000F17                     RXF5EIDL        equ	3863	;# 
   282   000F18                     RXM0SIDH        equ	3864	;# 
   283   000F19                     RXM0SIDL        equ	3865	;# 
   284   000F1A                     RXM0EIDH        equ	3866	;# 
   285   000F1B                     RXM0EIDL        equ	3867	;# 
   286   000F1C                     RXM1SIDH        equ	3868	;# 
   287   000F1D                     RXM1SIDL        equ	3869	;# 
   288   000F1E                     RXM1EIDH        equ	3870	;# 
   289   000F1F                     RXM1EIDL        equ	3871	;# 
   290   000F20                     TXB2CON         equ	3872	;# 
   291   000F21                     TXB2SIDH        equ	3873	;# 
   292   000F22                     TXB2SIDL        equ	3874	;# 
   293   000F23                     TXB2EIDH        equ	3875	;# 
   294   000F24                     TXB2EIDL        equ	3876	;# 
   295   000F25                     TXB2DLC         equ	3877	;# 
   296   000F26                     TXB2D0          equ	3878	;# 
   297   000F27                     TXB2D1          equ	3879	;# 
   298   000F28                     TXB2D2          equ	3880	;# 
   299   000F29                     TXB2D3          equ	3881	;# 
   300   000F2A                     TXB2D4          equ	3882	;# 
   301   000F2B                     TXB2D5          equ	3883	;# 
   302   000F2C                     TXB2D6          equ	3884	;# 
   303   000F2D                     TXB2D7          equ	3885	;# 
   304   000F2E                     CANSTAT_RO3     equ	3886	;# 
   305   000F2F                     CANCON_RO3      equ	3887	;# 
   306   000F30                     TXB1CON         equ	3888	;# 
   307   000F31                     TXB1SIDH        equ	3889	;# 
   308   000F32                     TXB1SIDL        equ	3890	;# 
   309   000F33                     TXB1EIDH        equ	3891	;# 
   310   000F34                     TXB1EIDL        equ	3892	;# 
   311   000F35                     TXB1DLC         equ	3893	;# 
   312   000F36                     TXB1D0          equ	3894	;# 
   313   000F37                     TXB1D1          equ	3895	;# 
   314   000F38                     TXB1D2          equ	3896	;# 
   315   000F39                     TXB1D3          equ	3897	;# 
   316   000F3A                     TXB1D4          equ	3898	;# 
   317   000F3B                     TXB1D5          equ	3899	;# 
   318   000F3C                     TXB1D6          equ	3900	;# 
   319   000F3D                     TXB1D7          equ	3901	;# 
   320   000F3E                     CANSTAT_RO2     equ	3902	;# 
   321   000F3F                     CANCON_RO2      equ	3903	;# 
   322   000F40                     TXB0CON         equ	3904	;# 
   323   000F41                     TXB0SIDH        equ	3905	;# 
   324   000F42                     TXB0SIDL        equ	3906	;# 
   325   000F43                     TXB0EIDH        equ	3907	;# 
   326   000F44                     TXB0EIDL        equ	3908	;# 
   327   000F45                     TXB0DLC         equ	3909	;# 
   328   000F46                     TXB0D0          equ	3910	;# 
   329   000F47                     TXB0D1          equ	3911	;# 
   330   000F48                     TXB0D2          equ	3912	;# 
   331   000F49                     TXB0D3          equ	3913	;# 
   332   000F4A                     TXB0D4          equ	3914	;# 
   333   000F4B                     TXB0D5          equ	3915	;# 
   334   000F4C                     TXB0D6          equ	3916	;# 
   335   000F4D                     TXB0D7          equ	3917	;# 
   336   000F4E                     CANSTAT_RO1     equ	3918	;# 
   337   000F4F                     CANCON_RO1      equ	3919	;# 
   338   000F50                     RXB1CON         equ	3920	;# 
   339   000F51                     RXB1SIDH        equ	3921	;# 
   340   000F52                     RXB1SIDL        equ	3922	;# 
   341   000F53                     RXB1EIDH        equ	3923	;# 
   342   000F54                     RXB1EIDL        equ	3924	;# 
   343   000F55                     RXB1DLC         equ	3925	;# 
   344   000F56                     RXB1D0          equ	3926	;# 
   345   000F57                     RXB1D1          equ	3927	;# 
   346   000F58                     RXB1D2          equ	3928	;# 
   347   000F59                     RXB1D3          equ	3929	;# 
   348   000F5A                     RXB1D4          equ	3930	;# 
   349   000F5B                     RXB1D5          equ	3931	;# 
   350   000F5C                     RXB1D6          equ	3932	;# 
   351   000F5D                     RXB1D7          equ	3933	;# 
   352   000F5E                     CANSTAT_RO0     equ	3934	;# 
   353   000F5F                     CANCON_RO0      equ	3935	;# 
   354   000F60                     RXB0CON         equ	3936	;# 
   355   000F61                     RXB0SIDH        equ	3937	;# 
   356   000F62                     RXB0SIDL        equ	3938	;# 
   357   000F63                     RXB0EIDH        equ	3939	;# 
   358   000F64                     RXB0EIDL        equ	3940	;# 
   359   000F65                     RXB0DLC         equ	3941	;# 
   360   000F66                     RXB0D0          equ	3942	;# 
   361   000F67                     RXB0D1          equ	3943	;# 
   362   000F68                     RXB0D2          equ	3944	;# 
   363   000F69                     RXB0D3          equ	3945	;# 
   364   000F6A                     RXB0D4          equ	3946	;# 
   365   000F6B                     RXB0D5          equ	3947	;# 
   366   000F6C                     RXB0D6          equ	3948	;# 
   367   000F6D                     RXB0D7          equ	3949	;# 
   368   000F6E                     CANSTAT         equ	3950	;# 
   369   000F6F                     CANCON          equ	3951	;# 
   370   000F70                     BRGCON1         equ	3952	;# 
   371   000F71                     BRGCON2         equ	3953	;# 
   372   000F72                     BRGCON3         equ	3954	;# 
   373   000F73                     CIOCON          equ	3955	;# 
   374   000F74                     COMSTAT         equ	3956	;# 
   375   000F75                     RXERRCNT        equ	3957	;# 
   376   000F76                     TXERRCNT        equ	3958	;# 
   377   000F77                     ECANCON         equ	3959	;# 
   378   000F80                     PORTA           equ	3968	;# 
   379   000F81                     PORTB           equ	3969	;# 
   380   000F82                     PORTC           equ	3970	;# 
   381   000F83                     PORTD           equ	3971	;# 
   382   000F84                     PORTE           equ	3972	;# 
   383   000F89                     LATA            equ	3977	;# 
   384   000F8A                     LATB            equ	3978	;# 
   385   000F8B                     LATC            equ	3979	;# 
   386   000F8C                     LATD            equ	3980	;# 
   387   000F8D                     LATE            equ	3981	;# 
   388   000F92                     TRISA           equ	3986	;# 
   389   000F92                     DDRA            equ	3986	;# 
   390   000F93                     TRISB           equ	3987	;# 
   391   000F93                     DDRB            equ	3987	;# 
   392   000F94                     TRISC           equ	3988	;# 
   393   000F94                     DDRC            equ	3988	;# 
   394   000F95                     TRISD           equ	3989	;# 
   395   000F95                     DDRD            equ	3989	;# 
   396   000F96                     TRISE           equ	3990	;# 
   397   000F96                     DDRE            equ	3990	;# 
   398   000F9B                     OSCTUNE         equ	3995	;# 
   399   000F9D                     PIE1            equ	3997	;# 
   400   000F9E                     PIR1            equ	3998	;# 
   401   000F9F                     IPR1            equ	3999	;# 
   402   000FA0                     PIE2            equ	4000	;# 
   403   000FA1                     PIR2            equ	4001	;# 
   404   000FA2                     IPR2            equ	4002	;# 
   405   000FA3                     PIE3            equ	4003	;# 
   406   000FA4                     PIR3            equ	4004	;# 
   407   000FA5                     IPR3            equ	4005	;# 
   408   000FA6                     EECON1          equ	4006	;# 
   409   000FA7                     EECON2          equ	4007	;# 
   410   000FA8                     EEDATA          equ	4008	;# 
   411   000FA9                     EEADR           equ	4009	;# 
   412   000FAB                     RCSTA           equ	4011	;# 
   413   000FAB                     RCSTA1          equ	4011	;# 
   414   000FAC                     TXSTA           equ	4012	;# 
   415   000FAC                     TXSTA1          equ	4012	;# 
   416   000FAD                     TXREG           equ	4013	;# 
   417   000FAD                     TXREG1          equ	4013	;# 
   418   000FAE                     RCREG           equ	4014	;# 
   419   000FAE                     RCREG1          equ	4014	;# 
   420   000FAF                     SPBRG           equ	4015	;# 
   421   000FAF                     SPBRG1          equ	4015	;# 
   422   000FB0                     SPBRGH          equ	4016	;# 
   423   000FB1                     T3CON           equ	4017	;# 
   424   000FB2                     TMR3            equ	4018	;# 
   425   000FB2                     TMR3L           equ	4018	;# 
   426   000FB3                     TMR3H           equ	4019	;# 
   427   000FB4                     CMCON           equ	4020	;# 
   428   000FB5                     CVRCON          equ	4021	;# 
   429   000FB6                     ECCP1AS         equ	4022	;# 
   430   000FB7                     ECCP1DEL        equ	4023	;# 
   431   000FB8                     BAUDCON         equ	4024	;# 
   432   000FB8                     BAUDCTL         equ	4024	;# 
   433   000FBA                     ECCP1CON        equ	4026	;# 
   434   000FBB                     ECCPR1          equ	4027	;# 
   435   000FBB                     ECCPR1L         equ	4027	;# 
   436   000FBC                     ECCPR1H         equ	4028	;# 
   437   000FBD                     CCP1CON         equ	4029	;# 
   438   000FBE                     CCPR1           equ	4030	;# 
   439   000FBE                     CCPR1L          equ	4030	;# 
   440   000FBF                     CCPR1H          equ	4031	;# 
   441   000FC0                     ADCON2          equ	4032	;# 
   442   000FC1                     ADCON1          equ	4033	;# 
   443   000FC2                     ADCON0          equ	4034	;# 
   444   000FC3                     ADRES           equ	4035	;# 
   445   000FC3                     ADRESL          equ	4035	;# 
   446   000FC4                     ADRESH          equ	4036	;# 
   447   000FC5                     SSPCON2         equ	4037	;# 
   448   000FC6                     SSPCON1         equ	4038	;# 
   449   000FC7                     SSPSTAT         equ	4039	;# 
   450   000FC8                     SSPADD          equ	4040	;# 
   451   000FC9                     SSPBUF          equ	4041	;# 
   452   000FCA                     T2CON           equ	4042	;# 
   453   000FCB                     PR2             equ	4043	;# 
   454   000FCB                     MEMCON          equ	4043	;# 
   455   000FCC                     TMR2            equ	4044	;# 
   456   000FCD                     T1CON           equ	4045	;# 
   457   000FCE                     TMR1            equ	4046	;# 
   458   000FCE                     TMR1L           equ	4046	;# 
   459   000FCF                     TMR1H           equ	4047	;# 
   460   000FD0                     RCON            equ	4048	;# 
   461   000FD1                     WDTCON          equ	4049	;# 
   462   000FD2                     HLVDCON         equ	4050	;# 
   463   000FD2                     LVDCON          equ	4050	;# 
   464   000FD3                     OSCCON          equ	4051	;# 
   465   000FD5                     T0CON           equ	4053	;# 
   466   000FD6                     TMR0            equ	4054	;# 
   467   000FD6                     TMR0L           equ	4054	;# 
   468   000FD7                     TMR0H           equ	4055	;# 
   469   000FD8                     STATUS          equ	4056	;# 
   470   000FD9                     FSR2            equ	4057	;# 
   471   000FD9                     FSR2L           equ	4057	;# 
   472   000FDA                     FSR2H           equ	4058	;# 
   473   000FDB                     PLUSW2          equ	4059	;# 
   474   000FDC                     PREINC2         equ	4060	;# 
   475   000FDD                     POSTDEC2        equ	4061	;# 
   476   000FDE                     POSTINC2        equ	4062	;# 
   477   000FDF                     INDF2           equ	4063	;# 
   478   000FE0                     BSR             equ	4064	;# 
   479   000FE1                     FSR1            equ	4065	;# 
   480   000FE1                     FSR1L           equ	4065	;# 
   481   000FE2                     FSR1H           equ	4066	;# 
   482   000FE3                     PLUSW1          equ	4067	;# 
   483   000FE4                     PREINC1         equ	4068	;# 
   484   000FE5                     POSTDEC1        equ	4069	;# 
   485   000FE6                     POSTINC1        equ	4070	;# 
   486   000FE7                     INDF1           equ	4071	;# 
   487   000FE8                     WREG            equ	4072	;# 
   488   000FE9                     FSR0            equ	4073	;# 
   489   000FE9                     FSR0L           equ	4073	;# 
   490   000FEA                     FSR0H           equ	4074	;# 
   491   000FEB                     PLUSW0          equ	4075	;# 
   492   000FEC                     PREINC0         equ	4076	;# 
   493   000FED                     POSTDEC0        equ	4077	;# 
   494   000FEE                     POSTINC0        equ	4078	;# 
   495   000FEF                     INDF0           equ	4079	;# 
   496   000FF0                     INTCON3         equ	4080	;# 
   497   000FF1                     INTCON2         equ	4081	;# 
   498   000FF2                     INTCON          equ	4082	;# 
   499   000FF3                     PROD            equ	4083	;# 
   500   000FF3                     PRODL           equ	4083	;# 
   501   000FF4                     PRODH           equ	4084	;# 
   502   000FF5                     TABLAT          equ	4085	;# 
   503   000FF6                     TBLPTR          equ	4086	;# 
   504   000FF6                     TBLPTRL         equ	4086	;# 
   505   000FF7                     TBLPTRH         equ	4087	;# 
   506   000FF8                     TBLPTRU         equ	4088	;# 
   507   000FF9                     PCLAT           equ	4089	;# 
   508   000FF9                     PC              equ	4089	;# 
   509   000FF9                     PCL             equ	4089	;# 
   510   000FFA                     PCLATH          equ	4090	;# 
   511   000FFB                     PCLATU          equ	4091	;# 
   512   000FFC                     STKPTR          equ	4092	;# 
   513   000FFD                     TOS             equ	4093	;# 
   514   000FFD                     TOSL            equ	4093	;# 
   515   000FFE                     TOSH            equ	4094	;# 
   516   000FFF                     TOSU            equ	4095	;# 
   517   000D60                     RXF6SIDH        equ	3424	;# 
   518   000D61                     RXF6SIDL        equ	3425	;# 
   519   000D62                     RXF6EIDH        equ	3426	;# 
   520   000D63                     RXF6EIDL        equ	3427	;# 
   521   000D64                     RXF7SIDH        equ	3428	;# 
   522   000D65                     RXF7SIDL        equ	3429	;# 
   523   000D66                     RXF7EIDH        equ	3430	;# 
   524   000D67                     RXF7EIDL        equ	3431	;# 
   525   000D68                     RXF8SIDH        equ	3432	;# 
   526   000D69                     RXF8SIDL        equ	3433	;# 
   527   000D6A                     RXF8EIDH        equ	3434	;# 
   528   000D6B                     RXF8EIDL        equ	3435	;# 
   529   000D70                     RXF9SIDH        equ	3440	;# 
   530   000D71                     RXF9SIDL        equ	3441	;# 
   531   000D72                     RXF9EIDH        equ	3442	;# 
   532   000D73                     RXF9EIDL        equ	3443	;# 
   533   000D74                     RXF10SIDH       equ	3444	;# 
   534   000D75                     RXF10SIDL       equ	3445	;# 
   535   000D76                     RXF10EIDH       equ	3446	;# 
   536   000D77                     RXF10EIDL       equ	3447	;# 
   537   000D78                     RXF11SIDH       equ	3448	;# 
   538   000D79                     RXF11SIDL       equ	3449	;# 
   539   000D7A                     RXF11EIDH       equ	3450	;# 
   540   000D7B                     RXF11EIDL       equ	3451	;# 
   541   000D80                     RXF12SIDH       equ	3456	;# 
   542   000D81                     RXF12SIDL       equ	3457	;# 
   543   000D82                     RXF12EIDH       equ	3458	;# 
   544   000D83                     RXF12EIDL       equ	3459	;# 
   545   000D84                     RXF13SIDH       equ	3460	;# 
   546   000D85                     RXF13SIDL       equ	3461	;# 
   547   000D86                     RXF13EIDH       equ	3462	;# 
   548   000D87                     RXF13EIDL       equ	3463	;# 
   549   000D88                     RXF14SIDH       equ	3464	;# 
   550   000D89                     RXF14SIDL       equ	3465	;# 
   551   000D8A                     RXF14EIDH       equ	3466	;# 
   552   000D8B                     RXF14EIDL       equ	3467	;# 
   553   000D90                     RXF15SIDH       equ	3472	;# 
   554   000D91                     RXF15SIDL       equ	3473	;# 
   555   000D92                     RXF15EIDH       equ	3474	;# 
   556   000D93                     RXF15EIDL       equ	3475	;# 
   557   000DD4                     RXFCON0         equ	3540	;# 
   558   000DD5                     RXFCON1         equ	3541	;# 
   559   000DD8                     SDFLC           equ	3544	;# 
   560   000DE0                     RXFBCON0        equ	3552	;# 
   561   000DE1                     RXFBCON1        equ	3553	;# 
   562   000DE2                     RXFBCON2        equ	3554	;# 
   563   000DE3                     RXFBCON3        equ	3555	;# 
   564   000DE4                     RXFBCON4        equ	3556	;# 
   565   000DE5                     RXFBCON5        equ	3557	;# 
   566   000DE6                     RXFBCON6        equ	3558	;# 
   567   000DE7                     RXFBCON7        equ	3559	;# 
   568   000DF0                     MSEL0           equ	3568	;# 
   569   000DF1                     MSEL1           equ	3569	;# 
   570   000DF2                     MSEL2           equ	3570	;# 
   571   000DF3                     MSEL3           equ	3571	;# 
   572   000DF8                     BSEL0           equ	3576	;# 
   573   000DFA                     BIE0            equ	3578	;# 
   574   000DFC                     TXBIE           equ	3580	;# 
   575   000E20                     B0CON           equ	3616	;# 
   576   000E21                     B0SIDH          equ	3617	;# 
   577   000E22                     B0SIDL          equ	3618	;# 
   578   000E23                     B0EIDH          equ	3619	;# 
   579   000E24                     B0EIDL          equ	3620	;# 
   580   000E25                     B0DLC           equ	3621	;# 
   581   000E26                     B0D0            equ	3622	;# 
   582   000E27                     B0D1            equ	3623	;# 
   583   000E28                     B0D2            equ	3624	;# 
   584   000E29                     B0D3            equ	3625	;# 
   585   000E2A                     B0D4            equ	3626	;# 
   586   000E2B                     B0D5            equ	3627	;# 
   587   000E2C                     B0D6            equ	3628	;# 
   588   000E2D                     B0D7            equ	3629	;# 
   589   000E2E                     CANSTAT_RO9     equ	3630	;# 
   590   000E2F                     CANCON_RO9      equ	3631	;# 
   591   000E30                     B1CON           equ	3632	;# 
   592   000E31                     B1SIDH          equ	3633	;# 
   593   000E32                     B1SIDL          equ	3634	;# 
   594   000E33                     B1EIDH          equ	3635	;# 
   595   000E34                     B1EIDL          equ	3636	;# 
   596   000E35                     B1DLC           equ	3637	;# 
   597   000E36                     B1D0            equ	3638	;# 
   598   000E37                     B1D1            equ	3639	;# 
   599   000E38                     B1D2            equ	3640	;# 
   600   000E39                     B1D3            equ	3641	;# 
   601   000E3A                     B1D4            equ	3642	;# 
   602   000E3B                     B1D5            equ	3643	;# 
   603   000E3C                     B1D6            equ	3644	;# 
   604   000E3D                     B1D7            equ	3645	;# 
   605   000E3E                     CANSTAT_RO8     equ	3646	;# 
   606   000E3F                     CANCON_RO8      equ	3647	;# 
   607   000E40                     B2CON           equ	3648	;# 
   608   000E41                     B2SIDH          equ	3649	;# 
   609   000E42                     B2SIDL          equ	3650	;# 
   610   000E43                     B2EIDH          equ	3651	;# 
   611   000E44                     B2EIDL          equ	3652	;# 
   612   000E45                     B2DLC           equ	3653	;# 
   613   000E46                     B2D0            equ	3654	;# 
   614   000E47                     B2D1            equ	3655	;# 
   615   000E48                     B2D2            equ	3656	;# 
   616   000E49                     B2D3            equ	3657	;# 
   617   000E4A                     B2D4            equ	3658	;# 
   618   000E4B                     B2D5            equ	3659	;# 
   619   000E4C                     B2D6            equ	3660	;# 
   620   000E4D                     B2D7            equ	3661	;# 
   621   000E4E                     CANSTAT_RO7     equ	3662	;# 
   622   000E4F                     CANCON_RO7      equ	3663	;# 
   623   000E50                     B3CON           equ	3664	;# 
   624   000E51                     B3SIDH          equ	3665	;# 
   625   000E52                     B3SIDL          equ	3666	;# 
   626   000E53                     B3EIDH          equ	3667	;# 
   627   000E54                     B3EIDL          equ	3668	;# 
   628   000E55                     B3DLC           equ	3669	;# 
   629   000E56                     B3D0            equ	3670	;# 
   630   000E57                     B3D1            equ	3671	;# 
   631   000E58                     B3D2            equ	3672	;# 
   632   000E59                     B3D3            equ	3673	;# 
   633   000E5A                     B3D4            equ	3674	;# 
   634   000E5B                     B3D5            equ	3675	;# 
   635   000E5C                     B3D6            equ	3676	;# 
   636   000E5D                     B3D7            equ	3677	;# 
   637   000E5E                     CANSTAT_RO6     equ	3678	;# 
   638   000E5F                     CANCON_RO6      equ	3679	;# 
   639   000E60                     B4CON           equ	3680	;# 
   640   000E61                     B4SIDH          equ	3681	;# 
   641   000E62                     B4SIDL          equ	3682	;# 
   642   000E63                     B4EIDH          equ	3683	;# 
   643   000E64                     B4EIDL          equ	3684	;# 
   644   000E65                     B4DLC           equ	3685	;# 
   645   000E66                     B4D0            equ	3686	;# 
   646   000E67                     B4D1            equ	3687	;# 
   647   000E68                     B4D2            equ	3688	;# 
   648   000E69                     B4D3            equ	3689	;# 
   649   000E6A                     B4D4            equ	3690	;# 
   650   000E6B                     B4D5            equ	3691	;# 
   651   000E6C                     B4D6            equ	3692	;# 
   652   000E6D                     B4D7            equ	3693	;# 
   653   000E6E                     CANSTAT_RO5     equ	3694	;# 
   654   000E6F                     CANCON_RO5      equ	3695	;# 
   655   000E70                     B5CON           equ	3696	;# 
   656   000E71                     B5SIDH          equ	3697	;# 
   657   000E72                     B5SIDL          equ	3698	;# 
   658   000E73                     B5EIDH          equ	3699	;# 
   659   000E74                     B5EIDL          equ	3700	;# 
   660   000E75                     B5DLC           equ	3701	;# 
   661   000E76                     B5D0            equ	3702	;# 
   662   000E77                     B5D1            equ	3703	;# 
   663   000E78                     B5D2            equ	3704	;# 
   664   000E79                     B5D3            equ	3705	;# 
   665   000E7A                     B5D4            equ	3706	;# 
   666   000E7B                     B5D5            equ	3707	;# 
   667   000E7C                     B5D6            equ	3708	;# 
   668   000E7D                     B5D7            equ	3709	;# 
   669   000E7E                     CANSTAT_RO4     equ	3710	;# 
   670   000E7F                     CANCON_RO4      equ	3711	;# 
   671   000F00                     RXF0SIDH        equ	3840	;# 
   672   000F01                     RXF0SIDL        equ	3841	;# 
   673   000F02                     RXF0EIDH        equ	3842	;# 
   674   000F03                     RXF0EIDL        equ	3843	;# 
   675   000F04                     RXF1SIDH        equ	3844	;# 
   676   000F05                     RXF1SIDL        equ	3845	;# 
   677   000F06                     RXF1EIDH        equ	3846	;# 
   678   000F07                     RXF1EIDL        equ	3847	;# 
   679   000F08                     RXF2SIDH        equ	3848	;# 
   680   000F09                     RXF2SIDL        equ	3849	;# 
   681   000F0A                     RXF2EIDH        equ	3850	;# 
   682   000F0B                     RXF2EIDL        equ	3851	;# 
   683   000F0C                     RXF3SIDH        equ	3852	;# 
   684   000F0D                     RXF3SIDL        equ	3853	;# 
   685   000F0E                     RXF3EIDH        equ	3854	;# 
   686   000F0F                     RXF3EIDL        equ	3855	;# 
   687   000F10                     RXF4SIDH        equ	3856	;# 
   688   000F11                     RXF4SIDL        equ	3857	;# 
   689   000F12                     RXF4EIDH        equ	3858	;# 
   690   000F13                     RXF4EIDL        equ	3859	;# 
   691   000F14                     RXF5SIDH        equ	3860	;# 
   692   000F15                     RXF5SIDL        equ	3861	;# 
   693   000F16                     RXF5EIDH        equ	3862	;# 
   694   000F17                     RXF5EIDL        equ	3863	;# 
   695   000F18                     RXM0SIDH        equ	3864	;# 
   696   000F19                     RXM0SIDL        equ	3865	;# 
   697   000F1A                     RXM0EIDH        equ	3866	;# 
   698   000F1B                     RXM0EIDL        equ	3867	;# 
   699   000F1C                     RXM1SIDH        equ	3868	;# 
   700   000F1D                     RXM1SIDL        equ	3869	;# 
   701   000F1E                     RXM1EIDH        equ	3870	;# 
   702   000F1F                     RXM1EIDL        equ	3871	;# 
   703   000F20                     TXB2CON         equ	3872	;# 
   704   000F21                     TXB2SIDH        equ	3873	;# 
   705   000F22                     TXB2SIDL        equ	3874	;# 
   706   000F23                     TXB2EIDH        equ	3875	;# 
   707   000F24                     TXB2EIDL        equ	3876	;# 
   708   000F25                     TXB2DLC         equ	3877	;# 
   709   000F26                     TXB2D0          equ	3878	;# 
   710   000F27                     TXB2D1          equ	3879	;# 
   711   000F28                     TXB2D2          equ	3880	;# 
   712   000F29                     TXB2D3          equ	3881	;# 
   713   000F2A                     TXB2D4          equ	3882	;# 
   714   000F2B                     TXB2D5          equ	3883	;# 
   715   000F2C                     TXB2D6          equ	3884	;# 
   716   000F2D                     TXB2D7          equ	3885	;# 
   717   000F2E                     CANSTAT_RO3     equ	3886	;# 
   718   000F2F                     CANCON_RO3      equ	3887	;# 
   719   000F30                     TXB1CON         equ	3888	;# 
   720   000F31                     TXB1SIDH        equ	3889	;# 
   721   000F32                     TXB1SIDL        equ	3890	;# 
   722   000F33                     TXB1EIDH        equ	3891	;# 
   723   000F34                     TXB1EIDL        equ	3892	;# 
   724   000F35                     TXB1DLC         equ	3893	;# 
   725   000F36                     TXB1D0          equ	3894	;# 
   726   000F37                     TXB1D1          equ	3895	;# 
   727   000F38                     TXB1D2          equ	3896	;# 
   728   000F39                     TXB1D3          equ	3897	;# 
   729   000F3A                     TXB1D4          equ	3898	;# 
   730   000F3B                     TXB1D5          equ	3899	;# 
   731   000F3C                     TXB1D6          equ	3900	;# 
   732   000F3D                     TXB1D7          equ	3901	;# 
   733   000F3E                     CANSTAT_RO2     equ	3902	;# 
   734   000F3F                     CANCON_RO2      equ	3903	;# 
   735   000F40                     TXB0CON         equ	3904	;# 
   736   000F41                     TXB0SIDH        equ	3905	;# 
   737   000F42                     TXB0SIDL        equ	3906	;# 
   738   000F43                     TXB0EIDH        equ	3907	;# 
   739   000F44                     TXB0EIDL        equ	3908	;# 
   740   000F45                     TXB0DLC         equ	3909	;# 
   741   000F46                     TXB0D0          equ	3910	;# 
   742   000F47                     TXB0D1          equ	3911	;# 
   743   000F48                     TXB0D2          equ	3912	;# 
   744   000F49                     TXB0D3          equ	3913	;# 
   745   000F4A                     TXB0D4          equ	3914	;# 
   746   000F4B                     TXB0D5          equ	3915	;# 
   747   000F4C                     TXB0D6          equ	3916	;# 
   748   000F4D                     TXB0D7          equ	3917	;# 
   749   000F4E                     CANSTAT_RO1     equ	3918	;# 
   750   000F4F                     CANCON_RO1      equ	3919	;# 
   751   000F50                     RXB1CON         equ	3920	;# 
   752   000F51                     RXB1SIDH        equ	3921	;# 
   753   000F52                     RXB1SIDL        equ	3922	;# 
   754   000F53                     RXB1EIDH        equ	3923	;# 
   755   000F54                     RXB1EIDL        equ	3924	;# 
   756   000F55                     RXB1DLC         equ	3925	;# 
   757   000F56                     RXB1D0          equ	3926	;# 
   758   000F57                     RXB1D1          equ	3927	;# 
   759   000F58                     RXB1D2          equ	3928	;# 
   760   000F59                     RXB1D3          equ	3929	;# 
   761   000F5A                     RXB1D4          equ	3930	;# 
   762   000F5B                     RXB1D5          equ	3931	;# 
   763   000F5C                     RXB1D6          equ	3932	;# 
   764   000F5D                     RXB1D7          equ	3933	;# 
   765   000F5E                     CANSTAT_RO0     equ	3934	;# 
   766   000F5F                     CANCON_RO0      equ	3935	;# 
   767   000F60                     RXB0CON         equ	3936	;# 
   768   000F61                     RXB0SIDH        equ	3937	;# 
   769   000F62                     RXB0SIDL        equ	3938	;# 
   770   000F63                     RXB0EIDH        equ	3939	;# 
   771   000F64                     RXB0EIDL        equ	3940	;# 
   772   000F65                     RXB0DLC         equ	3941	;# 
   773   000F66                     RXB0D0          equ	3942	;# 
   774   000F67                     RXB0D1          equ	3943	;# 
   775   000F68                     RXB0D2          equ	3944	;# 
   776   000F69                     RXB0D3          equ	3945	;# 
   777   000F6A                     RXB0D4          equ	3946	;# 
   778   000F6B                     RXB0D5          equ	3947	;# 
   779   000F6C                     RXB0D6          equ	3948	;# 
   780   000F6D                     RXB0D7          equ	3949	;# 
   781   000F6E                     CANSTAT         equ	3950	;# 
   782   000F6F                     CANCON          equ	3951	;# 
   783   000F70                     BRGCON1         equ	3952	;# 
   784   000F71                     BRGCON2         equ	3953	;# 
   785   000F72                     BRGCON3         equ	3954	;# 
   786   000F73                     CIOCON          equ	3955	;# 
   787   000F74                     COMSTAT         equ	3956	;# 
   788   000F75                     RXERRCNT        equ	3957	;# 
   789   000F76                     TXERRCNT        equ	3958	;# 
   790   000F77                     ECANCON         equ	3959	;# 
   791   000F80                     PORTA           equ	3968	;# 
   792   000F81                     PORTB           equ	3969	;# 
   793   000F82                     PORTC           equ	3970	;# 
   794   000F83                     PORTD           equ	3971	;# 
   795   000F84                     PORTE           equ	3972	;# 
   796   000F89                     LATA            equ	3977	;# 
   797   000F8A                     LATB            equ	3978	;# 
   798   000F8B                     LATC            equ	3979	;# 
   799   000F8C                     LATD            equ	3980	;# 
   800   000F8D                     LATE            equ	3981	;# 
   801   000F92                     TRISA           equ	3986	;# 
   802   000F92                     DDRA            equ	3986	;# 
   803   000F93                     TRISB           equ	3987	;# 
   804   000F93                     DDRB            equ	3987	;# 
   805   000F94                     TRISC           equ	3988	;# 
   806   000F94                     DDRC            equ	3988	;# 
   807   000F95                     TRISD           equ	3989	;# 
   808   000F95                     DDRD            equ	3989	;# 
   809   000F96                     TRISE           equ	3990	;# 
   810   000F96                     DDRE            equ	3990	;# 
   811   000F9B                     OSCTUNE         equ	3995	;# 
   812   000F9D                     PIE1            equ	3997	;# 
   813   000F9E                     PIR1            equ	3998	;# 
   814   000F9F                     IPR1            equ	3999	;# 
   815   000FA0                     PIE2            equ	4000	;# 
   816   000FA1                     PIR2            equ	4001	;# 
   817   000FA2                     IPR2            equ	4002	;# 
   818   000FA3                     PIE3            equ	4003	;# 
   819   000FA4                     PIR3            equ	4004	;# 
   820   000FA5                     IPR3            equ	4005	;# 
   821   000FA6                     EECON1          equ	4006	;# 
   822   000FA7                     EECON2          equ	4007	;# 
   823   000FA8                     EEDATA          equ	4008	;# 
   824   000FA9                     EEADR           equ	4009	;# 
   825   000FAB                     RCSTA           equ	4011	;# 
   826   000FAB                     RCSTA1          equ	4011	;# 
   827   000FAC                     TXSTA           equ	4012	;# 
   828   000FAC                     TXSTA1          equ	4012	;# 
   829   000FAD                     TXREG           equ	4013	;# 
   830   000FAD                     TXREG1          equ	4013	;# 
   831   000FAE                     RCREG           equ	4014	;# 
   832   000FAE                     RCREG1          equ	4014	;# 
   833   000FAF                     SPBRG           equ	4015	;# 
   834   000FAF                     SPBRG1          equ	4015	;# 
   835   000FB0                     SPBRGH          equ	4016	;# 
   836   000FB1                     T3CON           equ	4017	;# 
   837   000FB2                     TMR3            equ	4018	;# 
   838   000FB2                     TMR3L           equ	4018	;# 
   839   000FB3                     TMR3H           equ	4019	;# 
   840   000FB4                     CMCON           equ	4020	;# 
   841   000FB5                     CVRCON          equ	4021	;# 
   842   000FB6                     ECCP1AS         equ	4022	;# 
   843   000FB7                     ECCP1DEL        equ	4023	;# 
   844   000FB8                     BAUDCON         equ	4024	;# 
   845   000FB8                     BAUDCTL         equ	4024	;# 
   846   000FBA                     ECCP1CON        equ	4026	;# 
   847   000FBB                     ECCPR1          equ	4027	;# 
   848   000FBB                     ECCPR1L         equ	4027	;# 
   849   000FBC                     ECCPR1H         equ	4028	;# 
   850   000FBD                     CCP1CON         equ	4029	;# 
   851   000FBE                     CCPR1           equ	4030	;# 
   852   000FBE                     CCPR1L          equ	4030	;# 
   853   000FBF                     CCPR1H          equ	4031	;# 
   854   000FC0                     ADCON2          equ	4032	;# 
   855   000FC1                     ADCON1          equ	4033	;# 
   856   000FC2                     ADCON0          equ	4034	;# 
   857   000FC3                     ADRES           equ	4035	;# 
   858   000FC3                     ADRESL          equ	4035	;# 
   859   000FC4                     ADRESH          equ	4036	;# 
   860   000FC5                     SSPCON2         equ	4037	;# 
   861   000FC6                     SSPCON1         equ	4038	;# 
   862   000FC7                     SSPSTAT         equ	4039	;# 
   863   000FC8                     SSPADD          equ	4040	;# 
   864   000FC9                     SSPBUF          equ	4041	;# 
   865   000FCA                     T2CON           equ	4042	;# 
   866   000FCB                     PR2             equ	4043	;# 
   867   000FCB                     MEMCON          equ	4043	;# 
   868   000FCC                     TMR2            equ	4044	;# 
   869   000FCD                     T1CON           equ	4045	;# 
   870   000FCE                     TMR1            equ	4046	;# 
   871   000FCE                     TMR1L           equ	4046	;# 
   872   000FCF                     TMR1H           equ	4047	;# 
   873   000FD0                     RCON            equ	4048	;# 
   874   000FD1                     WDTCON          equ	4049	;# 
   875   000FD2                     HLVDCON         equ	4050	;# 
   876   000FD2                     LVDCON          equ	4050	;# 
   877   000FD3                     OSCCON          equ	4051	;# 
   878   000FD5                     T0CON           equ	4053	;# 
   879   000FD6                     TMR0            equ	4054	;# 
   880   000FD6                     TMR0L           equ	4054	;# 
   881   000FD7                     TMR0H           equ	4055	;# 
   882   000FD8                     STATUS          equ	4056	;# 
   883   000FD9                     FSR2            equ	4057	;# 
   884   000FD9                     FSR2L           equ	4057	;# 
   885   000FDA                     FSR2H           equ	4058	;# 
   886   000FDB                     PLUSW2          equ	4059	;# 
   887   000FDC                     PREINC2         equ	4060	;# 
   888   000FDD                     POSTDEC2        equ	4061	;# 
   889   000FDE                     POSTINC2        equ	4062	;# 
   890   000FDF                     INDF2           equ	4063	;# 
   891   000FE0                     BSR             equ	4064	;# 
   892   000FE1                     FSR1            equ	4065	;# 
   893   000FE1                     FSR1L           equ	4065	;# 
   894   000FE2                     FSR1H           equ	4066	;# 
   895   000FE3                     PLUSW1          equ	4067	;# 
   896   000FE4                     PREINC1         equ	4068	;# 
   897   000FE5                     POSTDEC1        equ	4069	;# 
   898   000FE6                     POSTINC1        equ	4070	;# 
   899   000FE7                     INDF1           equ	4071	;# 
   900   000FE8                     WREG            equ	4072	;# 
   901   000FE9                     FSR0            equ	4073	;# 
   902   000FE9                     FSR0L           equ	4073	;# 
   903   000FEA                     FSR0H           equ	4074	;# 
   904   000FEB                     PLUSW0          equ	4075	;# 
   905   000FEC                     PREINC0         equ	4076	;# 
   906   000FED                     POSTDEC0        equ	4077	;# 
   907   000FEE                     POSTINC0        equ	4078	;# 
   908   000FEF                     INDF0           equ	4079	;# 
   909   000FF0                     INTCON3         equ	4080	;# 
   910   000FF1                     INTCON2         equ	4081	;# 
   911   000FF2                     INTCON          equ	4082	;# 
   912   000FF3                     PROD            equ	4083	;# 
   913   000FF3                     PRODL           equ	4083	;# 
   914   000FF4                     PRODH           equ	4084	;# 
   915   000FF5                     TABLAT          equ	4085	;# 
   916   000FF6                     TBLPTR          equ	4086	;# 
   917   000FF6                     TBLPTRL         equ	4086	;# 
   918   000FF7                     TBLPTRH         equ	4087	;# 
   919   000FF8                     TBLPTRU         equ	4088	;# 
   920   000FF9                     PCLAT           equ	4089	;# 
   921   000FF9                     PC              equ	4089	;# 
   922   000FF9                     PCL             equ	4089	;# 
   923   000FFA                     PCLATH          equ	4090	;# 
   924   000FFB                     PCLATU          equ	4091	;# 
   925   000FFC                     STKPTR          equ	4092	;# 
   926   000FFD                     TOS             equ	4093	;# 
   927   000FFD                     TOSL            equ	4093	;# 
   928   000FFE                     TOSH            equ	4094	;# 
   929   000FFF                     TOSU            equ	4095	;# 
   930   000D60                     RXF6SIDH        equ	3424	;# 
   931   000D61                     RXF6SIDL        equ	3425	;# 
   932   000D62                     RXF6EIDH        equ	3426	;# 
   933   000D63                     RXF6EIDL        equ	3427	;# 
   934   000D64                     RXF7SIDH        equ	3428	;# 
   935   000D65                     RXF7SIDL        equ	3429	;# 
   936   000D66                     RXF7EIDH        equ	3430	;# 
   937   000D67                     RXF7EIDL        equ	3431	;# 
   938   000D68                     RXF8SIDH        equ	3432	;# 
   939   000D69                     RXF8SIDL        equ	3433	;# 
   940   000D6A                     RXF8EIDH        equ	3434	;# 
   941   000D6B                     RXF8EIDL        equ	3435	;# 
   942   000D70                     RXF9SIDH        equ	3440	;# 
   943   000D71                     RXF9SIDL        equ	3441	;# 
   944   000D72                     RXF9EIDH        equ	3442	;# 
   945   000D73                     RXF9EIDL        equ	3443	;# 
   946   000D74                     RXF10SIDH       equ	3444	;# 
   947   000D75                     RXF10SIDL       equ	3445	;# 
   948   000D76                     RXF10EIDH       equ	3446	;# 
   949   000D77                     RXF10EIDL       equ	3447	;# 
   950   000D78                     RXF11SIDH       equ	3448	;# 
   951   000D79                     RXF11SIDL       equ	3449	;# 
   952   000D7A                     RXF11EIDH       equ	3450	;# 
   953   000D7B                     RXF11EIDL       equ	3451	;# 
   954   000D80                     RXF12SIDH       equ	3456	;# 
   955   000D81                     RXF12SIDL       equ	3457	;# 
   956   000D82                     RXF12EIDH       equ	3458	;# 
   957   000D83                     RXF12EIDL       equ	3459	;# 
   958   000D84                     RXF13SIDH       equ	3460	;# 
   959   000D85                     RXF13SIDL       equ	3461	;# 
   960   000D86                     RXF13EIDH       equ	3462	;# 
   961   000D87                     RXF13EIDL       equ	3463	;# 
   962   000D88                     RXF14SIDH       equ	3464	;# 
   963   000D89                     RXF14SIDL       equ	3465	;# 
   964   000D8A                     RXF14EIDH       equ	3466	;# 
   965   000D8B                     RXF14EIDL       equ	3467	;# 
   966   000D90                     RXF15SIDH       equ	3472	;# 
   967   000D91                     RXF15SIDL       equ	3473	;# 
   968   000D92                     RXF15EIDH       equ	3474	;# 
   969   000D93                     RXF15EIDL       equ	3475	;# 
   970   000DD4                     RXFCON0         equ	3540	;# 
   971   000DD5                     RXFCON1         equ	3541	;# 
   972   000DD8                     SDFLC           equ	3544	;# 
   973   000DE0                     RXFBCON0        equ	3552	;# 
   974   000DE1                     RXFBCON1        equ	3553	;# 
   975   000DE2                     RXFBCON2        equ	3554	;# 
   976   000DE3                     RXFBCON3        equ	3555	;# 
   977   000DE4                     RXFBCON4        equ	3556	;# 
   978   000DE5                     RXFBCON5        equ	3557	;# 
   979   000DE6                     RXFBCON6        equ	3558	;# 
   980   000DE7                     RXFBCON7        equ	3559	;# 
   981   000DF0                     MSEL0           equ	3568	;# 
   982   000DF1                     MSEL1           equ	3569	;# 
   983   000DF2                     MSEL2           equ	3570	;# 
   984   000DF3                     MSEL3           equ	3571	;# 
   985   000DF8                     BSEL0           equ	3576	;# 
   986   000DFA                     BIE0            equ	3578	;# 
   987   000DFC                     TXBIE           equ	3580	;# 
   988   000E20                     B0CON           equ	3616	;# 
   989   000E21                     B0SIDH          equ	3617	;# 
   990   000E22                     B0SIDL          equ	3618	;# 
   991   000E23                     B0EIDH          equ	3619	;# 
   992   000E24                     B0EIDL          equ	3620	;# 
   993   000E25                     B0DLC           equ	3621	;# 
   994   000E26                     B0D0            equ	3622	;# 
   995   000E27                     B0D1            equ	3623	;# 
   996   000E28                     B0D2            equ	3624	;# 
   997   000E29                     B0D3            equ	3625	;# 
   998   000E2A                     B0D4            equ	3626	;# 
   999   000E2B                     B0D5            equ	3627	;# 
  1000   000E2C                     B0D6            equ	3628	;# 
  1001   000E2D                     B0D7            equ	3629	;# 
  1002   000E2E                     CANSTAT_RO9     equ	3630	;# 
  1003   000E2F                     CANCON_RO9      equ	3631	;# 
  1004   000E30                     B1CON           equ	3632	;# 
  1005   000E31                     B1SIDH          equ	3633	;# 
  1006   000E32                     B1SIDL          equ	3634	;# 
  1007   000E33                     B1EIDH          equ	3635	;# 
  1008   000E34                     B1EIDL          equ	3636	;# 
  1009   000E35                     B1DLC           equ	3637	;# 
  1010   000E36                     B1D0            equ	3638	;# 
  1011   000E37                     B1D1            equ	3639	;# 
  1012   000E38                     B1D2            equ	3640	;# 
  1013   000E39                     B1D3            equ	3641	;# 
  1014   000E3A                     B1D4            equ	3642	;# 
  1015   000E3B                     B1D5            equ	3643	;# 
  1016   000E3C                     B1D6            equ	3644	;# 
  1017   000E3D                     B1D7            equ	3645	;# 
  1018   000E3E                     CANSTAT_RO8     equ	3646	;# 
  1019   000E3F                     CANCON_RO8      equ	3647	;# 
  1020   000E40                     B2CON           equ	3648	;# 
  1021   000E41                     B2SIDH          equ	3649	;# 
  1022   000E42                     B2SIDL          equ	3650	;# 
  1023   000E43                     B2EIDH          equ	3651	;# 
  1024   000E44                     B2EIDL          equ	3652	;# 
  1025   000E45                     B2DLC           equ	3653	;# 
  1026   000E46                     B2D0            equ	3654	;# 
  1027   000E47                     B2D1            equ	3655	;# 
  1028   000E48                     B2D2            equ	3656	;# 
  1029   000E49                     B2D3            equ	3657	;# 
  1030   000E4A                     B2D4            equ	3658	;# 
  1031   000E4B                     B2D5            equ	3659	;# 
  1032   000E4C                     B2D6            equ	3660	;# 
  1033   000E4D                     B2D7            equ	3661	;# 
  1034   000E4E                     CANSTAT_RO7     equ	3662	;# 
  1035   000E4F                     CANCON_RO7      equ	3663	;# 
  1036   000E50                     B3CON           equ	3664	;# 
  1037   000E51                     B3SIDH          equ	3665	;# 
  1038   000E52                     B3SIDL          equ	3666	;# 
  1039   000E53                     B3EIDH          equ	3667	;# 
  1040   000E54                     B3EIDL          equ	3668	;# 
  1041   000E55                     B3DLC           equ	3669	;# 
  1042   000E56                     B3D0            equ	3670	;# 
  1043   000E57                     B3D1            equ	3671	;# 
  1044   000E58                     B3D2            equ	3672	;# 
  1045   000E59                     B3D3            equ	3673	;# 
  1046   000E5A                     B3D4            equ	3674	;# 
  1047   000E5B                     B3D5            equ	3675	;# 
  1048   000E5C                     B3D6            equ	3676	;# 
  1049   000E5D                     B3D7            equ	3677	;# 
  1050   000E5E                     CANSTAT_RO6     equ	3678	;# 
  1051   000E5F                     CANCON_RO6      equ	3679	;# 
  1052   000E60                     B4CON           equ	3680	;# 
  1053   000E61                     B4SIDH          equ	3681	;# 
  1054   000E62                     B4SIDL          equ	3682	;# 
  1055   000E63                     B4EIDH          equ	3683	;# 
  1056   000E64                     B4EIDL          equ	3684	;# 
  1057   000E65                     B4DLC           equ	3685	;# 
  1058   000E66                     B4D0            equ	3686	;# 
  1059   000E67                     B4D1            equ	3687	;# 
  1060   000E68                     B4D2            equ	3688	;# 
  1061   000E69                     B4D3            equ	3689	;# 
  1062   000E6A                     B4D4            equ	3690	;# 
  1063   000E6B                     B4D5            equ	3691	;# 
  1064   000E6C                     B4D6            equ	3692	;# 
  1065   000E6D                     B4D7            equ	3693	;# 
  1066   000E6E                     CANSTAT_RO5     equ	3694	;# 
  1067   000E6F                     CANCON_RO5      equ	3695	;# 
  1068   000E70                     B5CON           equ	3696	;# 
  1069   000E71                     B5SIDH          equ	3697	;# 
  1070   000E72                     B5SIDL          equ	3698	;# 
  1071   000E73                     B5EIDH          equ	3699	;# 
  1072   000E74                     B5EIDL          equ	3700	;# 
  1073   000E75                     B5DLC           equ	3701	;# 
  1074   000E76                     B5D0            equ	3702	;# 
  1075   000E77                     B5D1            equ	3703	;# 
  1076   000E78                     B5D2            equ	3704	;# 
  1077   000E79                     B5D3            equ	3705	;# 
  1078   000E7A                     B5D4            equ	3706	;# 
  1079   000E7B                     B5D5            equ	3707	;# 
  1080   000E7C                     B5D6            equ	3708	;# 
  1081   000E7D                     B5D7            equ	3709	;# 
  1082   000E7E                     CANSTAT_RO4     equ	3710	;# 
  1083   000E7F                     CANCON_RO4      equ	3711	;# 
  1084   000F00                     RXF0SIDH        equ	3840	;# 
  1085   000F01                     RXF0SIDL        equ	3841	;# 
  1086   000F02                     RXF0EIDH        equ	3842	;# 
  1087   000F03                     RXF0EIDL        equ	3843	;# 
  1088   000F04                     RXF1SIDH        equ	3844	;# 
  1089   000F05                     RXF1SIDL        equ	3845	;# 
  1090   000F06                     RXF1EIDH        equ	3846	;# 
  1091   000F07                     RXF1EIDL        equ	3847	;# 
  1092   000F08                     RXF2SIDH        equ	3848	;# 
  1093   000F09                     RXF2SIDL        equ	3849	;# 
  1094   000F0A                     RXF2EIDH        equ	3850	;# 
  1095   000F0B                     RXF2EIDL        equ	3851	;# 
  1096   000F0C                     RXF3SIDH        equ	3852	;# 
  1097   000F0D                     RXF3SIDL        equ	3853	;# 
  1098   000F0E                     RXF3EIDH        equ	3854	;# 
  1099   000F0F                     RXF3EIDL        equ	3855	;# 
  1100   000F10                     RXF4SIDH        equ	3856	;# 
  1101   000F11                     RXF4SIDL        equ	3857	;# 
  1102   000F12                     RXF4EIDH        equ	3858	;# 
  1103   000F13                     RXF4EIDL        equ	3859	;# 
  1104   000F14                     RXF5SIDH        equ	3860	;# 
  1105   000F15                     RXF5SIDL        equ	3861	;# 
  1106   000F16                     RXF5EIDH        equ	3862	;# 
  1107   000F17                     RXF5EIDL        equ	3863	;# 
  1108   000F18                     RXM0SIDH        equ	3864	;# 
  1109   000F19                     RXM0SIDL        equ	3865	;# 
  1110   000F1A                     RXM0EIDH        equ	3866	;# 
  1111   000F1B                     RXM0EIDL        equ	3867	;# 
  1112   000F1C                     RXM1SIDH        equ	3868	;# 
  1113   000F1D                     RXM1SIDL        equ	3869	;# 
  1114   000F1E                     RXM1EIDH        equ	3870	;# 
  1115   000F1F                     RXM1EIDL        equ	3871	;# 
  1116   000F20                     TXB2CON         equ	3872	;# 
  1117   000F21                     TXB2SIDH        equ	3873	;# 
  1118   000F22                     TXB2SIDL        equ	3874	;# 
  1119   000F23                     TXB2EIDH        equ	3875	;# 
  1120   000F24                     TXB2EIDL        equ	3876	;# 
  1121   000F25                     TXB2DLC         equ	3877	;# 
  1122   000F26                     TXB2D0          equ	3878	;# 
  1123   000F27                     TXB2D1          equ	3879	;# 
  1124   000F28                     TXB2D2          equ	3880	;# 
  1125   000F29                     TXB2D3          equ	3881	;# 
  1126   000F2A                     TXB2D4          equ	3882	;# 
  1127   000F2B                     TXB2D5          equ	3883	;# 
  1128   000F2C                     TXB2D6          equ	3884	;# 
  1129   000F2D                     TXB2D7          equ	3885	;# 
  1130   000F2E                     CANSTAT_RO3     equ	3886	;# 
  1131   000F2F                     CANCON_RO3      equ	3887	;# 
  1132   000F30                     TXB1CON         equ	3888	;# 
  1133   000F31                     TXB1SIDH        equ	3889	;# 
  1134   000F32                     TXB1SIDL        equ	3890	;# 
  1135   000F33                     TXB1EIDH        equ	3891	;# 
  1136   000F34                     TXB1EIDL        equ	3892	;# 
  1137   000F35                     TXB1DLC         equ	3893	;# 
  1138   000F36                     TXB1D0          equ	3894	;# 
  1139   000F37                     TXB1D1          equ	3895	;# 
  1140   000F38                     TXB1D2          equ	3896	;# 
  1141   000F39                     TXB1D3          equ	3897	;# 
  1142   000F3A                     TXB1D4          equ	3898	;# 
  1143   000F3B                     TXB1D5          equ	3899	;# 
  1144   000F3C                     TXB1D6          equ	3900	;# 
  1145   000F3D                     TXB1D7          equ	3901	;# 
  1146   000F3E                     CANSTAT_RO2     equ	3902	;# 
  1147   000F3F                     CANCON_RO2      equ	3903	;# 
  1148   000F40                     TXB0CON         equ	3904	;# 
  1149   000F41                     TXB0SIDH        equ	3905	;# 
  1150   000F42                     TXB0SIDL        equ	3906	;# 
  1151   000F43                     TXB0EIDH        equ	3907	;# 
  1152   000F44                     TXB0EIDL        equ	3908	;# 
  1153   000F45                     TXB0DLC         equ	3909	;# 
  1154   000F46                     TXB0D0          equ	3910	;# 
  1155   000F47                     TXB0D1          equ	3911	;# 
  1156   000F48                     TXB0D2          equ	3912	;# 
  1157   000F49                     TXB0D3          equ	3913	;# 
  1158   000F4A                     TXB0D4          equ	3914	;# 
  1159   000F4B                     TXB0D5          equ	3915	;# 
  1160   000F4C                     TXB0D6          equ	3916	;# 
  1161   000F4D                     TXB0D7          equ	3917	;# 
  1162   000F4E                     CANSTAT_RO1     equ	3918	;# 
  1163   000F4F                     CANCON_RO1      equ	3919	;# 
  1164   000F50                     RXB1CON         equ	3920	;# 
  1165   000F51                     RXB1SIDH        equ	3921	;# 
  1166   000F52                     RXB1SIDL        equ	3922	;# 
  1167   000F53                     RXB1EIDH        equ	3923	;# 
  1168   000F54                     RXB1EIDL        equ	3924	;# 
  1169   000F55                     RXB1DLC         equ	3925	;# 
  1170   000F56                     RXB1D0          equ	3926	;# 
  1171   000F57                     RXB1D1          equ	3927	;# 
  1172   000F58                     RXB1D2          equ	3928	;# 
  1173   000F59                     RXB1D3          equ	3929	;# 
  1174   000F5A                     RXB1D4          equ	3930	;# 
  1175   000F5B                     RXB1D5          equ	3931	;# 
  1176   000F5C                     RXB1D6          equ	3932	;# 
  1177   000F5D                     RXB1D7          equ	3933	;# 
  1178   000F5E                     CANSTAT_RO0     equ	3934	;# 
  1179   000F5F                     CANCON_RO0      equ	3935	;# 
  1180   000F60                     RXB0CON         equ	3936	;# 
  1181   000F61                     RXB0SIDH        equ	3937	;# 
  1182   000F62                     RXB0SIDL        equ	3938	;# 
  1183   000F63                     RXB0EIDH        equ	3939	;# 
  1184   000F64                     RXB0EIDL        equ	3940	;# 
  1185   000F65                     RXB0DLC         equ	3941	;# 
  1186   000F66                     RXB0D0          equ	3942	;# 
  1187   000F67                     RXB0D1          equ	3943	;# 
  1188   000F68                     RXB0D2          equ	3944	;# 
  1189   000F69                     RXB0D3          equ	3945	;# 
  1190   000F6A                     RXB0D4          equ	3946	;# 
  1191   000F6B                     RXB0D5          equ	3947	;# 
  1192   000F6C                     RXB0D6          equ	3948	;# 
  1193   000F6D                     RXB0D7          equ	3949	;# 
  1194   000F6E                     CANSTAT         equ	3950	;# 
  1195   000F6F                     CANCON          equ	3951	;# 
  1196   000F70                     BRGCON1         equ	3952	;# 
  1197   000F71                     BRGCON2         equ	3953	;# 
  1198   000F72                     BRGCON3         equ	3954	;# 
  1199   000F73                     CIOCON          equ	3955	;# 
  1200   000F74                     COMSTAT         equ	3956	;# 
  1201   000F75                     RXERRCNT        equ	3957	;# 
  1202   000F76                     TXERRCNT        equ	3958	;# 
  1203   000F77                     ECANCON         equ	3959	;# 
  1204   000F80                     PORTA           equ	3968	;# 
  1205   000F81                     PORTB           equ	3969	;# 
  1206   000F82                     PORTC           equ	3970	;# 
  1207   000F83                     PORTD           equ	3971	;# 
  1208   000F84                     PORTE           equ	3972	;# 
  1209   000F89                     LATA            equ	3977	;# 
  1210   000F8A                     LATB            equ	3978	;# 
  1211   000F8B                     LATC            equ	3979	;# 
  1212   000F8C                     LATD            equ	3980	;# 
  1213   000F8D                     LATE            equ	3981	;# 
  1214   000F92                     TRISA           equ	3986	;# 
  1215   000F92                     DDRA            equ	3986	;# 
  1216   000F93                     TRISB           equ	3987	;# 
  1217   000F93                     DDRB            equ	3987	;# 
  1218   000F94                     TRISC           equ	3988	;# 
  1219   000F94                     DDRC            equ	3988	;# 
  1220   000F95                     TRISD           equ	3989	;# 
  1221   000F95                     DDRD            equ	3989	;# 
  1222   000F96                     TRISE           equ	3990	;# 
  1223   000F96                     DDRE            equ	3990	;# 
  1224   000F9B                     OSCTUNE         equ	3995	;# 
  1225   000F9D                     PIE1            equ	3997	;# 
  1226   000F9E                     PIR1            equ	3998	;# 
  1227   000F9F                     IPR1            equ	3999	;# 
  1228   000FA0                     PIE2            equ	4000	;# 
  1229   000FA1                     PIR2            equ	4001	;# 
  1230   000FA2                     IPR2            equ	4002	;# 
  1231   000FA3                     PIE3            equ	4003	;# 
  1232   000FA4                     PIR3            equ	4004	;# 
  1233   000FA5                     IPR3            equ	4005	;# 
  1234   000FA6                     EECON1          equ	4006	;# 
  1235   000FA7                     EECON2          equ	4007	;# 
  1236   000FA8                     EEDATA          equ	4008	;# 
  1237   000FA9                     EEADR           equ	4009	;# 
  1238   000FAB                     RCSTA           equ	4011	;# 
  1239   000FAB                     RCSTA1          equ	4011	;# 
  1240   000FAC                     TXSTA           equ	4012	;# 
  1241   000FAC                     TXSTA1          equ	4012	;# 
  1242   000FAD                     TXREG           equ	4013	;# 
  1243   000FAD                     TXREG1          equ	4013	;# 
  1244   000FAE                     RCREG           equ	4014	;# 
  1245   000FAE                     RCREG1          equ	4014	;# 
  1246   000FAF                     SPBRG           equ	4015	;# 
  1247   000FAF                     SPBRG1          equ	4015	;# 
  1248   000FB0                     SPBRGH          equ	4016	;# 
  1249   000FB1                     T3CON           equ	4017	;# 
  1250   000FB2                     TMR3            equ	4018	;# 
  1251   000FB2                     TMR3L           equ	4018	;# 
  1252   000FB3                     TMR3H           equ	4019	;# 
  1253   000FB4                     CMCON           equ	4020	;# 
  1254   000FB5                     CVRCON          equ	4021	;# 
  1255   000FB6                     ECCP1AS         equ	4022	;# 
  1256   000FB7                     ECCP1DEL        equ	4023	;# 
  1257   000FB8                     BAUDCON         equ	4024	;# 
  1258   000FB8                     BAUDCTL         equ	4024	;# 
  1259   000FBA                     ECCP1CON        equ	4026	;# 
  1260   000FBB                     ECCPR1          equ	4027	;# 
  1261   000FBB                     ECCPR1L         equ	4027	;# 
  1262   000FBC                     ECCPR1H         equ	4028	;# 
  1263   000FBD                     CCP1CON         equ	4029	;# 
  1264   000FBE                     CCPR1           equ	4030	;# 
  1265   000FBE                     CCPR1L          equ	4030	;# 
  1266   000FBF                     CCPR1H          equ	4031	;# 
  1267   000FC0                     ADCON2          equ	4032	;# 
  1268   000FC1                     ADCON1          equ	4033	;# 
  1269   000FC2                     ADCON0          equ	4034	;# 
  1270   000FC3                     ADRES           equ	4035	;# 
  1271   000FC3                     ADRESL          equ	4035	;# 
  1272   000FC4                     ADRESH          equ	4036	;# 
  1273   000FC5                     SSPCON2         equ	4037	;# 
  1274   000FC6                     SSPCON1         equ	4038	;# 
  1275   000FC7                     SSPSTAT         equ	4039	;# 
  1276   000FC8                     SSPADD          equ	4040	;# 
  1277   000FC9                     SSPBUF          equ	4041	;# 
  1278   000FCA                     T2CON           equ	4042	;# 
  1279   000FCB                     PR2             equ	4043	;# 
  1280   000FCB                     MEMCON          equ	4043	;# 
  1281   000FCC                     TMR2            equ	4044	;# 
  1282   000FCD                     T1CON           equ	4045	;# 
  1283   000FCE                     TMR1            equ	4046	;# 
  1284   000FCE                     TMR1L           equ	4046	;# 
  1285   000FCF                     TMR1H           equ	4047	;# 
  1286   000FD0                     RCON            equ	4048	;# 
  1287   000FD1                     WDTCON          equ	4049	;# 
  1288   000FD2                     HLVDCON         equ	4050	;# 
  1289   000FD2                     LVDCON          equ	4050	;# 
  1290   000FD3                     OSCCON          equ	4051	;# 
  1291   000FD5                     T0CON           equ	4053	;# 
  1292   000FD6                     TMR0            equ	4054	;# 
  1293   000FD6                     TMR0L           equ	4054	;# 
  1294   000FD7                     TMR0H           equ	4055	;# 
  1295   000FD8                     STATUS          equ	4056	;# 
  1296   000FD9                     FSR2            equ	4057	;# 
  1297   000FD9                     FSR2L           equ	4057	;# 
  1298   000FDA                     FSR2H           equ	4058	;# 
  1299   000FDB                     PLUSW2          equ	4059	;# 
  1300   000FDC                     PREINC2         equ	4060	;# 
  1301   000FDD                     POSTDEC2        equ	4061	;# 
  1302   000FDE                     POSTINC2        equ	4062	;# 
  1303   000FDF                     INDF2           equ	4063	;# 
  1304   000FE0                     BSR             equ	4064	;# 
  1305   000FE1                     FSR1            equ	4065	;# 
  1306   000FE1                     FSR1L           equ	4065	;# 
  1307   000FE2                     FSR1H           equ	4066	;# 
  1308   000FE3                     PLUSW1          equ	4067	;# 
  1309   000FE4                     PREINC1         equ	4068	;# 
  1310   000FE5                     POSTDEC1        equ	4069	;# 
  1311   000FE6                     POSTINC1        equ	4070	;# 
  1312   000FE7                     INDF1           equ	4071	;# 
  1313   000FE8                     WREG            equ	4072	;# 
  1314   000FE9                     FSR0            equ	4073	;# 
  1315   000FE9                     FSR0L           equ	4073	;# 
  1316   000FEA                     FSR0H           equ	4074	;# 
  1317   000FEB                     PLUSW0          equ	4075	;# 
  1318   000FEC                     PREINC0         equ	4076	;# 
  1319   000FED                     POSTDEC0        equ	4077	;# 
  1320   000FEE                     POSTINC0        equ	4078	;# 
  1321   000FEF                     INDF0           equ	4079	;# 
  1322   000FF0                     INTCON3         equ	4080	;# 
  1323   000FF1                     INTCON2         equ	4081	;# 
  1324   000FF2                     INTCON          equ	4082	;# 
  1325   000FF3                     PROD            equ	4083	;# 
  1326   000FF3                     PRODL           equ	4083	;# 
  1327   000FF4                     PRODH           equ	4084	;# 
  1328   000FF5                     TABLAT          equ	4085	;# 
  1329   000FF6                     TBLPTR          equ	4086	;# 
  1330   000FF6                     TBLPTRL         equ	4086	;# 
  1331   000FF7                     TBLPTRH         equ	4087	;# 
  1332   000FF8                     TBLPTRU         equ	4088	;# 
  1333   000FF9                     PCLAT           equ	4089	;# 
  1334   000FF9                     PC              equ	4089	;# 
  1335   000FF9                     PCL             equ	4089	;# 
  1336   000FFA                     PCLATH          equ	4090	;# 
  1337   000FFB                     PCLATU          equ	4091	;# 
  1338   000FFC                     STKPTR          equ	4092	;# 
  1339   000FFD                     TOS             equ	4093	;# 
  1340   000FFD                     TOSL            equ	4093	;# 
  1341   000FFE                     TOSH            equ	4094	;# 
  1342   000FFF                     TOSU            equ	4095	;# 
  1343   000D60                     RXF6SIDH        equ	3424	;# 
  1344   000D61                     RXF6SIDL        equ	3425	;# 
  1345   000D62                     RXF6EIDH        equ	3426	;# 
  1346   000D63                     RXF6EIDL        equ	3427	;# 
  1347   000D64                     RXF7SIDH        equ	3428	;# 
  1348   000D65                     RXF7SIDL        equ	3429	;# 
  1349   000D66                     RXF7EIDH        equ	3430	;# 
  1350   000D67                     RXF7EIDL        equ	3431	;# 
  1351   000D68                     RXF8SIDH        equ	3432	;# 
  1352   000D69                     RXF8SIDL        equ	3433	;# 
  1353   000D6A                     RXF8EIDH        equ	3434	;# 
  1354   000D6B                     RXF8EIDL        equ	3435	;# 
  1355   000D70                     RXF9SIDH        equ	3440	;# 
  1356   000D71                     RXF9SIDL        equ	3441	;# 
  1357   000D72                     RXF9EIDH        equ	3442	;# 
  1358   000D73                     RXF9EIDL        equ	3443	;# 
  1359   000D74                     RXF10SIDH       equ	3444	;# 
  1360   000D75                     RXF10SIDL       equ	3445	;# 
  1361   000D76                     RXF10EIDH       equ	3446	;# 
  1362   000D77                     RXF10EIDL       equ	3447	;# 
  1363   000D78                     RXF11SIDH       equ	3448	;# 
  1364   000D79                     RXF11SIDL       equ	3449	;# 
  1365   000D7A                     RXF11EIDH       equ	3450	;# 
  1366   000D7B                     RXF11EIDL       equ	3451	;# 
  1367   000D80                     RXF12SIDH       equ	3456	;# 
  1368   000D81                     RXF12SIDL       equ	3457	;# 
  1369   000D82                     RXF12EIDH       equ	3458	;# 
  1370   000D83                     RXF12EIDL       equ	3459	;# 
  1371   000D84                     RXF13SIDH       equ	3460	;# 
  1372   000D85                     RXF13SIDL       equ	3461	;# 
  1373   000D86                     RXF13EIDH       equ	3462	;# 
  1374   000D87                     RXF13EIDL       equ	3463	;# 
  1375   000D88                     RXF14SIDH       equ	3464	;# 
  1376   000D89                     RXF14SIDL       equ	3465	;# 
  1377   000D8A                     RXF14EIDH       equ	3466	;# 
  1378   000D8B                     RXF14EIDL       equ	3467	;# 
  1379   000D90                     RXF15SIDH       equ	3472	;# 
  1380   000D91                     RXF15SIDL       equ	3473	;# 
  1381   000D92                     RXF15EIDH       equ	3474	;# 
  1382   000D93                     RXF15EIDL       equ	3475	;# 
  1383   000DD4                     RXFCON0         equ	3540	;# 
  1384   000DD5                     RXFCON1         equ	3541	;# 
  1385   000DD8                     SDFLC           equ	3544	;# 
  1386   000DE0                     RXFBCON0        equ	3552	;# 
  1387   000DE1                     RXFBCON1        equ	3553	;# 
  1388   000DE2                     RXFBCON2        equ	3554	;# 
  1389   000DE3                     RXFBCON3        equ	3555	;# 
  1390   000DE4                     RXFBCON4        equ	3556	;# 
  1391   000DE5                     RXFBCON5        equ	3557	;# 
  1392   000DE6                     RXFBCON6        equ	3558	;# 
  1393   000DE7                     RXFBCON7        equ	3559	;# 
  1394   000DF0                     MSEL0           equ	3568	;# 
  1395   000DF1                     MSEL1           equ	3569	;# 
  1396   000DF2                     MSEL2           equ	3570	;# 
  1397   000DF3                     MSEL3           equ	3571	;# 
  1398   000DF8                     BSEL0           equ	3576	;# 
  1399   000DFA                     BIE0            equ	3578	;# 
  1400   000DFC                     TXBIE           equ	3580	;# 
  1401   000E20                     B0CON           equ	3616	;# 
  1402   000E21                     B0SIDH          equ	3617	;# 
  1403   000E22                     B0SIDL          equ	3618	;# 
  1404   000E23                     B0EIDH          equ	3619	;# 
  1405   000E24                     B0EIDL          equ	3620	;# 
  1406   000E25                     B0DLC           equ	3621	;# 
  1407   000E26                     B0D0            equ	3622	;# 
  1408   000E27                     B0D1            equ	3623	;# 
  1409   000E28                     B0D2            equ	3624	;# 
  1410   000E29                     B0D3            equ	3625	;# 
  1411   000E2A                     B0D4            equ	3626	;# 
  1412   000E2B                     B0D5            equ	3627	;# 
  1413   000E2C                     B0D6            equ	3628	;# 
  1414   000E2D                     B0D7            equ	3629	;# 
  1415   000E2E                     CANSTAT_RO9     equ	3630	;# 
  1416   000E2F                     CANCON_RO9      equ	3631	;# 
  1417   000E30                     B1CON           equ	3632	;# 
  1418   000E31                     B1SIDH          equ	3633	;# 
  1419   000E32                     B1SIDL          equ	3634	;# 
  1420   000E33                     B1EIDH          equ	3635	;# 
  1421   000E34                     B1EIDL          equ	3636	;# 
  1422   000E35                     B1DLC           equ	3637	;# 
  1423   000E36                     B1D0            equ	3638	;# 
  1424   000E37                     B1D1            equ	3639	;# 
  1425   000E38                     B1D2            equ	3640	;# 
  1426   000E39                     B1D3            equ	3641	;# 
  1427   000E3A                     B1D4            equ	3642	;# 
  1428   000E3B                     B1D5            equ	3643	;# 
  1429   000E3C                     B1D6            equ	3644	;# 
  1430   000E3D                     B1D7            equ	3645	;# 
  1431   000E3E                     CANSTAT_RO8     equ	3646	;# 
  1432   000E3F                     CANCON_RO8      equ	3647	;# 
  1433   000E40                     B2CON           equ	3648	;# 
  1434   000E41                     B2SIDH          equ	3649	;# 
  1435   000E42                     B2SIDL          equ	3650	;# 
  1436   000E43                     B2EIDH          equ	3651	;# 
  1437   000E44                     B2EIDL          equ	3652	;# 
  1438   000E45                     B2DLC           equ	3653	;# 
  1439   000E46                     B2D0            equ	3654	;# 
  1440   000E47                     B2D1            equ	3655	;# 
  1441   000E48                     B2D2            equ	3656	;# 
  1442   000E49                     B2D3            equ	3657	;# 
  1443   000E4A                     B2D4            equ	3658	;# 
  1444   000E4B                     B2D5            equ	3659	;# 
  1445   000E4C                     B2D6            equ	3660	;# 
  1446   000E4D                     B2D7            equ	3661	;# 
  1447   000E4E                     CANSTAT_RO7     equ	3662	;# 
  1448   000E4F                     CANCON_RO7      equ	3663	;# 
  1449   000E50                     B3CON           equ	3664	;# 
  1450   000E51                     B3SIDH          equ	3665	;# 
  1451   000E52                     B3SIDL          equ	3666	;# 
  1452   000E53                     B3EIDH          equ	3667	;# 
  1453   000E54                     B3EIDL          equ	3668	;# 
  1454   000E55                     B3DLC           equ	3669	;# 
  1455   000E56                     B3D0            equ	3670	;# 
  1456   000E57                     B3D1            equ	3671	;# 
  1457   000E58                     B3D2            equ	3672	;# 
  1458   000E59                     B3D3            equ	3673	;# 
  1459   000E5A                     B3D4            equ	3674	;# 
  1460   000E5B                     B3D5            equ	3675	;# 
  1461   000E5C                     B3D6            equ	3676	;# 
  1462   000E5D                     B3D7            equ	3677	;# 
  1463   000E5E                     CANSTAT_RO6     equ	3678	;# 
  1464   000E5F                     CANCON_RO6      equ	3679	;# 
  1465   000E60                     B4CON           equ	3680	;# 
  1466   000E61                     B4SIDH          equ	3681	;# 
  1467   000E62                     B4SIDL          equ	3682	;# 
  1468   000E63                     B4EIDH          equ	3683	;# 
  1469   000E64                     B4EIDL          equ	3684	;# 
  1470   000E65                     B4DLC           equ	3685	;# 
  1471   000E66                     B4D0            equ	3686	;# 
  1472   000E67                     B4D1            equ	3687	;# 
  1473   000E68                     B4D2            equ	3688	;# 
  1474   000E69                     B4D3            equ	3689	;# 
  1475   000E6A                     B4D4            equ	3690	;# 
  1476   000E6B                     B4D5            equ	3691	;# 
  1477   000E6C                     B4D6            equ	3692	;# 
  1478   000E6D                     B4D7            equ	3693	;# 
  1479   000E6E                     CANSTAT_RO5     equ	3694	;# 
  1480   000E6F                     CANCON_RO5      equ	3695	;# 
  1481   000E70                     B5CON           equ	3696	;# 
  1482   000E71                     B5SIDH          equ	3697	;# 
  1483   000E72                     B5SIDL          equ	3698	;# 
  1484   000E73                     B5EIDH          equ	3699	;# 
  1485   000E74                     B5EIDL          equ	3700	;# 
  1486   000E75                     B5DLC           equ	3701	;# 
  1487   000E76                     B5D0            equ	3702	;# 
  1488   000E77                     B5D1            equ	3703	;# 
  1489   000E78                     B5D2            equ	3704	;# 
  1490   000E79                     B5D3            equ	3705	;# 
  1491   000E7A                     B5D4            equ	3706	;# 
  1492   000E7B                     B5D5            equ	3707	;# 
  1493   000E7C                     B5D6            equ	3708	;# 
  1494   000E7D                     B5D7            equ	3709	;# 
  1495   000E7E                     CANSTAT_RO4     equ	3710	;# 
  1496   000E7F                     CANCON_RO4      equ	3711	;# 
  1497   000F00                     RXF0SIDH        equ	3840	;# 
  1498   000F01                     RXF0SIDL        equ	3841	;# 
  1499   000F02                     RXF0EIDH        equ	3842	;# 
  1500   000F03                     RXF0EIDL        equ	3843	;# 
  1501   000F04                     RXF1SIDH        equ	3844	;# 
  1502   000F05                     RXF1SIDL        equ	3845	;# 
  1503   000F06                     RXF1EIDH        equ	3846	;# 
  1504   000F07                     RXF1EIDL        equ	3847	;# 
  1505   000F08                     RXF2SIDH        equ	3848	;# 
  1506   000F09                     RXF2SIDL        equ	3849	;# 
  1507   000F0A                     RXF2EIDH        equ	3850	;# 
  1508   000F0B                     RXF2EIDL        equ	3851	;# 
  1509   000F0C                     RXF3SIDH        equ	3852	;# 
  1510   000F0D                     RXF3SIDL        equ	3853	;# 
  1511   000F0E                     RXF3EIDH        equ	3854	;# 
  1512   000F0F                     RXF3EIDL        equ	3855	;# 
  1513   000F10                     RXF4SIDH        equ	3856	;# 
  1514   000F11                     RXF4SIDL        equ	3857	;# 
  1515   000F12                     RXF4EIDH        equ	3858	;# 
  1516   000F13                     RXF4EIDL        equ	3859	;# 
  1517   000F14                     RXF5SIDH        equ	3860	;# 
  1518   000F15                     RXF5SIDL        equ	3861	;# 
  1519   000F16                     RXF5EIDH        equ	3862	;# 
  1520   000F17                     RXF5EIDL        equ	3863	;# 
  1521   000F18                     RXM0SIDH        equ	3864	;# 
  1522   000F19                     RXM0SIDL        equ	3865	;# 
  1523   000F1A                     RXM0EIDH        equ	3866	;# 
  1524   000F1B                     RXM0EIDL        equ	3867	;# 
  1525   000F1C                     RXM1SIDH        equ	3868	;# 
  1526   000F1D                     RXM1SIDL        equ	3869	;# 
  1527   000F1E                     RXM1EIDH        equ	3870	;# 
  1528   000F1F                     RXM1EIDL        equ	3871	;# 
  1529   000F20                     TXB2CON         equ	3872	;# 
  1530   000F21                     TXB2SIDH        equ	3873	;# 
  1531   000F22                     TXB2SIDL        equ	3874	;# 
  1532   000F23                     TXB2EIDH        equ	3875	;# 
  1533   000F24                     TXB2EIDL        equ	3876	;# 
  1534   000F25                     TXB2DLC         equ	3877	;# 
  1535   000F26                     TXB2D0          equ	3878	;# 
  1536   000F27                     TXB2D1          equ	3879	;# 
  1537   000F28                     TXB2D2          equ	3880	;# 
  1538   000F29                     TXB2D3          equ	3881	;# 
  1539   000F2A                     TXB2D4          equ	3882	;# 
  1540   000F2B                     TXB2D5          equ	3883	;# 
  1541   000F2C                     TXB2D6          equ	3884	;# 
  1542   000F2D                     TXB2D7          equ	3885	;# 
  1543   000F2E                     CANSTAT_RO3     equ	3886	;# 
  1544   000F2F                     CANCON_RO3      equ	3887	;# 
  1545   000F30                     TXB1CON         equ	3888	;# 
  1546   000F31                     TXB1SIDH        equ	3889	;# 
  1547   000F32                     TXB1SIDL        equ	3890	;# 
  1548   000F33                     TXB1EIDH        equ	3891	;# 
  1549   000F34                     TXB1EIDL        equ	3892	;# 
  1550   000F35                     TXB1DLC         equ	3893	;# 
  1551   000F36                     TXB1D0          equ	3894	;# 
  1552   000F37                     TXB1D1          equ	3895	;# 
  1553   000F38                     TXB1D2          equ	3896	;# 
  1554   000F39                     TXB1D3          equ	3897	;# 
  1555   000F3A                     TXB1D4          equ	3898	;# 
  1556   000F3B                     TXB1D5          equ	3899	;# 
  1557   000F3C                     TXB1D6          equ	3900	;# 
  1558   000F3D                     TXB1D7          equ	3901	;# 
  1559   000F3E                     CANSTAT_RO2     equ	3902	;# 
  1560   000F3F                     CANCON_RO2      equ	3903	;# 
  1561   000F40                     TXB0CON         equ	3904	;# 
  1562   000F41                     TXB0SIDH        equ	3905	;# 
  1563   000F42                     TXB0SIDL        equ	3906	;# 
  1564   000F43                     TXB0EIDH        equ	3907	;# 
  1565   000F44                     TXB0EIDL        equ	3908	;# 
  1566   000F45                     TXB0DLC         equ	3909	;# 
  1567   000F46                     TXB0D0          equ	3910	;# 
  1568   000F47                     TXB0D1          equ	3911	;# 
  1569   000F48                     TXB0D2          equ	3912	;# 
  1570   000F49                     TXB0D3          equ	3913	;# 
  1571   000F4A                     TXB0D4          equ	3914	;# 
  1572   000F4B                     TXB0D5          equ	3915	;# 
  1573   000F4C                     TXB0D6          equ	3916	;# 
  1574   000F4D                     TXB0D7          equ	3917	;# 
  1575   000F4E                     CANSTAT_RO1     equ	3918	;# 
  1576   000F4F                     CANCON_RO1      equ	3919	;# 
  1577   000F50                     RXB1CON         equ	3920	;# 
  1578   000F51                     RXB1SIDH        equ	3921	;# 
  1579   000F52                     RXB1SIDL        equ	3922	;# 
  1580   000F53                     RXB1EIDH        equ	3923	;# 
  1581   000F54                     RXB1EIDL        equ	3924	;# 
  1582   000F55                     RXB1DLC         equ	3925	;# 
  1583   000F56                     RXB1D0          equ	3926	;# 
  1584   000F57                     RXB1D1          equ	3927	;# 
  1585   000F58                     RXB1D2          equ	3928	;# 
  1586   000F59                     RXB1D3          equ	3929	;# 
  1587   000F5A                     RXB1D4          equ	3930	;# 
  1588   000F5B                     RXB1D5          equ	3931	;# 
  1589   000F5C                     RXB1D6          equ	3932	;# 
  1590   000F5D                     RXB1D7          equ	3933	;# 
  1591   000F5E                     CANSTAT_RO0     equ	3934	;# 
  1592   000F5F                     CANCON_RO0      equ	3935	;# 
  1593   000F60                     RXB0CON         equ	3936	;# 
  1594   000F61                     RXB0SIDH        equ	3937	;# 
  1595   000F62                     RXB0SIDL        equ	3938	;# 
  1596   000F63                     RXB0EIDH        equ	3939	;# 
  1597   000F64                     RXB0EIDL        equ	3940	;# 
  1598   000F65                     RXB0DLC         equ	3941	;# 
  1599   000F66                     RXB0D0          equ	3942	;# 
  1600   000F67                     RXB0D1          equ	3943	;# 
  1601   000F68                     RXB0D2          equ	3944	;# 
  1602   000F69                     RXB0D3          equ	3945	;# 
  1603   000F6A                     RXB0D4          equ	3946	;# 
  1604   000F6B                     RXB0D5          equ	3947	;# 
  1605   000F6C                     RXB0D6          equ	3948	;# 
  1606   000F6D                     RXB0D7          equ	3949	;# 
  1607   000F6E                     CANSTAT         equ	3950	;# 
  1608   000F6F                     CANCON          equ	3951	;# 
  1609   000F70                     BRGCON1         equ	3952	;# 
  1610   000F71                     BRGCON2         equ	3953	;# 
  1611   000F72                     BRGCON3         equ	3954	;# 
  1612   000F73                     CIOCON          equ	3955	;# 
  1613   000F74                     COMSTAT         equ	3956	;# 
  1614   000F75                     RXERRCNT        equ	3957	;# 
  1615   000F76                     TXERRCNT        equ	3958	;# 
  1616   000F77                     ECANCON         equ	3959	;# 
  1617   000F80                     PORTA           equ	3968	;# 
  1618   000F81                     PORTB           equ	3969	;# 
  1619   000F82                     PORTC           equ	3970	;# 
  1620   000F83                     PORTD           equ	3971	;# 
  1621   000F84                     PORTE           equ	3972	;# 
  1622   000F89                     LATA            equ	3977	;# 
  1623   000F8A                     LATB            equ	3978	;# 
  1624   000F8B                     LATC            equ	3979	;# 
  1625   000F8C                     LATD            equ	3980	;# 
  1626   000F8D                     LATE            equ	3981	;# 
  1627   000F92                     TRISA           equ	3986	;# 
  1628   000F92                     DDRA            equ	3986	;# 
  1629   000F93                     TRISB           equ	3987	;# 
  1630   000F93                     DDRB            equ	3987	;# 
  1631   000F94                     TRISC           equ	3988	;# 
  1632   000F94                     DDRC            equ	3988	;# 
  1633   000F95                     TRISD           equ	3989	;# 
  1634   000F95                     DDRD            equ	3989	;# 
  1635   000F96                     TRISE           equ	3990	;# 
  1636   000F96                     DDRE            equ	3990	;# 
  1637   000F9B                     OSCTUNE         equ	3995	;# 
  1638   000F9D                     PIE1            equ	3997	;# 
  1639   000F9E                     PIR1            equ	3998	;# 
  1640   000F9F                     IPR1            equ	3999	;# 
  1641   000FA0                     PIE2            equ	4000	;# 
  1642   000FA1                     PIR2            equ	4001	;# 
  1643   000FA2                     IPR2            equ	4002	;# 
  1644   000FA3                     PIE3            equ	4003	;# 
  1645   000FA4                     PIR3            equ	4004	;# 
  1646   000FA5                     IPR3            equ	4005	;# 
  1647   000FA6                     EECON1          equ	4006	;# 
  1648   000FA7                     EECON2          equ	4007	;# 
  1649   000FA8                     EEDATA          equ	4008	;# 
  1650   000FA9                     EEADR           equ	4009	;# 
  1651   000FAB                     RCSTA           equ	4011	;# 
  1652   000FAB                     RCSTA1          equ	4011	;# 
  1653   000FAC                     TXSTA           equ	4012	;# 
  1654   000FAC                     TXSTA1          equ	4012	;# 
  1655   000FAD                     TXREG           equ	4013	;# 
  1656   000FAD                     TXREG1          equ	4013	;# 
  1657   000FAE                     RCREG           equ	4014	;# 
  1658   000FAE                     RCREG1          equ	4014	;# 
  1659   000FAF                     SPBRG           equ	4015	;# 
  1660   000FAF                     SPBRG1          equ	4015	;# 
  1661   000FB0                     SPBRGH          equ	4016	;# 
  1662   000FB1                     T3CON           equ	4017	;# 
  1663   000FB2                     TMR3            equ	4018	;# 
  1664   000FB2                     TMR3L           equ	4018	;# 
  1665   000FB3                     TMR3H           equ	4019	;# 
  1666   000FB4                     CMCON           equ	4020	;# 
  1667   000FB5                     CVRCON          equ	4021	;# 
  1668   000FB6                     ECCP1AS         equ	4022	;# 
  1669   000FB7                     ECCP1DEL        equ	4023	;# 
  1670   000FB8                     BAUDCON         equ	4024	;# 
  1671   000FB8                     BAUDCTL         equ	4024	;# 
  1672   000FBA                     ECCP1CON        equ	4026	;# 
  1673   000FBB                     ECCPR1          equ	4027	;# 
  1674   000FBB                     ECCPR1L         equ	4027	;# 
  1675   000FBC                     ECCPR1H         equ	4028	;# 
  1676   000FBD                     CCP1CON         equ	4029	;# 
  1677   000FBE                     CCPR1           equ	4030	;# 
  1678   000FBE                     CCPR1L          equ	4030	;# 
  1679   000FBF                     CCPR1H          equ	4031	;# 
  1680   000FC0                     ADCON2          equ	4032	;# 
  1681   000FC1                     ADCON1          equ	4033	;# 
  1682   000FC2                     ADCON0          equ	4034	;# 
  1683   000FC3                     ADRES           equ	4035	;# 
  1684   000FC3                     ADRESL          equ	4035	;# 
  1685   000FC4                     ADRESH          equ	4036	;# 
  1686   000FC5                     SSPCON2         equ	4037	;# 
  1687   000FC6                     SSPCON1         equ	4038	;# 
  1688   000FC7                     SSPSTAT         equ	4039	;# 
  1689   000FC8                     SSPADD          equ	4040	;# 
  1690   000FC9                     SSPBUF          equ	4041	;# 
  1691   000FCA                     T2CON           equ	4042	;# 
  1692   000FCB                     PR2             equ	4043	;# 
  1693   000FCB                     MEMCON          equ	4043	;# 
  1694   000FCC                     TMR2            equ	4044	;# 
  1695   000FCD                     T1CON           equ	4045	;# 
  1696   000FCE                     TMR1            equ	4046	;# 
  1697   000FCE                     TMR1L           equ	4046	;# 
  1698   000FCF                     TMR1H           equ	4047	;# 
  1699   000FD0                     RCON            equ	4048	;# 
  1700   000FD1                     WDTCON          equ	4049	;# 
  1701   000FD2                     HLVDCON         equ	4050	;# 
  1702   000FD2                     LVDCON          equ	4050	;# 
  1703   000FD3                     OSCCON          equ	4051	;# 
  1704   000FD5                     T0CON           equ	4053	;# 
  1705   000FD6                     TMR0            equ	4054	;# 
  1706   000FD6                     TMR0L           equ	4054	;# 
  1707   000FD7                     TMR0H           equ	4055	;# 
  1708   000FD8                     STATUS          equ	4056	;# 
  1709   000FD9                     FSR2            equ	4057	;# 
  1710   000FD9                     FSR2L           equ	4057	;# 
  1711   000FDA                     FSR2H           equ	4058	;# 
  1712   000FDB                     PLUSW2          equ	4059	;# 
  1713   000FDC                     PREINC2         equ	4060	;# 
  1714   000FDD                     POSTDEC2        equ	4061	;# 
  1715   000FDE                     POSTINC2        equ	4062	;# 
  1716   000FDF                     INDF2           equ	4063	;# 
  1717   000FE0                     BSR             equ	4064	;# 
  1718   000FE1                     FSR1            equ	4065	;# 
  1719   000FE1                     FSR1L           equ	4065	;# 
  1720   000FE2                     FSR1H           equ	4066	;# 
  1721   000FE3                     PLUSW1          equ	4067	;# 
  1722   000FE4                     PREINC1         equ	4068	;# 
  1723   000FE5                     POSTDEC1        equ	4069	;# 
  1724   000FE6                     POSTINC1        equ	4070	;# 
  1725   000FE7                     INDF1           equ	4071	;# 
  1726   000FE8                     WREG            equ	4072	;# 
  1727   000FE9                     FSR0            equ	4073	;# 
  1728   000FE9                     FSR0L           equ	4073	;# 
  1729   000FEA                     FSR0H           equ	4074	;# 
  1730   000FEB                     PLUSW0          equ	4075	;# 
  1731   000FEC                     PREINC0         equ	4076	;# 
  1732   000FED                     POSTDEC0        equ	4077	;# 
  1733   000FEE                     POSTINC0        equ	4078	;# 
  1734   000FEF                     INDF0           equ	4079	;# 
  1735   000FF0                     INTCON3         equ	4080	;# 
  1736   000FF1                     INTCON2         equ	4081	;# 
  1737   000FF2                     INTCON          equ	4082	;# 
  1738   000FF3                     PROD            equ	4083	;# 
  1739   000FF3                     PRODL           equ	4083	;# 
  1740   000FF4                     PRODH           equ	4084	;# 
  1741   000FF5                     TABLAT          equ	4085	;# 
  1742   000FF6                     TBLPTR          equ	4086	;# 
  1743   000FF6                     TBLPTRL         equ	4086	;# 
  1744   000FF7                     TBLPTRH         equ	4087	;# 
  1745   000FF8                     TBLPTRU         equ	4088	;# 
  1746   000FF9                     PCLAT           equ	4089	;# 
  1747   000FF9                     PC              equ	4089	;# 
  1748   000FF9                     PCL             equ	4089	;# 
  1749   000FFA                     PCLATH          equ	4090	;# 
  1750   000FFB                     PCLATU          equ	4091	;# 
  1751   000FFC                     STKPTR          equ	4092	;# 
  1752   000FFD                     TOS             equ	4093	;# 
  1753   000FFD                     TOSL            equ	4093	;# 
  1754   000FFE                     TOSH            equ	4094	;# 
  1755   000FFF                     TOSU            equ	4095	;# 
  1756   000D60                     RXF6SIDH        equ	3424	;# 
  1757   000D61                     RXF6SIDL        equ	3425	;# 
  1758   000D62                     RXF6EIDH        equ	3426	;# 
  1759   000D63                     RXF6EIDL        equ	3427	;# 
  1760   000D64                     RXF7SIDH        equ	3428	;# 
  1761   000D65                     RXF7SIDL        equ	3429	;# 
  1762   000D66                     RXF7EIDH        equ	3430	;# 
  1763   000D67                     RXF7EIDL        equ	3431	;# 
  1764   000D68                     RXF8SIDH        equ	3432	;# 
  1765   000D69                     RXF8SIDL        equ	3433	;# 
  1766   000D6A                     RXF8EIDH        equ	3434	;# 
  1767   000D6B                     RXF8EIDL        equ	3435	;# 
  1768   000D70                     RXF9SIDH        equ	3440	;# 
  1769   000D71                     RXF9SIDL        equ	3441	;# 
  1770   000D72                     RXF9EIDH        equ	3442	;# 
  1771   000D73                     RXF9EIDL        equ	3443	;# 
  1772   000D74                     RXF10SIDH       equ	3444	;# 
  1773   000D75                     RXF10SIDL       equ	3445	;# 
  1774   000D76                     RXF10EIDH       equ	3446	;# 
  1775   000D77                     RXF10EIDL       equ	3447	;# 
  1776   000D78                     RXF11SIDH       equ	3448	;# 
  1777   000D79                     RXF11SIDL       equ	3449	;# 
  1778   000D7A                     RXF11EIDH       equ	3450	;# 
  1779   000D7B                     RXF11EIDL       equ	3451	;# 
  1780   000D80                     RXF12SIDH       equ	3456	;# 
  1781   000D81                     RXF12SIDL       equ	3457	;# 
  1782   000D82                     RXF12EIDH       equ	3458	;# 
  1783   000D83                     RXF12EIDL       equ	3459	;# 
  1784   000D84                     RXF13SIDH       equ	3460	;# 
  1785   000D85                     RXF13SIDL       equ	3461	;# 
  1786   000D86                     RXF13EIDH       equ	3462	;# 
  1787   000D87                     RXF13EIDL       equ	3463	;# 
  1788   000D88                     RXF14SIDH       equ	3464	;# 
  1789   000D89                     RXF14SIDL       equ	3465	;# 
  1790   000D8A                     RXF14EIDH       equ	3466	;# 
  1791   000D8B                     RXF14EIDL       equ	3467	;# 
  1792   000D90                     RXF15SIDH       equ	3472	;# 
  1793   000D91                     RXF15SIDL       equ	3473	;# 
  1794   000D92                     RXF15EIDH       equ	3474	;# 
  1795   000D93                     RXF15EIDL       equ	3475	;# 
  1796   000DD4                     RXFCON0         equ	3540	;# 
  1797   000DD5                     RXFCON1         equ	3541	;# 
  1798   000DD8                     SDFLC           equ	3544	;# 
  1799   000DE0                     RXFBCON0        equ	3552	;# 
  1800   000DE1                     RXFBCON1        equ	3553	;# 
  1801   000DE2                     RXFBCON2        equ	3554	;# 
  1802   000DE3                     RXFBCON3        equ	3555	;# 
  1803   000DE4                     RXFBCON4        equ	3556	;# 
  1804   000DE5                     RXFBCON5        equ	3557	;# 
  1805   000DE6                     RXFBCON6        equ	3558	;# 
  1806   000DE7                     RXFBCON7        equ	3559	;# 
  1807   000DF0                     MSEL0           equ	3568	;# 
  1808   000DF1                     MSEL1           equ	3569	;# 
  1809   000DF2                     MSEL2           equ	3570	;# 
  1810   000DF3                     MSEL3           equ	3571	;# 
  1811   000DF8                     BSEL0           equ	3576	;# 
  1812   000DFA                     BIE0            equ	3578	;# 
  1813   000DFC                     TXBIE           equ	3580	;# 
  1814   000E20                     B0CON           equ	3616	;# 
  1815   000E21                     B0SIDH          equ	3617	;# 
  1816   000E22                     B0SIDL          equ	3618	;# 
  1817   000E23                     B0EIDH          equ	3619	;# 
  1818   000E24                     B0EIDL          equ	3620	;# 
  1819   000E25                     B0DLC           equ	3621	;# 
  1820   000E26                     B0D0            equ	3622	;# 
  1821   000E27                     B0D1            equ	3623	;# 
  1822   000E28                     B0D2            equ	3624	;# 
  1823   000E29                     B0D3            equ	3625	;# 
  1824   000E2A                     B0D4            equ	3626	;# 
  1825   000E2B                     B0D5            equ	3627	;# 
  1826   000E2C                     B0D6            equ	3628	;# 
  1827   000E2D                     B0D7            equ	3629	;# 
  1828   000E2E                     CANSTAT_RO9     equ	3630	;# 
  1829   000E2F                     CANCON_RO9      equ	3631	;# 
  1830   000E30                     B1CON           equ	3632	;# 
  1831   000E31                     B1SIDH          equ	3633	;# 
  1832   000E32                     B1SIDL          equ	3634	;# 
  1833   000E33                     B1EIDH          equ	3635	;# 
  1834   000E34                     B1EIDL          equ	3636	;# 
  1835   000E35                     B1DLC           equ	3637	;# 
  1836   000E36                     B1D0            equ	3638	;# 
  1837   000E37                     B1D1            equ	3639	;# 
  1838   000E38                     B1D2            equ	3640	;# 
  1839   000E39                     B1D3            equ	3641	;# 
  1840   000E3A                     B1D4            equ	3642	;# 
  1841   000E3B                     B1D5            equ	3643	;# 
  1842   000E3C                     B1D6            equ	3644	;# 
  1843   000E3D                     B1D7            equ	3645	;# 
  1844   000E3E                     CANSTAT_RO8     equ	3646	;# 
  1845   000E3F                     CANCON_RO8      equ	3647	;# 
  1846   000E40                     B2CON           equ	3648	;# 
  1847   000E41                     B2SIDH          equ	3649	;# 
  1848   000E42                     B2SIDL          equ	3650	;# 
  1849   000E43                     B2EIDH          equ	3651	;# 
  1850   000E44                     B2EIDL          equ	3652	;# 
  1851   000E45                     B2DLC           equ	3653	;# 
  1852   000E46                     B2D0            equ	3654	;# 
  1853   000E47                     B2D1            equ	3655	;# 
  1854   000E48                     B2D2            equ	3656	;# 
  1855   000E49                     B2D3            equ	3657	;# 
  1856   000E4A                     B2D4            equ	3658	;# 
  1857   000E4B                     B2D5            equ	3659	;# 
  1858   000E4C                     B2D6            equ	3660	;# 
  1859   000E4D                     B2D7            equ	3661	;# 
  1860   000E4E                     CANSTAT_RO7     equ	3662	;# 
  1861   000E4F                     CANCON_RO7      equ	3663	;# 
  1862   000E50                     B3CON           equ	3664	;# 
  1863   000E51                     B3SIDH          equ	3665	;# 
  1864   000E52                     B3SIDL          equ	3666	;# 
  1865   000E53                     B3EIDH          equ	3667	;# 
  1866   000E54                     B3EIDL          equ	3668	;# 
  1867   000E55                     B3DLC           equ	3669	;# 
  1868   000E56                     B3D0            equ	3670	;# 
  1869   000E57                     B3D1            equ	3671	;# 
  1870   000E58                     B3D2            equ	3672	;# 
  1871   000E59                     B3D3            equ	3673	;# 
  1872   000E5A                     B3D4            equ	3674	;# 
  1873   000E5B                     B3D5            equ	3675	;# 
  1874   000E5C                     B3D6            equ	3676	;# 
  1875   000E5D                     B3D7            equ	3677	;# 
  1876   000E5E                     CANSTAT_RO6     equ	3678	;# 
  1877   000E5F                     CANCON_RO6      equ	3679	;# 
  1878   000E60                     B4CON           equ	3680	;# 
  1879   000E61                     B4SIDH          equ	3681	;# 
  1880   000E62                     B4SIDL          equ	3682	;# 
  1881   000E63                     B4EIDH          equ	3683	;# 
  1882   000E64                     B4EIDL          equ	3684	;# 
  1883   000E65                     B4DLC           equ	3685	;# 
  1884   000E66                     B4D0            equ	3686	;# 
  1885   000E67                     B4D1            equ	3687	;# 
  1886   000E68                     B4D2            equ	3688	;# 
  1887   000E69                     B4D3            equ	3689	;# 
  1888   000E6A                     B4D4            equ	3690	;# 
  1889   000E6B                     B4D5            equ	3691	;# 
  1890   000E6C                     B4D6            equ	3692	;# 
  1891   000E6D                     B4D7            equ	3693	;# 
  1892   000E6E                     CANSTAT_RO5     equ	3694	;# 
  1893   000E6F                     CANCON_RO5      equ	3695	;# 
  1894   000E70                     B5CON           equ	3696	;# 
  1895   000E71                     B5SIDH          equ	3697	;# 
  1896   000E72                     B5SIDL          equ	3698	;# 
  1897   000E73                     B5EIDH          equ	3699	;# 
  1898   000E74                     B5EIDL          equ	3700	;# 
  1899   000E75                     B5DLC           equ	3701	;# 
  1900   000E76                     B5D0            equ	3702	;# 
  1901   000E77                     B5D1            equ	3703	;# 
  1902   000E78                     B5D2            equ	3704	;# 
  1903   000E79                     B5D3            equ	3705	;# 
  1904   000E7A                     B5D4            equ	3706	;# 
  1905   000E7B                     B5D5            equ	3707	;# 
  1906   000E7C                     B5D6            equ	3708	;# 
  1907   000E7D                     B5D7            equ	3709	;# 
  1908   000E7E                     CANSTAT_RO4     equ	3710	;# 
  1909   000E7F                     CANCON_RO4      equ	3711	;# 
  1910   000F00                     RXF0SIDH        equ	3840	;# 
  1911   000F01                     RXF0SIDL        equ	3841	;# 
  1912   000F02                     RXF0EIDH        equ	3842	;# 
  1913   000F03                     RXF0EIDL        equ	3843	;# 
  1914   000F04                     RXF1SIDH        equ	3844	;# 
  1915   000F05                     RXF1SIDL        equ	3845	;# 
  1916   000F06                     RXF1EIDH        equ	3846	;# 
  1917   000F07                     RXF1EIDL        equ	3847	;# 
  1918   000F08                     RXF2SIDH        equ	3848	;# 
  1919   000F09                     RXF2SIDL        equ	3849	;# 
  1920   000F0A                     RXF2EIDH        equ	3850	;# 
  1921   000F0B                     RXF2EIDL        equ	3851	;# 
  1922   000F0C                     RXF3SIDH        equ	3852	;# 
  1923   000F0D                     RXF3SIDL        equ	3853	;# 
  1924   000F0E                     RXF3EIDH        equ	3854	;# 
  1925   000F0F                     RXF3EIDL        equ	3855	;# 
  1926   000F10                     RXF4SIDH        equ	3856	;# 
  1927   000F11                     RXF4SIDL        equ	3857	;# 
  1928   000F12                     RXF4EIDH        equ	3858	;# 
  1929   000F13                     RXF4EIDL        equ	3859	;# 
  1930   000F14                     RXF5SIDH        equ	3860	;# 
  1931   000F15                     RXF5SIDL        equ	3861	;# 
  1932   000F16                     RXF5EIDH        equ	3862	;# 
  1933   000F17                     RXF5EIDL        equ	3863	;# 
  1934   000F18                     RXM0SIDH        equ	3864	;# 
  1935   000F19                     RXM0SIDL        equ	3865	;# 
  1936   000F1A                     RXM0EIDH        equ	3866	;# 
  1937   000F1B                     RXM0EIDL        equ	3867	;# 
  1938   000F1C                     RXM1SIDH        equ	3868	;# 
  1939   000F1D                     RXM1SIDL        equ	3869	;# 
  1940   000F1E                     RXM1EIDH        equ	3870	;# 
  1941   000F1F                     RXM1EIDL        equ	3871	;# 
  1942   000F20                     TXB2CON         equ	3872	;# 
  1943   000F21                     TXB2SIDH        equ	3873	;# 
  1944   000F22                     TXB2SIDL        equ	3874	;# 
  1945   000F23                     TXB2EIDH        equ	3875	;# 
  1946   000F24                     TXB2EIDL        equ	3876	;# 
  1947   000F25                     TXB2DLC         equ	3877	;# 
  1948   000F26                     TXB2D0          equ	3878	;# 
  1949   000F27                     TXB2D1          equ	3879	;# 
  1950   000F28                     TXB2D2          equ	3880	;# 
  1951   000F29                     TXB2D3          equ	3881	;# 
  1952   000F2A                     TXB2D4          equ	3882	;# 
  1953   000F2B                     TXB2D5          equ	3883	;# 
  1954   000F2C                     TXB2D6          equ	3884	;# 
  1955   000F2D                     TXB2D7          equ	3885	;# 
  1956   000F2E                     CANSTAT_RO3     equ	3886	;# 
  1957   000F2F                     CANCON_RO3      equ	3887	;# 
  1958   000F30                     TXB1CON         equ	3888	;# 
  1959   000F31                     TXB1SIDH        equ	3889	;# 
  1960   000F32                     TXB1SIDL        equ	3890	;# 
  1961   000F33                     TXB1EIDH        equ	3891	;# 
  1962   000F34                     TXB1EIDL        equ	3892	;# 
  1963   000F35                     TXB1DLC         equ	3893	;# 
  1964   000F36                     TXB1D0          equ	3894	;# 
  1965   000F37                     TXB1D1          equ	3895	;# 
  1966   000F38                     TXB1D2          equ	3896	;# 
  1967   000F39                     TXB1D3          equ	3897	;# 
  1968   000F3A                     TXB1D4          equ	3898	;# 
  1969   000F3B                     TXB1D5          equ	3899	;# 
  1970   000F3C                     TXB1D6          equ	3900	;# 
  1971   000F3D                     TXB1D7          equ	3901	;# 
  1972   000F3E                     CANSTAT_RO2     equ	3902	;# 
  1973   000F3F                     CANCON_RO2      equ	3903	;# 
  1974   000F40                     TXB0CON         equ	3904	;# 
  1975   000F41                     TXB0SIDH        equ	3905	;# 
  1976   000F42                     TXB0SIDL        equ	3906	;# 
  1977   000F43                     TXB0EIDH        equ	3907	;# 
  1978   000F44                     TXB0EIDL        equ	3908	;# 
  1979   000F45                     TXB0DLC         equ	3909	;# 
  1980   000F46                     TXB0D0          equ	3910	;# 
  1981   000F47                     TXB0D1          equ	3911	;# 
  1982   000F48                     TXB0D2          equ	3912	;# 
  1983   000F49                     TXB0D3          equ	3913	;# 
  1984   000F4A                     TXB0D4          equ	3914	;# 
  1985   000F4B                     TXB0D5          equ	3915	;# 
  1986   000F4C                     TXB0D6          equ	3916	;# 
  1987   000F4D                     TXB0D7          equ	3917	;# 
  1988   000F4E                     CANSTAT_RO1     equ	3918	;# 
  1989   000F4F                     CANCON_RO1      equ	3919	;# 
  1990   000F50                     RXB1CON         equ	3920	;# 
  1991   000F51                     RXB1SIDH        equ	3921	;# 
  1992   000F52                     RXB1SIDL        equ	3922	;# 
  1993   000F53                     RXB1EIDH        equ	3923	;# 
  1994   000F54                     RXB1EIDL        equ	3924	;# 
  1995   000F55                     RXB1DLC         equ	3925	;# 
  1996   000F56                     RXB1D0          equ	3926	;# 
  1997   000F57                     RXB1D1          equ	3927	;# 
  1998   000F58                     RXB1D2          equ	3928	;# 
  1999   000F59                     RXB1D3          equ	3929	;# 
  2000   000F5A                     RXB1D4          equ	3930	;# 
  2001   000F5B                     RXB1D5          equ	3931	;# 
  2002   000F5C                     RXB1D6          equ	3932	;# 
  2003   000F5D                     RXB1D7          equ	3933	;# 
  2004   000F5E                     CANSTAT_RO0     equ	3934	;# 
  2005   000F5F                     CANCON_RO0      equ	3935	;# 
  2006   000F60                     RXB0CON         equ	3936	;# 
  2007   000F61                     RXB0SIDH        equ	3937	;# 
  2008   000F62                     RXB0SIDL        equ	3938	;# 
  2009   000F63                     RXB0EIDH        equ	3939	;# 
  2010   000F64                     RXB0EIDL        equ	3940	;# 
  2011   000F65                     RXB0DLC         equ	3941	;# 
  2012   000F66                     RXB0D0          equ	3942	;# 
  2013   000F67                     RXB0D1          equ	3943	;# 
  2014   000F68                     RXB0D2          equ	3944	;# 
  2015   000F69                     RXB0D3          equ	3945	;# 
  2016   000F6A                     RXB0D4          equ	3946	;# 
  2017   000F6B                     RXB0D5          equ	3947	;# 
  2018   000F6C                     RXB0D6          equ	3948	;# 
  2019   000F6D                     RXB0D7          equ	3949	;# 
  2020   000F6E                     CANSTAT         equ	3950	;# 
  2021   000F6F                     CANCON          equ	3951	;# 
  2022   000F70                     BRGCON1         equ	3952	;# 
  2023   000F71                     BRGCON2         equ	3953	;# 
  2024   000F72                     BRGCON3         equ	3954	;# 
  2025   000F73                     CIOCON          equ	3955	;# 
  2026   000F74                     COMSTAT         equ	3956	;# 
  2027   000F75                     RXERRCNT        equ	3957	;# 
  2028   000F76                     TXERRCNT        equ	3958	;# 
  2029   000F77                     ECANCON         equ	3959	;# 
  2030   000F80                     PORTA           equ	3968	;# 
  2031   000F81                     PORTB           equ	3969	;# 
  2032   000F82                     PORTC           equ	3970	;# 
  2033   000F83                     PORTD           equ	3971	;# 
  2034   000F84                     PORTE           equ	3972	;# 
  2035   000F89                     LATA            equ	3977	;# 
  2036   000F8A                     LATB            equ	3978	;# 
  2037   000F8B                     LATC            equ	3979	;# 
  2038   000F8C                     LATD            equ	3980	;# 
  2039   000F8D                     LATE            equ	3981	;# 
  2040   000F92                     TRISA           equ	3986	;# 
  2041   000F92                     DDRA            equ	3986	;# 
  2042   000F93                     TRISB           equ	3987	;# 
  2043   000F93                     DDRB            equ	3987	;# 
  2044   000F94                     TRISC           equ	3988	;# 
  2045   000F94                     DDRC            equ	3988	;# 
  2046   000F95                     TRISD           equ	3989	;# 
  2047   000F95                     DDRD            equ	3989	;# 
  2048   000F96                     TRISE           equ	3990	;# 
  2049   000F96                     DDRE            equ	3990	;# 
  2050   000F9B                     OSCTUNE         equ	3995	;# 
  2051   000F9D                     PIE1            equ	3997	;# 
  2052   000F9E                     PIR1            equ	3998	;# 
  2053   000F9F                     IPR1            equ	3999	;# 
  2054   000FA0                     PIE2            equ	4000	;# 
  2055   000FA1                     PIR2            equ	4001	;# 
  2056   000FA2                     IPR2            equ	4002	;# 
  2057   000FA3                     PIE3            equ	4003	;# 
  2058   000FA4                     PIR3            equ	4004	;# 
  2059   000FA5                     IPR3            equ	4005	;# 
  2060   000FA6                     EECON1          equ	4006	;# 
  2061   000FA7                     EECON2          equ	4007	;# 
  2062   000FA8                     EEDATA          equ	4008	;# 
  2063   000FA9                     EEADR           equ	4009	;# 
  2064   000FAB                     RCSTA           equ	4011	;# 
  2065   000FAB                     RCSTA1          equ	4011	;# 
  2066   000FAC                     TXSTA           equ	4012	;# 
  2067   000FAC                     TXSTA1          equ	4012	;# 
  2068   000FAD                     TXREG           equ	4013	;# 
  2069   000FAD                     TXREG1          equ	4013	;# 
  2070   000FAE                     RCREG           equ	4014	;# 
  2071   000FAE                     RCREG1          equ	4014	;# 
  2072   000FAF                     SPBRG           equ	4015	;# 
  2073   000FAF                     SPBRG1          equ	4015	;# 
  2074   000FB0                     SPBRGH          equ	4016	;# 
  2075   000FB1                     T3CON           equ	4017	;# 
  2076   000FB2                     TMR3            equ	4018	;# 
  2077   000FB2                     TMR3L           equ	4018	;# 
  2078   000FB3                     TMR3H           equ	4019	;# 
  2079   000FB4                     CMCON           equ	4020	;# 
  2080   000FB5                     CVRCON          equ	4021	;# 
  2081   000FB6                     ECCP1AS         equ	4022	;# 
  2082   000FB7                     ECCP1DEL        equ	4023	;# 
  2083   000FB8                     BAUDCON         equ	4024	;# 
  2084   000FB8                     BAUDCTL         equ	4024	;# 
  2085   000FBA                     ECCP1CON        equ	4026	;# 
  2086   000FBB                     ECCPR1          equ	4027	;# 
  2087   000FBB                     ECCPR1L         equ	4027	;# 
  2088   000FBC                     ECCPR1H         equ	4028	;# 
  2089   000FBD                     CCP1CON         equ	4029	;# 
  2090   000FBE                     CCPR1           equ	4030	;# 
  2091   000FBE                     CCPR1L          equ	4030	;# 
  2092   000FBF                     CCPR1H          equ	4031	;# 
  2093   000FC0                     ADCON2          equ	4032	;# 
  2094   000FC1                     ADCON1          equ	4033	;# 
  2095   000FC2                     ADCON0          equ	4034	;# 
  2096   000FC3                     ADRES           equ	4035	;# 
  2097   000FC3                     ADRESL          equ	4035	;# 
  2098   000FC4                     ADRESH          equ	4036	;# 
  2099   000FC5                     SSPCON2         equ	4037	;# 
  2100   000FC6                     SSPCON1         equ	4038	;# 
  2101   000FC7                     SSPSTAT         equ	4039	;# 
  2102   000FC8                     SSPADD          equ	4040	;# 
  2103   000FC9                     SSPBUF          equ	4041	;# 
  2104   000FCA                     T2CON           equ	4042	;# 
  2105   000FCB                     PR2             equ	4043	;# 
  2106   000FCB                     MEMCON          equ	4043	;# 
  2107   000FCC                     TMR2            equ	4044	;# 
  2108   000FCD                     T1CON           equ	4045	;# 
  2109   000FCE                     TMR1            equ	4046	;# 
  2110   000FCE                     TMR1L           equ	4046	;# 
  2111   000FCF                     TMR1H           equ	4047	;# 
  2112   000FD0                     RCON            equ	4048	;# 
  2113   000FD1                     WDTCON          equ	4049	;# 
  2114   000FD2                     HLVDCON         equ	4050	;# 
  2115   000FD2                     LVDCON          equ	4050	;# 
  2116   000FD3                     OSCCON          equ	4051	;# 
  2117   000FD5                     T0CON           equ	4053	;# 
  2118   000FD6                     TMR0            equ	4054	;# 
  2119   000FD6                     TMR0L           equ	4054	;# 
  2120   000FD7                     TMR0H           equ	4055	;# 
  2121   000FD8                     STATUS          equ	4056	;# 
  2122   000FD9                     FSR2            equ	4057	;# 
  2123   000FD9                     FSR2L           equ	4057	;# 
  2124   000FDA                     FSR2H           equ	4058	;# 
  2125   000FDB                     PLUSW2          equ	4059	;# 
  2126   000FDC                     PREINC2         equ	4060	;# 
  2127   000FDD                     POSTDEC2        equ	4061	;# 
  2128   000FDE                     POSTINC2        equ	4062	;# 
  2129   000FDF                     INDF2           equ	4063	;# 
  2130   000FE0                     BSR             equ	4064	;# 
  2131   000FE1                     FSR1            equ	4065	;# 
  2132   000FE1                     FSR1L           equ	4065	;# 
  2133   000FE2                     FSR1H           equ	4066	;# 
  2134   000FE3                     PLUSW1          equ	4067	;# 
  2135   000FE4                     PREINC1         equ	4068	;# 
  2136   000FE5                     POSTDEC1        equ	4069	;# 
  2137   000FE6                     POSTINC1        equ	4070	;# 
  2138   000FE7                     INDF1           equ	4071	;# 
  2139   000FE8                     WREG            equ	4072	;# 
  2140   000FE9                     FSR0            equ	4073	;# 
  2141   000FE9                     FSR0L           equ	4073	;# 
  2142   000FEA                     FSR0H           equ	4074	;# 
  2143   000FEB                     PLUSW0          equ	4075	;# 
  2144   000FEC                     PREINC0         equ	4076	;# 
  2145   000FED                     POSTDEC0        equ	4077	;# 
  2146   000FEE                     POSTINC0        equ	4078	;# 
  2147   000FEF                     INDF0           equ	4079	;# 
  2148   000FF0                     INTCON3         equ	4080	;# 
  2149   000FF1                     INTCON2         equ	4081	;# 
  2150   000FF2                     INTCON          equ	4082	;# 
  2151   000FF3                     PROD            equ	4083	;# 
  2152   000FF3                     PRODL           equ	4083	;# 
  2153   000FF4                     PRODH           equ	4084	;# 
  2154   000FF5                     TABLAT          equ	4085	;# 
  2155   000FF6                     TBLPTR          equ	4086	;# 
  2156   000FF6                     TBLPTRL         equ	4086	;# 
  2157   000FF7                     TBLPTRH         equ	4087	;# 
  2158   000FF8                     TBLPTRU         equ	4088	;# 
  2159   000FF9                     PCLAT           equ	4089	;# 
  2160   000FF9                     PC              equ	4089	;# 
  2161   000FF9                     PCL             equ	4089	;# 
  2162   000FFA                     PCLATH          equ	4090	;# 
  2163   000FFB                     PCLATU          equ	4091	;# 
  2164   000FFC                     STKPTR          equ	4092	;# 
  2165   000FFD                     TOS             equ	4093	;# 
  2166   000FFD                     TOSL            equ	4093	;# 
  2167   000FFE                     TOSH            equ	4094	;# 
  2168   000FFF                     TOSU            equ	4095	;# 
  2169   000D60                     RXF6SIDH        equ	3424	;# 
  2170   000D61                     RXF6SIDL        equ	3425	;# 
  2171   000D62                     RXF6EIDH        equ	3426	;# 
  2172   000D63                     RXF6EIDL        equ	3427	;# 
  2173   000D64                     RXF7SIDH        equ	3428	;# 
  2174   000D65                     RXF7SIDL        equ	3429	;# 
  2175   000D66                     RXF7EIDH        equ	3430	;# 
  2176   000D67                     RXF7EIDL        equ	3431	;# 
  2177   000D68                     RXF8SIDH        equ	3432	;# 
  2178   000D69                     RXF8SIDL        equ	3433	;# 
  2179   000D6A                     RXF8EIDH        equ	3434	;# 
  2180   000D6B                     RXF8EIDL        equ	3435	;# 
  2181   000D70                     RXF9SIDH        equ	3440	;# 
  2182   000D71                     RXF9SIDL        equ	3441	;# 
  2183   000D72                     RXF9EIDH        equ	3442	;# 
  2184   000D73                     RXF9EIDL        equ	3443	;# 
  2185   000D74                     RXF10SIDH       equ	3444	;# 
  2186   000D75                     RXF10SIDL       equ	3445	;# 
  2187   000D76                     RXF10EIDH       equ	3446	;# 
  2188   000D77                     RXF10EIDL       equ	3447	;# 
  2189   000D78                     RXF11SIDH       equ	3448	;# 
  2190   000D79                     RXF11SIDL       equ	3449	;# 
  2191   000D7A                     RXF11EIDH       equ	3450	;# 
  2192   000D7B                     RXF11EIDL       equ	3451	;# 
  2193   000D80                     RXF12SIDH       equ	3456	;# 
  2194   000D81                     RXF12SIDL       equ	3457	;# 
  2195   000D82                     RXF12EIDH       equ	3458	;# 
  2196   000D83                     RXF12EIDL       equ	3459	;# 
  2197   000D84                     RXF13SIDH       equ	3460	;# 
  2198   000D85                     RXF13SIDL       equ	3461	;# 
  2199   000D86                     RXF13EIDH       equ	3462	;# 
  2200   000D87                     RXF13EIDL       equ	3463	;# 
  2201   000D88                     RXF14SIDH       equ	3464	;# 
  2202   000D89                     RXF14SIDL       equ	3465	;# 
  2203   000D8A                     RXF14EIDH       equ	3466	;# 
  2204   000D8B                     RXF14EIDL       equ	3467	;# 
  2205   000D90                     RXF15SIDH       equ	3472	;# 
  2206   000D91                     RXF15SIDL       equ	3473	;# 
  2207   000D92                     RXF15EIDH       equ	3474	;# 
  2208   000D93                     RXF15EIDL       equ	3475	;# 
  2209   000DD4                     RXFCON0         equ	3540	;# 
  2210   000DD5                     RXFCON1         equ	3541	;# 
  2211   000DD8                     SDFLC           equ	3544	;# 
  2212   000DE0                     RXFBCON0        equ	3552	;# 
  2213   000DE1                     RXFBCON1        equ	3553	;# 
  2214   000DE2                     RXFBCON2        equ	3554	;# 
  2215   000DE3                     RXFBCON3        equ	3555	;# 
  2216   000DE4                     RXFBCON4        equ	3556	;# 
  2217   000DE5                     RXFBCON5        equ	3557	;# 
  2218   000DE6                     RXFBCON6        equ	3558	;# 
  2219   000DE7                     RXFBCON7        equ	3559	;# 
  2220   000DF0                     MSEL0           equ	3568	;# 
  2221   000DF1                     MSEL1           equ	3569	;# 
  2222   000DF2                     MSEL2           equ	3570	;# 
  2223   000DF3                     MSEL3           equ	3571	;# 
  2224   000DF8                     BSEL0           equ	3576	;# 
  2225   000DFA                     BIE0            equ	3578	;# 
  2226   000DFC                     TXBIE           equ	3580	;# 
  2227   000E20                     B0CON           equ	3616	;# 
  2228   000E21                     B0SIDH          equ	3617	;# 
  2229   000E22                     B0SIDL          equ	3618	;# 
  2230   000E23                     B0EIDH          equ	3619	;# 
  2231   000E24                     B0EIDL          equ	3620	;# 
  2232   000E25                     B0DLC           equ	3621	;# 
  2233   000E26                     B0D0            equ	3622	;# 
  2234   000E27                     B0D1            equ	3623	;# 
  2235   000E28                     B0D2            equ	3624	;# 
  2236   000E29                     B0D3            equ	3625	;# 
  2237   000E2A                     B0D4            equ	3626	;# 
  2238   000E2B                     B0D5            equ	3627	;# 
  2239   000E2C                     B0D6            equ	3628	;# 
  2240   000E2D                     B0D7            equ	3629	;# 
  2241   000E2E                     CANSTAT_RO9     equ	3630	;# 
  2242   000E2F                     CANCON_RO9      equ	3631	;# 
  2243   000E30                     B1CON           equ	3632	;# 
  2244   000E31                     B1SIDH          equ	3633	;# 
  2245   000E32                     B1SIDL          equ	3634	;# 
  2246   000E33                     B1EIDH          equ	3635	;# 
  2247   000E34                     B1EIDL          equ	3636	;# 
  2248   000E35                     B1DLC           equ	3637	;# 
  2249   000E36                     B1D0            equ	3638	;# 
  2250   000E37                     B1D1            equ	3639	;# 
  2251   000E38                     B1D2            equ	3640	;# 
  2252   000E39                     B1D3            equ	3641	;# 
  2253   000E3A                     B1D4            equ	3642	;# 
  2254   000E3B                     B1D5            equ	3643	;# 
  2255   000E3C                     B1D6            equ	3644	;# 
  2256   000E3D                     B1D7            equ	3645	;# 
  2257   000E3E                     CANSTAT_RO8     equ	3646	;# 
  2258   000E3F                     CANCON_RO8      equ	3647	;# 
  2259   000E40                     B2CON           equ	3648	;# 
  2260   000E41                     B2SIDH          equ	3649	;# 
  2261   000E42                     B2SIDL          equ	3650	;# 
  2262   000E43                     B2EIDH          equ	3651	;# 
  2263   000E44                     B2EIDL          equ	3652	;# 
  2264   000E45                     B2DLC           equ	3653	;# 
  2265   000E46                     B2D0            equ	3654	;# 
  2266   000E47                     B2D1            equ	3655	;# 
  2267   000E48                     B2D2            equ	3656	;# 
  2268   000E49                     B2D3            equ	3657	;# 
  2269   000E4A                     B2D4            equ	3658	;# 
  2270   000E4B                     B2D5            equ	3659	;# 
  2271   000E4C                     B2D6            equ	3660	;# 
  2272   000E4D                     B2D7            equ	3661	;# 
  2273   000E4E                     CANSTAT_RO7     equ	3662	;# 
  2274   000E4F                     CANCON_RO7      equ	3663	;# 
  2275   000E50                     B3CON           equ	3664	;# 
  2276   000E51                     B3SIDH          equ	3665	;# 
  2277   000E52                     B3SIDL          equ	3666	;# 
  2278   000E53                     B3EIDH          equ	3667	;# 
  2279   000E54                     B3EIDL          equ	3668	;# 
  2280   000E55                     B3DLC           equ	3669	;# 
  2281   000E56                     B3D0            equ	3670	;# 
  2282   000E57                     B3D1            equ	3671	;# 
  2283   000E58                     B3D2            equ	3672	;# 
  2284   000E59                     B3D3            equ	3673	;# 
  2285   000E5A                     B3D4            equ	3674	;# 
  2286   000E5B                     B3D5            equ	3675	;# 
  2287   000E5C                     B3D6            equ	3676	;# 
  2288   000E5D                     B3D7            equ	3677	;# 
  2289   000E5E                     CANSTAT_RO6     equ	3678	;# 
  2290   000E5F                     CANCON_RO6      equ	3679	;# 
  2291   000E60                     B4CON           equ	3680	;# 
  2292   000E61                     B4SIDH          equ	3681	;# 
  2293   000E62                     B4SIDL          equ	3682	;# 
  2294   000E63                     B4EIDH          equ	3683	;# 
  2295   000E64                     B4EIDL          equ	3684	;# 
  2296   000E65                     B4DLC           equ	3685	;# 
  2297   000E66                     B4D0            equ	3686	;# 
  2298   000E67                     B4D1            equ	3687	;# 
  2299   000E68                     B4D2            equ	3688	;# 
  2300   000E69                     B4D3            equ	3689	;# 
  2301   000E6A                     B4D4            equ	3690	;# 
  2302   000E6B                     B4D5            equ	3691	;# 
  2303   000E6C                     B4D6            equ	3692	;# 
  2304   000E6D                     B4D7            equ	3693	;# 
  2305   000E6E                     CANSTAT_RO5     equ	3694	;# 
  2306   000E6F                     CANCON_RO5      equ	3695	;# 
  2307   000E70                     B5CON           equ	3696	;# 
  2308   000E71                     B5SIDH          equ	3697	;# 
  2309   000E72                     B5SIDL          equ	3698	;# 
  2310   000E73                     B5EIDH          equ	3699	;# 
  2311   000E74                     B5EIDL          equ	3700	;# 
  2312   000E75                     B5DLC           equ	3701	;# 
  2313   000E76                     B5D0            equ	3702	;# 
  2314   000E77                     B5D1            equ	3703	;# 
  2315   000E78                     B5D2            equ	3704	;# 
  2316   000E79                     B5D3            equ	3705	;# 
  2317   000E7A                     B5D4            equ	3706	;# 
  2318   000E7B                     B5D5            equ	3707	;# 
  2319   000E7C                     B5D6            equ	3708	;# 
  2320   000E7D                     B5D7            equ	3709	;# 
  2321   000E7E                     CANSTAT_RO4     equ	3710	;# 
  2322   000E7F                     CANCON_RO4      equ	3711	;# 
  2323   000F00                     RXF0SIDH        equ	3840	;# 
  2324   000F01                     RXF0SIDL        equ	3841	;# 
  2325   000F02                     RXF0EIDH        equ	3842	;# 
  2326   000F03                     RXF0EIDL        equ	3843	;# 
  2327   000F04                     RXF1SIDH        equ	3844	;# 
  2328   000F05                     RXF1SIDL        equ	3845	;# 
  2329   000F06                     RXF1EIDH        equ	3846	;# 
  2330   000F07                     RXF1EIDL        equ	3847	;# 
  2331   000F08                     RXF2SIDH        equ	3848	;# 
  2332   000F09                     RXF2SIDL        equ	3849	;# 
  2333   000F0A                     RXF2EIDH        equ	3850	;# 
  2334   000F0B                     RXF2EIDL        equ	3851	;# 
  2335   000F0C                     RXF3SIDH        equ	3852	;# 
  2336   000F0D                     RXF3SIDL        equ	3853	;# 
  2337   000F0E                     RXF3EIDH        equ	3854	;# 
  2338   000F0F                     RXF3EIDL        equ	3855	;# 
  2339   000F10                     RXF4SIDH        equ	3856	;# 
  2340   000F11                     RXF4SIDL        equ	3857	;# 
  2341   000F12                     RXF4EIDH        equ	3858	;# 
  2342   000F13                     RXF4EIDL        equ	3859	;# 
  2343   000F14                     RXF5SIDH        equ	3860	;# 
  2344   000F15                     RXF5SIDL        equ	3861	;# 
  2345   000F16                     RXF5EIDH        equ	3862	;# 
  2346   000F17                     RXF5EIDL        equ	3863	;# 
  2347   000F18                     RXM0SIDH        equ	3864	;# 
  2348   000F19                     RXM0SIDL        equ	3865	;# 
  2349   000F1A                     RXM0EIDH        equ	3866	;# 
  2350   000F1B                     RXM0EIDL        equ	3867	;# 
  2351   000F1C                     RXM1SIDH        equ	3868	;# 
  2352   000F1D                     RXM1SIDL        equ	3869	;# 
  2353   000F1E                     RXM1EIDH        equ	3870	;# 
  2354   000F1F                     RXM1EIDL        equ	3871	;# 
  2355   000F20                     TXB2CON         equ	3872	;# 
  2356   000F21                     TXB2SIDH        equ	3873	;# 
  2357   000F22                     TXB2SIDL        equ	3874	;# 
  2358   000F23                     TXB2EIDH        equ	3875	;# 
  2359   000F24                     TXB2EIDL        equ	3876	;# 
  2360   000F25                     TXB2DLC         equ	3877	;# 
  2361   000F26                     TXB2D0          equ	3878	;# 
  2362   000F27                     TXB2D1          equ	3879	;# 
  2363   000F28                     TXB2D2          equ	3880	;# 
  2364   000F29                     TXB2D3          equ	3881	;# 
  2365   000F2A                     TXB2D4          equ	3882	;# 
  2366   000F2B                     TXB2D5          equ	3883	;# 
  2367   000F2C                     TXB2D6          equ	3884	;# 
  2368   000F2D                     TXB2D7          equ	3885	;# 
  2369   000F2E                     CANSTAT_RO3     equ	3886	;# 
  2370   000F2F                     CANCON_RO3      equ	3887	;# 
  2371   000F30                     TXB1CON         equ	3888	;# 
  2372   000F31                     TXB1SIDH        equ	3889	;# 
  2373   000F32                     TXB1SIDL        equ	3890	;# 
  2374   000F33                     TXB1EIDH        equ	3891	;# 
  2375   000F34                     TXB1EIDL        equ	3892	;# 
  2376   000F35                     TXB1DLC         equ	3893	;# 
  2377   000F36                     TXB1D0          equ	3894	;# 
  2378   000F37                     TXB1D1          equ	3895	;# 
  2379   000F38                     TXB1D2          equ	3896	;# 
  2380   000F39                     TXB1D3          equ	3897	;# 
  2381   000F3A                     TXB1D4          equ	3898	;# 
  2382   000F3B                     TXB1D5          equ	3899	;# 
  2383   000F3C                     TXB1D6          equ	3900	;# 
  2384   000F3D                     TXB1D7          equ	3901	;# 
  2385   000F3E                     CANSTAT_RO2     equ	3902	;# 
  2386   000F3F                     CANCON_RO2      equ	3903	;# 
  2387   000F40                     TXB0CON         equ	3904	;# 
  2388   000F41                     TXB0SIDH        equ	3905	;# 
  2389   000F42                     TXB0SIDL        equ	3906	;# 
  2390   000F43                     TXB0EIDH        equ	3907	;# 
  2391   000F44                     TXB0EIDL        equ	3908	;# 
  2392   000F45                     TXB0DLC         equ	3909	;# 
  2393   000F46                     TXB0D0          equ	3910	;# 
  2394   000F47                     TXB0D1          equ	3911	;# 
  2395   000F48                     TXB0D2          equ	3912	;# 
  2396   000F49                     TXB0D3          equ	3913	;# 
  2397   000F4A                     TXB0D4          equ	3914	;# 
  2398   000F4B                     TXB0D5          equ	3915	;# 
  2399   000F4C                     TXB0D6          equ	3916	;# 
  2400   000F4D                     TXB0D7          equ	3917	;# 
  2401   000F4E                     CANSTAT_RO1     equ	3918	;# 
  2402   000F4F                     CANCON_RO1      equ	3919	;# 
  2403   000F50                     RXB1CON         equ	3920	;# 
  2404   000F51                     RXB1SIDH        equ	3921	;# 
  2405   000F52                     RXB1SIDL        equ	3922	;# 
  2406   000F53                     RXB1EIDH        equ	3923	;# 
  2407   000F54                     RXB1EIDL        equ	3924	;# 
  2408   000F55                     RXB1DLC         equ	3925	;# 
  2409   000F56                     RXB1D0          equ	3926	;# 
  2410   000F57                     RXB1D1          equ	3927	;# 
  2411   000F58                     RXB1D2          equ	3928	;# 
  2412   000F59                     RXB1D3          equ	3929	;# 
  2413   000F5A                     RXB1D4          equ	3930	;# 
  2414   000F5B                     RXB1D5          equ	3931	;# 
  2415   000F5C                     RXB1D6          equ	3932	;# 
  2416   000F5D                     RXB1D7          equ	3933	;# 
  2417   000F5E                     CANSTAT_RO0     equ	3934	;# 
  2418   000F5F                     CANCON_RO0      equ	3935	;# 
  2419   000F60                     RXB0CON         equ	3936	;# 
  2420   000F61                     RXB0SIDH        equ	3937	;# 
  2421   000F62                     RXB0SIDL        equ	3938	;# 
  2422   000F63                     RXB0EIDH        equ	3939	;# 
  2423   000F64                     RXB0EIDL        equ	3940	;# 
  2424   000F65                     RXB0DLC         equ	3941	;# 
  2425   000F66                     RXB0D0          equ	3942	;# 
  2426   000F67                     RXB0D1          equ	3943	;# 
  2427   000F68                     RXB0D2          equ	3944	;# 
  2428   000F69                     RXB0D3          equ	3945	;# 
  2429   000F6A                     RXB0D4          equ	3946	;# 
  2430   000F6B                     RXB0D5          equ	3947	;# 
  2431   000F6C                     RXB0D6          equ	3948	;# 
  2432   000F6D                     RXB0D7          equ	3949	;# 
  2433   000F6E                     CANSTAT         equ	3950	;# 
  2434   000F6F                     CANCON          equ	3951	;# 
  2435   000F70                     BRGCON1         equ	3952	;# 
  2436   000F71                     BRGCON2         equ	3953	;# 
  2437   000F72                     BRGCON3         equ	3954	;# 
  2438   000F73                     CIOCON          equ	3955	;# 
  2439   000F74                     COMSTAT         equ	3956	;# 
  2440   000F75                     RXERRCNT        equ	3957	;# 
  2441   000F76                     TXERRCNT        equ	3958	;# 
  2442   000F77                     ECANCON         equ	3959	;# 
  2443   000F80                     PORTA           equ	3968	;# 
  2444   000F81                     PORTB           equ	3969	;# 
  2445   000F82                     PORTC           equ	3970	;# 
  2446   000F83                     PORTD           equ	3971	;# 
  2447   000F84                     PORTE           equ	3972	;# 
  2448   000F89                     LATA            equ	3977	;# 
  2449   000F8A                     LATB            equ	3978	;# 
  2450   000F8B                     LATC            equ	3979	;# 
  2451   000F8C                     LATD            equ	3980	;# 
  2452   000F8D                     LATE            equ	3981	;# 
  2453   000F92                     TRISA           equ	3986	;# 
  2454   000F92                     DDRA            equ	3986	;# 
  2455   000F93                     TRISB           equ	3987	;# 
  2456   000F93                     DDRB            equ	3987	;# 
  2457   000F94                     TRISC           equ	3988	;# 
  2458   000F94                     DDRC            equ	3988	;# 
  2459   000F95                     TRISD           equ	3989	;# 
  2460   000F95                     DDRD            equ	3989	;# 
  2461   000F96                     TRISE           equ	3990	;# 
  2462   000F96                     DDRE            equ	3990	;# 
  2463   000F9B                     OSCTUNE         equ	3995	;# 
  2464   000F9D                     PIE1            equ	3997	;# 
  2465   000F9E                     PIR1            equ	3998	;# 
  2466   000F9F                     IPR1            equ	3999	;# 
  2467   000FA0                     PIE2            equ	4000	;# 
  2468   000FA1                     PIR2            equ	4001	;# 
  2469   000FA2                     IPR2            equ	4002	;# 
  2470   000FA3                     PIE3            equ	4003	;# 
  2471   000FA4                     PIR3            equ	4004	;# 
  2472   000FA5                     IPR3            equ	4005	;# 
  2473   000FA6                     EECON1          equ	4006	;# 
  2474   000FA7                     EECON2          equ	4007	;# 
  2475   000FA8                     EEDATA          equ	4008	;# 
  2476   000FA9                     EEADR           equ	4009	;# 
  2477   000FAB                     RCSTA           equ	4011	;# 
  2478   000FAB                     RCSTA1          equ	4011	;# 
  2479   000FAC                     TXSTA           equ	4012	;# 
  2480   000FAC                     TXSTA1          equ	4012	;# 
  2481   000FAD                     TXREG           equ	4013	;# 
  2482   000FAD                     TXREG1          equ	4013	;# 
  2483   000FAE                     RCREG           equ	4014	;# 
  2484   000FAE                     RCREG1          equ	4014	;# 
  2485   000FAF                     SPBRG           equ	4015	;# 
  2486   000FAF                     SPBRG1          equ	4015	;# 
  2487   000FB0                     SPBRGH          equ	4016	;# 
  2488   000FB1                     T3CON           equ	4017	;# 
  2489   000FB2                     TMR3            equ	4018	;# 
  2490   000FB2                     TMR3L           equ	4018	;# 
  2491   000FB3                     TMR3H           equ	4019	;# 
  2492   000FB4                     CMCON           equ	4020	;# 
  2493   000FB5                     CVRCON          equ	4021	;# 
  2494   000FB6                     ECCP1AS         equ	4022	;# 
  2495   000FB7                     ECCP1DEL        equ	4023	;# 
  2496   000FB8                     BAUDCON         equ	4024	;# 
  2497   000FB8                     BAUDCTL         equ	4024	;# 
  2498   000FBA                     ECCP1CON        equ	4026	;# 
  2499   000FBB                     ECCPR1          equ	4027	;# 
  2500   000FBB                     ECCPR1L         equ	4027	;# 
  2501   000FBC                     ECCPR1H         equ	4028	;# 
  2502   000FBD                     CCP1CON         equ	4029	;# 
  2503   000FBE                     CCPR1           equ	4030	;# 
  2504   000FBE                     CCPR1L          equ	4030	;# 
  2505   000FBF                     CCPR1H          equ	4031	;# 
  2506   000FC0                     ADCON2          equ	4032	;# 
  2507   000FC1                     ADCON1          equ	4033	;# 
  2508   000FC2                     ADCON0          equ	4034	;# 
  2509   000FC3                     ADRES           equ	4035	;# 
  2510   000FC3                     ADRESL          equ	4035	;# 
  2511   000FC4                     ADRESH          equ	4036	;# 
  2512   000FC5                     SSPCON2         equ	4037	;# 
  2513   000FC6                     SSPCON1         equ	4038	;# 
  2514   000FC7                     SSPSTAT         equ	4039	;# 
  2515   000FC8                     SSPADD          equ	4040	;# 
  2516   000FC9                     SSPBUF          equ	4041	;# 
  2517   000FCA                     T2CON           equ	4042	;# 
  2518   000FCB                     PR2             equ	4043	;# 
  2519   000FCB                     MEMCON          equ	4043	;# 
  2520   000FCC                     TMR2            equ	4044	;# 
  2521   000FCD                     T1CON           equ	4045	;# 
  2522   000FCE                     TMR1            equ	4046	;# 
  2523   000FCE                     TMR1L           equ	4046	;# 
  2524   000FCF                     TMR1H           equ	4047	;# 
  2525   000FD0                     RCON            equ	4048	;# 
  2526   000FD1                     WDTCON          equ	4049	;# 
  2527   000FD2                     HLVDCON         equ	4050	;# 
  2528   000FD2                     LVDCON          equ	4050	;# 
  2529   000FD3                     OSCCON          equ	4051	;# 
  2530   000FD5                     T0CON           equ	4053	;# 
  2531   000FD6                     TMR0            equ	4054	;# 
  2532   000FD6                     TMR0L           equ	4054	;# 
  2533   000FD7                     TMR0H           equ	4055	;# 
  2534   000FD8                     STATUS          equ	4056	;# 
  2535   000FD9                     FSR2            equ	4057	;# 
  2536   000FD9                     FSR2L           equ	4057	;# 
  2537   000FDA                     FSR2H           equ	4058	;# 
  2538   000FDB                     PLUSW2          equ	4059	;# 
  2539   000FDC                     PREINC2         equ	4060	;# 
  2540   000FDD                     POSTDEC2        equ	4061	;# 
  2541   000FDE                     POSTINC2        equ	4062	;# 
  2542   000FDF                     INDF2           equ	4063	;# 
  2543   000FE0                     BSR             equ	4064	;# 
  2544   000FE1                     FSR1            equ	4065	;# 
  2545   000FE1                     FSR1L           equ	4065	;# 
  2546   000FE2                     FSR1H           equ	4066	;# 
  2547   000FE3                     PLUSW1          equ	4067	;# 
  2548   000FE4                     PREINC1         equ	4068	;# 
  2549   000FE5                     POSTDEC1        equ	4069	;# 
  2550   000FE6                     POSTINC1        equ	4070	;# 
  2551   000FE7                     INDF1           equ	4071	;# 
  2552   000FE8                     WREG            equ	4072	;# 
  2553   000FE9                     FSR0            equ	4073	;# 
  2554   000FE9                     FSR0L           equ	4073	;# 
  2555   000FEA                     FSR0H           equ	4074	;# 
  2556   000FEB                     PLUSW0          equ	4075	;# 
  2557   000FEC                     PREINC0         equ	4076	;# 
  2558   000FED                     POSTDEC0        equ	4077	;# 
  2559   000FEE                     POSTINC0        equ	4078	;# 
  2560   000FEF                     INDF0           equ	4079	;# 
  2561   000FF0                     INTCON3         equ	4080	;# 
  2562   000FF1                     INTCON2         equ	4081	;# 
  2563   000FF2                     INTCON          equ	4082	;# 
  2564   000FF3                     PROD            equ	4083	;# 
  2565   000FF3                     PRODL           equ	4083	;# 
  2566   000FF4                     PRODH           equ	4084	;# 
  2567   000FF5                     TABLAT          equ	4085	;# 
  2568   000FF6                     TBLPTR          equ	4086	;# 
  2569   000FF6                     TBLPTRL         equ	4086	;# 
  2570   000FF7                     TBLPTRH         equ	4087	;# 
  2571   000FF8                     TBLPTRU         equ	4088	;# 
  2572   000FF9                     PCLAT           equ	4089	;# 
  2573   000FF9                     PC              equ	4089	;# 
  2574   000FF9                     PCL             equ	4089	;# 
  2575   000FFA                     PCLATH          equ	4090	;# 
  2576   000FFB                     PCLATU          equ	4091	;# 
  2577   000FFC                     STKPTR          equ	4092	;# 
  2578   000FFD                     TOS             equ	4093	;# 
  2579   000FFD                     TOSL            equ	4093	;# 
  2580   000FFE                     TOSH            equ	4094	;# 
  2581   000FFF                     TOSU            equ	4095	;# 
  2582                           
  2583                           	psect	idataCOMRAM
  2584   002B0F                     __pidataCOMRAM:
  2585                           	callstack 0
  2586                           
  2587                           ;initializer for _ind_arr
  2588   002B0F  D9                 	db	low STR_5
  2589   002B10  2F                 	db	high STR_5
  2590   002B11  DE                 	db	low STR_6
  2591   002B12  2F                 	db	high STR_6
  2592   002B13  E3                 	db	low STR_7
  2593   002B14  2F                 	db	high STR_7
  2594   002B15  E8                 	db	low STR_8
  2595   002B16  2F                 	db	high STR_8
  2596                           
  2597                           ;initializer for _ind
  2598   002B17  03                 	db	3
  2599   000DD4                     _RXFCON0        set	3540
  2600   000F45                     _TXB0DLC        set	3909
  2601   000F44                     _TXB0EIDL       set	3908
  2602   000F43                     _TXB0EIDH       set	3907
  2603   000F41                     _TXB0SIDH       set	3905
  2604   000F42                     _TXB0SIDL       set	3906
  2605   000F46                     _TXB0D0         set	3910
  2606   007A03                     _TXB0REQ        set	31235
  2607   000FD6                     _TMR0           set	4054
  2608   000FAE                     _RCREG          set	4014
  2609   000FAD                     _TXREG          set	4013
  2610   000FAF                     _SPBRG          set	4015
  2611   000F94                     _TRISC          set	3988
  2612   000F95                     _TRISD          set	3989
  2613   000F83                     _PORTD          set	3971
  2614   000F65                     _RXB0DLC        set	3941
  2615   000F61                     _RXB0SIDH       set	3937
  2616   000F62                     _RXB0SIDL       set	3938
  2617   000F60                     _RXB0CONbits    set	3936
  2618   000F60                     _RXB0CON        set	3936
  2619   000F72                     _BRGCON3        set	3954
  2620   000F71                     _BRGCON2        set	3953
  2621   000F70                     _BRGCON1        set	3952
  2622   000F77                     _ECANCON        set	3959
  2623   000F6E                     _CANSTAT        set	3950
  2624   000F6F                     _CANCON         set	3951
  2625   000F81                     _PORTB          set	3969
  2626   000F93                     _TRISB          set	3987
  2627   000F66                     _RXB0D0         set	3942
  2628   007CF5                     _RCIF           set	31989
  2629   007CF4                     _TXIF           set	31988
  2630   007DC3                     _BRG16          set	32195
  2631   007D5C                     _CREN           set	32092
  2632   007D5E                     _RX9            set	32094
  2633   007D5F                     _SPEN           set	32095
  2634   007D62                     _BRGH           set	32098
  2635   007D63                     _SENDB          set	32099
  2636   007D64                     _SYNC           set	32100
  2637   007D65                     _TXEN           set	32101
  2638   007D66                     _TX9            set	32102
  2639   007CA6                     _TRISC6         set	31910
  2640   007CA7                     _TRISC7         set	31911
  2641   007F95                     _TMR0IE         set	32661
  2642   007F92                     _TMR0IF         set	32658
  2643   007EAB                     _PSA            set	32427
  2644   007EAF                     _TMR0ON         set	32431
  2645   007EAD                     _T0CS           set	32429
  2646   007EAE                     _T08BIT         set	32430
  2647   007C1F                     _RD7            set	31775
  2648   007C10                     _RC0            set	31760
  2649   007CAF                     _TRISD7         set	31919
  2650   007C12                     _RC2            set	31762
  2651   007C11                     _RC1            set	31761
  2652   007D20                     _RXB0IF         set	32032
  2653   007B07                     _RXB0FUL        set	31495
  2654   007C9B                     _TRISB3         set	31899
  2655   007C9A                     _TRISB2         set	31898
  2656   007F97                     _GIE            set	32663
  2657   007F96                     _PEIE           set	32662
  2658                           
  2659                           	psect	mediumconst
  2660   002FD8                     __pmediumconst:
  2661                           	callstack 0
  2662   002FD8  00                 	db	0
  2663   002FD9                     STR_5:
  2664   002FD9  3C                 	db	60	;'<'
  2665   002FDA  2D                 	db	45
  2666   002FDB  2D                 	db	45
  2667   002FDC  20                 	db	32
  2668   002FDD  00                 	db	0
  2669   002FDE                     STR_6:
  2670   002FDE  2D                 	db	45
  2671   002FDF  2D                 	db	45
  2672   002FE0  3E                 	db	62	;'>'
  2673   002FE1  20                 	db	32
  2674   002FE2  00                 	db	0
  2675   002FE3                     STR_7:
  2676   002FE3  3C                 	db	60	;'<'
  2677   002FE4  2D                 	db	45
  2678   002FE5  3E                 	db	62	;'>'
  2679   002FE6  20                 	db	32
  2680   002FE7  00                 	db	0
  2681   002FE8                     STR_8:
  2682   002FE8  4F                 	db	79	;'O'
  2683   002FE9  46                 	db	70	;'F'
  2684   002FEA  46                 	db	70	;'F'
  2685   002FEB  20                 	db	32
  2686   002FEC  00                 	db	0
  2687   002FED                     STR_4:
  2688   002FED  49                 	db	73	;'I'
  2689   002FEE  4E                 	db	78	;'N'
  2690   002FEF  44                 	db	68	;'D'
  2691   002FF0  00                 	db	0
  2692   002FF1                     STR_3:
  2693   002FF1  52                 	db	82	;'R'
  2694   002FF2  50                 	db	80	;'P'
  2695   002FF3  4D                 	db	77	;'M'
  2696   002FF4  00                 	db	0
  2697   002FF5                     STR_1:
  2698   002FF5  53                 	db	83	;'S'
  2699   002FF6  50                 	db	80	;'P'
  2700   002FF7  00                 	db	0
  2701   002FF8                     STR_2:
  2702   002FF8  47                 	db	71	;'G'
  2703   002FF9  00                 	db	0
  2704   002FFA  00                 	db	0	; dummy byte at the end
  2705   002FD8                     __smallconst    set	__pmediumconst
  2706   002FD8                     __mediumconst   set	__pmediumconst
  2707   000002                     __activetblptr  equ	2
  2708                           
  2709                           ; #config settings
  2710                           
  2711                           	psect	cinit
  2712   002B78                     __pcinit:
  2713                           	callstack 0
  2714   002B78                     start_initialization:
  2715                           	callstack 0
  2716   002B78                     __initialization:
  2717                           	callstack 0
  2718                           
  2719                           ; Initialize objects allocated to COMRAM (9 bytes)
  2720                           ; load TBLPTR registers with __pidataCOMRAM
  2721   002B78  0E0F               	movlw	low __pidataCOMRAM
  2722   002B7A  6EF6               	movwf	tblptrl,c
  2723   002B7C  0E2B               	movlw	high __pidataCOMRAM
  2724   002B7E  6EF7               	movwf	tblptrh,c
  2725   002B80  0E00               	movlw	low (__pidataCOMRAM shr (0+16))
  2726   002B82  6EF8               	movwf	tblptru,c
  2727   002B84  EE00  F023         	lfsr	0,__pdataCOMRAM
  2728   002B88  EE10 F009          	lfsr	1,9
  2729   002B8C                     copy_data0:
  2730   002B8C  0009               	tblrd		*+
  2731   002B8E  CFF5 FFEE          	movff	tablat,postinc0
  2732   002B92  50E5               	movf	postdec1,w,c
  2733   002B94  50E1               	movf	fsr1l,w,c
  2734   002B96  E1FA               	bnz	copy_data0
  2735                           
  2736                           ; Clear objects allocated to COMRAM (3 bytes)
  2737   002B98  6A2E               	clrf	(__pbssCOMRAM+2)& (0+255),c
  2738   002B9A  6A2D               	clrf	(__pbssCOMRAM+1)& (0+255),c
  2739   002B9C  6A2C               	clrf	__pbssCOMRAM& (0+255),c
  2740   002B9E                     end_of_initialization:
  2741                           	callstack 0
  2742   002B9E                     __end_of__initialization:
  2743                           	callstack 0
  2744   002B9E  0E00               	movlw	low (__Lmediumconst shr (0+16))
  2745   002BA0  6EF8               	movwf	tblptru,c
  2746   002BA2  0100               	movlb	0
  2747   002BA4  EFE2  F016         	goto	_main	;jump to C main() function
  2748                           
  2749                           	psect	bssCOMRAM
  2750   00002C                     __pbssCOMRAM:
  2751                           	callstack 0
  2752   00002C                     indicator_blink@flag:
  2753                           	callstack 0
  2754   00002C                     	ds	1
  2755   00002D                     _status:
  2756                           	callstack 0
  2757   00002D                     	ds	1
  2758   00002E                     _led_state:
  2759                           	callstack 0
  2760   00002E                     	ds	1
  2761                           
  2762                           	psect	dataCOMRAM
  2763   000023                     __pdataCOMRAM:
  2764                           	callstack 0
  2765   000023                     _ind_arr:
  2766                           	callstack 0
  2767   000023                     	ds	8
  2768   00002B                     _ind:
  2769                           	callstack 0
  2770   00002B                     	ds	1
  2771                           
  2772                           	psect	cstackCOMRAM
  2773   000001                     __pcstackCOMRAM:
  2774                           	callstack 0
  2775   000001                     ?_get_msg_id_std:
  2776                           	callstack 0
  2777   000001                     clcd_write@control_bit:
  2778                           	callstack 0
  2779   000001                     
  2780                           ; 1 bytes @ 0x0
  2781   000001                     	ds	1
  2782   000002                     clcd_write@byte:
  2783                           	callstack 0
  2784   000002                     
  2785                           ; 1 bytes @ 0x1
  2786   000002                     	ds	1
  2787   000003                     clcd_print@data:
  2788                           	callstack 0
  2789   000003                     ??_get_msg_id_std:
  2790                           
  2791                           ; 1 bytes @ 0x2
  2792   000003                     	ds	2
  2793   000005                     clcd_print@addr:
  2794                           	callstack 0
  2795                           
  2796                           ; 1 bytes @ 0x4
  2797   000005                     	ds	1
  2798   000006                     handle_speed_data@data:
  2799                           	callstack 0
  2800   000006                     handle_gear_data@data:
  2801                           	callstack 0
  2802   000006                     handle_rpm_data@data:
  2803                           	callstack 0
  2804   000006                     handle_indicator_data@data:
  2805                           	callstack 0
  2806   000006                     
  2807                           ; 1 bytes @ 0x5
  2808   000006                     	ds	1
  2809   000007                     handle_speed_data@len:
  2810                           	callstack 0
  2811   000007                     handle_gear_data@len:
  2812                           	callstack 0
  2813   000007                     handle_rpm_data@len:
  2814                           	callstack 0
  2815   000007                     handle_indicator_data@len:
  2816                           	callstack 0
  2817   000007                     get_msg_id_std@id:
  2818                           	callstack 0
  2819                           
  2820                           ; 2 bytes @ 0x6
  2821   000007                     	ds	1
  2822   000008                     
  2823                           ; 1 bytes @ 0x7
  2824   000008                     	ds	1
  2825   000009                     can_receive@msg_id:
  2826                           	callstack 0
  2827                           
  2828                           ; 1 bytes @ 0x8
  2829   000009                     	ds	1
  2830   00000A                     can_receive@data:
  2831                           	callstack 0
  2832                           
  2833                           ; 1 bytes @ 0x9
  2834   00000A                     	ds	1
  2835   00000B                     can_receive@len:
  2836                           	callstack 0
  2837                           
  2838                           ; 1 bytes @ 0xA
  2839   00000B                     	ds	1
  2840   00000C                     ??_can_receive:
  2841                           
  2842                           ; 1 bytes @ 0xB
  2843   00000C                     	ds	3
  2844   00000F                     can_receive@ptr:
  2845                           	callstack 0
  2846                           
  2847                           ; 2 bytes @ 0xE
  2848   00000F                     	ds	2
  2849   000011                     can_receive@i:
  2850                           	callstack 0
  2851                           
  2852                           ; 2 bytes @ 0x10
  2853   000011                     	ds	2
  2854   000013                     process_canbus_data@data:
  2855                           	callstack 0
  2856   000013                     
  2857                           ; 1 bytes @ 0x12
  2858   000013                     	ds	9
  2859   00001C                     process_canbus_data@msg_id:
  2860                           	callstack 0
  2861                           
  2862                           ; 2 bytes @ 0x1B
  2863   00001C                     	ds	2
  2864   00001E                     process_canbus_data@len:
  2865                           	callstack 0
  2866                           
  2867                           ; 1 bytes @ 0x1D
  2868   00001E                     	ds	1
  2869   00001F                     main@delay:
  2870                           	callstack 0
  2871   00001F                     
  2872                           ; 1 bytes @ 0x1E
  2873   00001F                     	ds	4
  2874                           
  2875 ;;
  2876 ;;Main: autosize = 0, tempsize = 0, incstack = 0, save=0
  2877 ;;
  2878 ;; *************** function _main *****************
  2879 ;; Defined at:
  2880 ;;		line 26 in file "main.c"
  2881 ;; Parameters:    Size  Location     Type
  2882 ;;		None
  2883 ;; Auto vars:     Size  Location     Type
  2884 ;;  delay           4   30[COMRAM] unsigned long 
  2885 ;; Return value:  Size  Location     Type
  2886 ;;                  1    wreg      void 
  2887 ;; Registers used:
  2888 ;;		wreg, fsr0l, fsr0h, fsr1l, fsr1h, fsr2l, fsr2h, status,2, status,0, tblptrl, tblptrh, tblptru, prodl, prodh, cstack
  2889 ;; Tracked objects:
  2890 ;;		On entry : 0/0
  2891 ;;		On exit  : 0/0
  2892 ;;		Unchanged: 0/0
  2893 ;; Data sizes:     COMRAM   BANK0   BANK1   BANK2   BANK3   BANK4   BANK5
  2894 ;;      Params:         0       0       0       0       0       0       0
  2895 ;;      Locals:         4       0       0       0       0       0       0
  2896 ;;      Temps:          0       0       0       0       0       0       0
  2897 ;;      Totals:         4       0       0       0       0       0       0
  2898 ;;Total ram usage:        4 bytes
  2899 ;; Hardware stack levels required when called: 3
  2900 ;; This function calls:
  2901 ;;		_clcd_print
  2902 ;;		_indicator_blink
  2903 ;;		_init_config
  2904 ;;		_process_canbus_data
  2905 ;; This function is called by:
  2906 ;;		Startup code after reset
  2907 ;; This function uses a non-reentrant model
  2908 ;;
  2909                           
  2910                           	psect	text0
  2911   002DC4                     __ptext0:
  2912                           	callstack 0
  2913   002DC4                     _main:
  2914                           	callstack 28
  2915   002DC4                     
  2916                           ;main.c: 28:     unsigned long int delay = 0;
  2917   002DC4  0E00               	movlw	0
  2918   002DC6  6E1F               	movwf	main@delay^0,c
  2919   002DC8  0E00               	movlw	0
  2920   002DCA  6E20               	movwf	(main@delay+1)^0,c
  2921   002DCC  0E00               	movlw	0
  2922   002DCE  6E21               	movwf	(main@delay+2)^0,c
  2923   002DD0  0E00               	movlw	0
  2924   002DD2  6E22               	movwf	(main@delay+3)^0,c
  2925   002DD4                     
  2926                           ;main.c: 29:     init_config();
  2927   002DD4  EC8C  F015         	call	_init_config	;wreg free
  2928   002DD8                     l1432:
  2929                           
  2930                           ;main.c: 32:     {;main.c: 33:         process_canbus_data();
  2931   002DD8  EC30  F017         	call	_process_canbus_data	;wreg free
  2932   002DDC                     
  2933                           ;main.c: 34:         clcd_print("SP",(0x80 + (0)));
  2934   002DDC  0EF5               	movlw	low STR_1
  2935   002DDE  6E03               	movwf	clcd_print@data^0,c
  2936   002DE0  0E2F               	movlw	high STR_1
  2937   002DE2  6E04               	movwf	(clcd_print@data+1)^0,c
  2938   002DE4  0E80               	movlw	128
  2939   002DE6  6E05               	movwf	clcd_print@addr^0,c
  2940   002DE8  EC62  F016         	call	_clcd_print	;wreg free
  2941   002DEC                     
  2942                           ;main.c: 35:         clcd_print("G",(0x80 + (3)));
  2943   002DEC  0EF8               	movlw	low STR_2
  2944   002DEE  6E03               	movwf	clcd_print@data^0,c
  2945   002DF0  0E2F               	movlw	high STR_2
  2946   002DF2  6E04               	movwf	(clcd_print@data+1)^0,c
  2947   002DF4  0E83               	movlw	131
  2948   002DF6  6E05               	movwf	clcd_print@addr^0,c
  2949   002DF8  EC62  F016         	call	_clcd_print	;wreg free
  2950   002DFC                     
  2951                           ;main.c: 36:         clcd_print("RPM",(0x80 + (6)));
  2952   002DFC  0EF1               	movlw	low STR_3
  2953   002DFE  6E03               	movwf	clcd_print@data^0,c
  2954   002E00  0E2F               	movlw	high STR_3
  2955   002E02  6E04               	movwf	(clcd_print@data+1)^0,c
  2956   002E04  0E86               	movlw	134
  2957   002E06  6E05               	movwf	clcd_print@addr^0,c
  2958   002E08  EC62  F016         	call	_clcd_print	;wreg free
  2959   002E0C                     
  2960                           ;main.c: 37:         clcd_print("IND",(0x80 + (11)));
  2961   002E0C  0EED               	movlw	low STR_4
  2962   002E0E  6E03               	movwf	clcd_print@data^0,c
  2963   002E10  0E2F               	movlw	high STR_4
  2964   002E12  6E04               	movwf	(clcd_print@data+1)^0,c
  2965   002E14  0E8B               	movlw	139
  2966   002E16  6E05               	movwf	clcd_print@addr^0,c
  2967   002E18  EC62  F016         	call	_clcd_print	;wreg free
  2968   002E1C                     
  2969                           ;main.c: 38:         if(delay++ ==1000){
  2970   002E1C  0E01               	movlw	1
  2971   002E1E  261F               	addwf	main@delay^0,f,c
  2972   002E20  0E00               	movlw	0
  2973   002E22  2220               	addwfc	(main@delay+1)^0,f,c
  2974   002E24  2221               	addwfc	(main@delay+2)^0,f,c
  2975   002E26  2222               	addwfc	(main@delay+3)^0,f,c
  2976   002E28  0EE9               	movlw	233
  2977   002E2A  181F               	xorwf	main@delay^0,w,c
  2978   002E2C  E109               	bnz	u431
  2979   002E2E  0E03               	movlw	3
  2980   002E30  1820               	xorwf	(main@delay+1)^0,w,c
  2981   002E32  1021               	iorwf	(main@delay+2)^0,w,c
  2982   002E34  1022               	iorwf	(main@delay+3)^0,w,c
  2983   002E36  A4D8               	btfss	status,2,c
  2984   002E38  EF20  F017         	goto	u431
  2985   002E3C  EF22  F017         	goto	u430
  2986   002E40                     u431:
  2987   002E40  EFEC  F016         	goto	l1432
  2988   002E44                     u430:
  2989   002E44                     
  2990                           ;main.c: 39:             delay = 0;
  2991   002E44  0E00               	movlw	0
  2992   002E46  6E1F               	movwf	main@delay^0,c
  2993   002E48  0E00               	movlw	0
  2994   002E4A  6E20               	movwf	(main@delay+1)^0,c
  2995   002E4C  0E00               	movlw	0
  2996   002E4E  6E21               	movwf	(main@delay+2)^0,c
  2997   002E50  0E00               	movlw	0
  2998   002E52  6E22               	movwf	(main@delay+3)^0,c
  2999   002E54                     
  3000                           ;main.c: 40:         indicator_blink();
  3001   002E54  EC81  F017         	call	_indicator_blink	;wreg free
  3002   002E58  EFEC  F016         	goto	l1432
  3003   002E5C  EFFE  F017         	goto	start
  3004   002E60                     __end_of_main:
  3005                           	callstack 0
  3006                           
  3007 ;; *************** function _process_canbus_data *****************
  3008 ;; Defined at:
  3009 ;;		line 137 in file "message_handler.c"
  3010 ;; Parameters:    Size  Location     Type
  3011 ;;		None
  3012 ;; Auto vars:     Size  Location     Type
  3013 ;;  data            9   18[COMRAM] unsigned char [9]
  3014 ;;  msg_id          2   27[COMRAM] unsigned short 
  3015 ;;  len             1   29[COMRAM] unsigned char 
  3016 ;; Return value:  Size  Location     Type
  3017 ;;                  1    wreg      void 
  3018 ;; Registers used:
  3019 ;;		wreg, fsr0l, fsr0h, fsr1l, fsr1h, fsr2l, fsr2h, status,2, status,0, tblptrl, tblptrh, tblptru, prodl, prodh, cstack
  3020 ;; Tracked objects:
  3021 ;;		On entry : 0/0
  3022 ;;		On exit  : 0/0
  3023 ;;		Unchanged: 0/0
  3024 ;; Data sizes:     COMRAM   BANK0   BANK1   BANK2   BANK3   BANK4   BANK5
  3025 ;;      Params:         0       0       0       0       0       0       0
  3026 ;;      Locals:        12       0       0       0       0       0       0
  3027 ;;      Temps:          0       0       0       0       0       0       0
  3028 ;;      Totals:        12       0       0       0       0       0       0
  3029 ;;Total ram usage:       12 bytes
  3030 ;; Hardware stack levels used: 1
  3031 ;; Hardware stack levels required when called: 2
  3032 ;; This function calls:
  3033 ;;		_can_receive
  3034 ;;		_handle_gear_data
  3035 ;;		_handle_indicator_data
  3036 ;;		_handle_rpm_data
  3037 ;;		_handle_speed_data
  3038 ;; This function is called by:
  3039 ;;		_main
  3040 ;; This function uses a non-reentrant model
  3041 ;;
  3042                           
  3043                           	psect	text1
  3044   002E60                     __ptext1:
  3045                           	callstack 0
  3046   002E60                     _process_canbus_data:
  3047                           	callstack 28
  3048   002E60                     
  3049                           ;message_handler.c: 139:     uint16_t msg_id;;message_handler.c: 140:     uint8_t data[9
      +                          ];;message_handler.c: 141:     uint8_t len;;message_handler.c: 144:     can_receive(&msg
      +                          _id, data, &len);
  3050   002E60  0E1C               	movlw	low process_canbus_data@msg_id
  3051   002E62  6E09               	movwf	can_receive@msg_id^0,c
  3052   002E64  0E13               	movlw	low process_canbus_data@data
  3053   002E66  6E0A               	movwf	can_receive@data^0,c
  3054   002E68  0E1E               	movlw	low process_canbus_data@len
  3055   002E6A  6E0B               	movwf	can_receive@len^0,c
  3056   002E6C  EC98  F016         	call	_can_receive	;wreg free
  3057   002E70                     
  3058                           ;message_handler.c: 147:     if (len != 0)
  3059   002E70  501E               	movf	process_canbus_data@len^0,w,c
  3060   002E72  B4D8               	btfsc	status,2,c
  3061   002E74  EF3E  F017         	goto	u381
  3062   002E78  EF40  F017         	goto	u380
  3063   002E7C                     u381:
  3064   002E7C  EF80  F017         	goto	l1426
  3065   002E80                     u380:
  3066   002E80                     
  3067                           ;message_handler.c: 148:     {;message_handler.c: 149:         if (msg_id == 0x10)
  3068   002E80  0E10               	movlw	16
  3069   002E82  181C               	xorwf	process_canbus_data@msg_id^0,w,c
  3070   002E84  101D               	iorwf	(process_canbus_data@msg_id+1)^0,w,c
  3071   002E86  A4D8               	btfss	status,2,c
  3072   002E88  EF48  F017         	goto	u391
  3073   002E8C  EF4A  F017         	goto	u390
  3074   002E90                     u391:
  3075   002E90  EF50  F017         	goto	l1414
  3076   002E94                     u390:
  3077   002E94                     
  3078                           ;message_handler.c: 150:             handle_speed_data(data, len);
  3079   002E94  0E13               	movlw	low process_canbus_data@data
  3080   002E96  6E06               	movwf	handle_speed_data@data^0,c
  3081   002E98  C01E  F007         	movff	process_canbus_data@len,handle_speed_data@len
  3082   002E9C  ECAF  F015         	call	_handle_speed_data	;wreg free
  3083   002EA0                     l1414:
  3084                           
  3085                           ;message_handler.c: 152:         if (msg_id == 0x20)
  3086   002EA0  0E20               	movlw	32
  3087   002EA2  181C               	xorwf	process_canbus_data@msg_id^0,w,c
  3088   002EA4  101D               	iorwf	(process_canbus_data@msg_id+1)^0,w,c
  3089   002EA6  A4D8               	btfss	status,2,c
  3090   002EA8  EF58  F017         	goto	u401
  3091   002EAC  EF5A  F017         	goto	u400
  3092   002EB0                     u401:
  3093   002EB0  EF60  F017         	goto	l1418
  3094   002EB4                     u400:
  3095   002EB4                     
  3096                           ;message_handler.c: 153:             handle_gear_data(data, len);
  3097   002EB4  0E13               	movlw	low process_canbus_data@data
  3098   002EB6  6E06               	movwf	handle_gear_data@data^0,c
  3099   002EB8  C01E  F007         	movff	process_canbus_data@len,handle_gear_data@len
  3100   002EBC  EC95  F015         	call	_handle_gear_data	;wreg free
  3101   002EC0                     l1418:
  3102                           
  3103                           ;message_handler.c: 155:         if (msg_id == 0x30)
  3104   002EC0  0E30               	movlw	48
  3105   002EC2  181C               	xorwf	process_canbus_data@msg_id^0,w,c
  3106   002EC4  101D               	iorwf	(process_canbus_data@msg_id+1)^0,w,c
  3107   002EC6  A4D8               	btfss	status,2,c
  3108   002EC8  EF68  F017         	goto	u411
  3109   002ECC  EF6A  F017         	goto	u410
  3110   002ED0                     u411:
  3111   002ED0  EF70  F017         	goto	l1422
  3112   002ED4                     u410:
  3113   002ED4                     
  3114                           ;message_handler.c: 156:             handle_rpm_data(data, len);
  3115   002ED4  0E13               	movlw	low process_canbus_data@data
  3116   002ED6  6E06               	movwf	handle_rpm_data@data^0,c
  3117   002ED8  C01E  F007         	movff	process_canbus_data@len,handle_rpm_data@len
  3118   002EDC  ECA2  F015         	call	_handle_rpm_data	;wreg free
  3119   002EE0                     l1422:
  3120                           
  3121                           ;message_handler.c: 158:         if (msg_id == 0x50)
  3122   002EE0  0E50               	movlw	80
  3123   002EE2  181C               	xorwf	process_canbus_data@msg_id^0,w,c
  3124   002EE4  101D               	iorwf	(process_canbus_data@msg_id+1)^0,w,c
  3125   002EE6  A4D8               	btfss	status,2,c
  3126   002EE8  EF78  F017         	goto	u421
  3127   002EEC  EF7A  F017         	goto	u420
  3128   002EF0                     u421:
  3129   002EF0  EF80  F017         	goto	l1426
  3130   002EF4                     u420:
  3131   002EF4                     
  3132                           ;message_handler.c: 159:             handle_indicator_data(data, len);
  3133   002EF4  0E13               	movlw	low process_canbus_data@data
  3134   002EF6  6E06               	movwf	handle_indicator_data@data^0,c
  3135   002EF8  C01E  F007         	movff	process_canbus_data@len,handle_indicator_data@len
  3136   002EFC  ECEE  F015         	call	_handle_indicator_data	;wreg free
  3137   002F00                     l1426:
  3138   002F00  0012               	return		;funcret
  3139   002F02                     __end_of_process_canbus_data:
  3140                           	callstack 0
  3141                           
  3142 ;; *************** function _handle_speed_data *****************
  3143 ;; Defined at:
  3144 ;;		line 22 in file "message_handler.c"
  3145 ;; Parameters:    Size  Location     Type
  3146 ;;  data            1    5[COMRAM] PTR unsigned char 
  3147 ;;		 -> process_canbus_data@data(9), 
  3148 ;;  len             1    6[COMRAM] unsigned char 
  3149 ;; Auto vars:     Size  Location     Type
  3150 ;;		None
  3151 ;; Return value:  Size  Location     Type
  3152 ;;                  1    wreg      void 
  3153 ;; Registers used:
  3154 ;;		wreg, fsr0l, fsr0h, fsr2l, fsr2h, status,2, status,0, tblptrl, tblptrh, tblptru, cstack
  3155 ;; Tracked objects:
  3156 ;;		On entry : 0/0
  3157 ;;		On exit  : 0/0
  3158 ;;		Unchanged: 0/0
  3159 ;; Data sizes:     COMRAM   BANK0   BANK1   BANK2   BANK3   BANK4   BANK5
  3160 ;;      Params:         2       0       0       0       0       0       0
  3161 ;;      Locals:         0       0       0       0       0       0       0
  3162 ;;      Temps:          0       0       0       0       0       0       0
  3163 ;;      Totals:         2       0       0       0       0       0       0
  3164 ;;Total ram usage:        2 bytes
  3165 ;; Hardware stack levels used: 1
  3166 ;; Hardware stack levels required when called: 1
  3167 ;; This function calls:
  3168 ;;		_clcd_print
  3169 ;; This function is called by:
  3170 ;;		_process_canbus_data
  3171 ;; This function uses a non-reentrant model
  3172 ;;
  3173                           
  3174                           	psect	text2
  3175   002B5E                     __ptext2:
  3176                           	callstack 0
  3177   002B5E                     _handle_speed_data:
  3178                           	callstack 28
  3179   002B5E                     
  3180                           ;message_handler.c: 22: void handle_speed_data(uint8_t *data, uint8_t len);message_handl
      +                          er.c: 23: {;message_handler.c: 25:     data[len] = '\0';
  3181   002B5E  5006               	movf	handle_speed_data@data^0,w,c
  3182   002B60  2407               	addwf	handle_speed_data@len^0,w,c
  3183   002B62  6ED9               	movwf	fsr2l,c
  3184   002B64  6ADA               	clrf	fsr2h,c
  3185   002B66  6ADF               	clrf	indf2,c
  3186   002B68                     
  3187                           ;message_handler.c: 28:     clcd_print(data, (0xC0 + (0)));
  3188   002B68  C006  F003         	movff	handle_speed_data@data,clcd_print@data
  3189   002B6C  6A04               	clrf	(clcd_print@data+1)^0,c
  3190   002B6E  0EC0               	movlw	192
  3191   002B70  6E05               	movwf	clcd_print@addr^0,c
  3192   002B72  EC62  F016         	call	_clcd_print	;wreg free
  3193   002B76  0012               	return		;funcret
  3194   002B78                     __end_of_handle_speed_data:
  3195                           	callstack 0
  3196                           
  3197 ;; *************** function _handle_rpm_data *****************
  3198 ;; Defined at:
  3199 ;;		line 42 in file "message_handler.c"
  3200 ;; Parameters:    Size  Location     Type
  3201 ;;  data            1    5[COMRAM] PTR unsigned char 
  3202 ;;		 -> process_canbus_data@data(9), 
  3203 ;;  len             1    6[COMRAM] unsigned char 
  3204 ;; Auto vars:     Size  Location     Type
  3205 ;;		None
  3206 ;; Return value:  Size  Location     Type
  3207 ;;                  1    wreg      void 
  3208 ;; Registers used:
  3209 ;;		wreg, fsr0l, fsr0h, fsr2l, fsr2h, status,2, status,0, tblptrl, tblptrh, tblptru, cstack
  3210 ;; Tracked objects:
  3211 ;;		On entry : 0/0
  3212 ;;		On exit  : 0/0
  3213 ;;		Unchanged: 0/0
  3214 ;; Data sizes:     COMRAM   BANK0   BANK1   BANK2   BANK3   BANK4   BANK5
  3215 ;;      Params:         2       0       0       0       0       0       0
  3216 ;;      Locals:         0       0       0       0       0       0       0
  3217 ;;      Temps:          0       0       0       0       0       0       0
  3218 ;;      Totals:         2       0       0       0       0       0       0
  3219 ;;Total ram usage:        2 bytes
  3220 ;; Hardware stack levels used: 1
  3221 ;; Hardware stack levels required when called: 1
  3222 ;; This function calls:
  3223 ;;		_clcd_print
  3224 ;; This function is called by:
  3225 ;;		_process_canbus_data
  3226 ;; This function uses a non-reentrant model
  3227 ;;
  3228                           
  3229                           	psect	text3
  3230   002B44                     __ptext3:
  3231                           	callstack 0
  3232   002B44                     _handle_rpm_data:
  3233                           	callstack 28
  3234   002B44                     
  3235                           ;message_handler.c: 42: void handle_rpm_data(uint8_t *data, uint8_t len);message_handler
      +                          .c: 43: {;message_handler.c: 45:     data[len] = '\0';
  3236   002B44  5006               	movf	handle_rpm_data@data^0,w,c
  3237   002B46  2407               	addwf	handle_rpm_data@len^0,w,c
  3238   002B48  6ED9               	movwf	fsr2l,c
  3239   002B4A  6ADA               	clrf	fsr2h,c
  3240   002B4C  6ADF               	clrf	indf2,c
  3241   002B4E                     
  3242                           ;message_handler.c: 48:     clcd_print(data, (0xC0 + (6)));
  3243   002B4E  C006  F003         	movff	handle_rpm_data@data,clcd_print@data
  3244   002B52  6A04               	clrf	(clcd_print@data+1)^0,c
  3245   002B54  0EC6               	movlw	198
  3246   002B56  6E05               	movwf	clcd_print@addr^0,c
  3247   002B58  EC62  F016         	call	_clcd_print	;wreg free
  3248   002B5C  0012               	return		;funcret
  3249   002B5E                     __end_of_handle_rpm_data:
  3250                           	callstack 0
  3251                           
  3252 ;; *************** function _handle_indicator_data *****************
  3253 ;; Defined at:
  3254 ;;		line 59 in file "message_handler.c"
  3255 ;; Parameters:    Size  Location     Type
  3256 ;;  data            1    5[COMRAM] PTR unsigned char 
  3257 ;;		 -> process_canbus_data@data(9), 
  3258 ;;  len             1    6[COMRAM] unsigned char 
  3259 ;; Auto vars:     Size  Location     Type
  3260 ;;		None
  3261 ;; Return value:  Size  Location     Type
  3262 ;;                  1    wreg      void 
  3263 ;; Registers used:
  3264 ;;		wreg, fsr0l, fsr0h, fsr2l, fsr2h, status,2, status,0, tblptrl, tblptrh, tblptru, prodl, prodh, cstack
  3265 ;; Tracked objects:
  3266 ;;		On entry : 0/0
  3267 ;;		On exit  : 0/0
  3268 ;;		Unchanged: 0/0
  3269 ;; Data sizes:     COMRAM   BANK0   BANK1   BANK2   BANK3   BANK4   BANK5
  3270 ;;      Params:         2       0       0       0       0       0       0
  3271 ;;      Locals:         0       0       0       0       0       0       0
  3272 ;;      Temps:          0       0       0       0       0       0       0
  3273 ;;      Totals:         2       0       0       0       0       0       0
  3274 ;;Total ram usage:        2 bytes
  3275 ;; Hardware stack levels used: 1
  3276 ;; Hardware stack levels required when called: 1
  3277 ;; This function calls:
  3278 ;;		_clcd_print
  3279 ;; This function is called by:
  3280 ;;		_process_canbus_data
  3281 ;; This function uses a non-reentrant model
  3282 ;;
  3283                           
  3284                           	psect	text4
  3285   002BDC                     __ptext4:
  3286                           	callstack 0
  3287   002BDC                     _handle_indicator_data:
  3288                           	callstack 28
  3289   002BDC                     
  3290                           ;message_handler.c: 65:     ind = data[0];
  3291   002BDC  5006               	movf	handle_indicator_data@data^0,w,c
  3292   002BDE  6ED9               	movwf	fsr2l,c
  3293   002BE0  6ADA               	clrf	fsr2h,c
  3294   002BE2  50DF               	movf	indf2,w,c
  3295   002BE4  6E2B               	movwf	_ind^0,c
  3296   002BE6                     
  3297                           ;message_handler.c: 68:     if (ind < 4)
  3298   002BE6  0E04               	movlw	4
  3299   002BE8  602B               	cpfslt	_ind^0,c
  3300   002BEA  EFF9  F015         	goto	u371
  3301   002BEE  EFFB  F015         	goto	u370
  3302   002BF2                     u371:
  3303   002BF2  EF09  F016         	goto	l167
  3304   002BF6                     u370:
  3305   002BF6                     
  3306                           ;message_handler.c: 69:     {;message_handler.c: 70:         clcd_print(ind_arr[ind], (0
      +                          xC0 + (11)));
  3307   002BF6  502B               	movf	_ind^0,w,c
  3308   002BF8  0D02               	mullw	2
  3309   002BFA  50F3               	movf	243,w,c
  3310   002BFC  0F23               	addlw	low _ind_arr
  3311   002BFE  6ED9               	movwf	fsr2l,c
  3312   002C00  6ADA               	clrf	fsr2h,c
  3313   002C02  CFDE F003          	movff	postinc2,clcd_print@data
  3314   002C06  CFDD F004          	movff	postdec2,clcd_print@data+1
  3315   002C0A  0ECB               	movlw	203
  3316   002C0C  6E05               	movwf	clcd_print@addr^0,c
  3317   002C0E  EC62  F016         	call	_clcd_print	;wreg free
  3318   002C12                     l167:
  3319   002C12  0012               	return		;funcret
  3320   002C14                     __end_of_handle_indicator_data:
  3321                           	callstack 0
  3322                           
  3323 ;; *************** function _handle_gear_data *****************
  3324 ;; Defined at:
  3325 ;;		line 32 in file "message_handler.c"
  3326 ;; Parameters:    Size  Location     Type
  3327 ;;  data            1    5[COMRAM] PTR unsigned char 
  3328 ;;		 -> process_canbus_data@data(9), 
  3329 ;;  len             1    6[COMRAM] unsigned char 
  3330 ;; Auto vars:     Size  Location     Type
  3331 ;;		None
  3332 ;; Return value:  Size  Location     Type
  3333 ;;                  1    wreg      void 
  3334 ;; Registers used:
  3335 ;;		wreg, fsr0l, fsr0h, fsr2l, fsr2h, status,2, status,0, tblptrl, tblptrh, tblptru, cstack
  3336 ;; Tracked objects:
  3337 ;;		On entry : 0/0
  3338 ;;		On exit  : 0/0
  3339 ;;		Unchanged: 0/0
  3340 ;; Data sizes:     COMRAM   BANK0   BANK1   BANK2   BANK3   BANK4   BANK5
  3341 ;;      Params:         2       0       0       0       0       0       0
  3342 ;;      Locals:         0       0       0       0       0       0       0
  3343 ;;      Temps:          0       0       0       0       0       0       0
  3344 ;;      Totals:         2       0       0       0       0       0       0
  3345 ;;Total ram usage:        2 bytes
  3346 ;; Hardware stack levels used: 1
  3347 ;; Hardware stack levels required when called: 1
  3348 ;; This function calls:
  3349 ;;		_clcd_print
  3350 ;; This function is called by:
  3351 ;;		_process_canbus_data
  3352 ;; This function uses a non-reentrant model
  3353 ;;
  3354                           
  3355                           	psect	text5
  3356   002B2A                     __ptext5:
  3357                           	callstack 0
  3358   002B2A                     _handle_gear_data:
  3359                           	callstack 28
  3360   002B2A                     
  3361                           ;message_handler.c: 32: void handle_gear_data(uint8_t *data, uint8_t len);message_handle
      +                          r.c: 33: {;message_handler.c: 35:     data[len] = '\0';
  3362   002B2A  5006               	movf	handle_gear_data@data^0,w,c
  3363   002B2C  2407               	addwf	handle_gear_data@len^0,w,c
  3364   002B2E  6ED9               	movwf	fsr2l,c
  3365   002B30  6ADA               	clrf	fsr2h,c
  3366   002B32  6ADF               	clrf	indf2,c
  3367   002B34                     
  3368                           ;message_handler.c: 38:     clcd_print(data, (0xC0 + (3)));
  3369   002B34  C006  F003         	movff	handle_gear_data@data,clcd_print@data
  3370   002B38  6A04               	clrf	(clcd_print@data+1)^0,c
  3371   002B3A  0EC3               	movlw	195
  3372   002B3C  6E05               	movwf	clcd_print@addr^0,c
  3373   002B3E  EC62  F016         	call	_clcd_print	;wreg free
  3374   002B42  0012               	return		;funcret
  3375   002B44                     __end_of_handle_gear_data:
  3376                           	callstack 0
  3377                           
  3378 ;; *************** function _clcd_print *****************
  3379 ;; Defined at:
  3380 ;;		line 42 in file "clcd.c"
  3381 ;; Parameters:    Size  Location     Type
  3382 ;;  data            2    2[COMRAM] PTR const unsigned char 
  3383 ;;		 -> process_canbus_data@data(9), STR_8(5), STR_7(5), STR_6(5), 
  3384 ;;		 -> STR_5(5), STR_4(4), STR_3(4), STR_2(2), 
  3385 ;;		 -> STR_1(3), 
  3386 ;;  addr            1    4[COMRAM] unsigned char 
  3387 ;; Auto vars:     Size  Location     Type
  3388 ;;		None
  3389 ;; Return value:  Size  Location     Type
  3390 ;;                  1    wreg      void 
  3391 ;; Registers used:
  3392 ;;		wreg, fsr0l, fsr0h, status,2, status,0, tblptrl, tblptrh, tblptru, cstack
  3393 ;; Tracked objects:
  3394 ;;		On entry : 0/0
  3395 ;;		On exit  : 0/0
  3396 ;;		Unchanged: 0/0
  3397 ;; Data sizes:     COMRAM   BANK0   BANK1   BANK2   BANK3   BANK4   BANK5
  3398 ;;      Params:         3       0       0       0       0       0       0
  3399 ;;      Locals:         0       0       0       0       0       0       0
  3400 ;;      Temps:          0       0       0       0       0       0       0
  3401 ;;      Totals:         3       0       0       0       0       0       0
  3402 ;;Total ram usage:        3 bytes
  3403 ;; Hardware stack levels used: 1
  3404 ;; This function calls:
  3405 ;;		_clcd_write
  3406 ;; This function is called by:
  3407 ;;		_main
  3408 ;;		_handle_speed_data
  3409 ;;		_handle_gear_data
  3410 ;;		_handle_rpm_data
  3411 ;;		_handle_indicator_data
  3412 ;; This function uses a non-reentrant model
  3413 ;;
  3414                           
  3415                           	psect	text6
  3416   002CC4                     __ptext6:
  3417                           	callstack 0
  3418   002CC4                     _clcd_print:
  3419                           	callstack 28
  3420   002CC4                     
  3421                           ;clcd.c: 42: void clcd_print(const unsigned char *data, unsigned char addr);clcd.c: 43: 
      +                          {;clcd.c: 44:  clcd_write(addr, 0);
  3422   002CC4  0E00               	movlw	0
  3423   002CC6  6E01               	movwf	clcd_write@control_bit^0,c
  3424   002CC8  5005               	movf	clcd_print@addr^0,w,c
  3425   002CCA  EC0A  F016         	call	_clcd_write
  3426                           
  3427                           ;clcd.c: 45:  while (*data != '\0')
  3428   002CCE  EF7F  F016         	goto	l1338
  3429   002CD2                     l1334:
  3430                           
  3431                           ;clcd.c: 46:  {;clcd.c: 47:   clcd_write(*data++, 1);
  3432   002CD2  0E01               	movlw	1
  3433   002CD4  6E01               	movwf	clcd_write@control_bit^0,c
  3434   002CD6  C003  FFF6         	movff	clcd_print@data,tblptrl
  3435   002CDA  C004  FFF7         	movff	clcd_print@data+1,tblptrh
  3436   002CDE  6AF8               	clrf	tblptru,c
  3437   002CE0  0E05               	movlw	(high __ramtop+-1)
  3438   002CE2  64F7               	cpfsgt	tblptrh,c
  3439   002CE4  D003               	bra	u327
  3440   002CE6  0008               	tblrd		*
  3441   002CE8  50F5               	movf	tablat,w,c
  3442   002CEA  D005               	bra	u320
  3443   002CEC                     u327:
  3444   002CEC  CFF6 FFE9          	movff	tblptrl,fsr0l
  3445   002CF0  CFF7 FFEA          	movff	tblptrh,fsr0h
  3446   002CF4  50EF               	movf	indf0,w,c
  3447   002CF6                     u320:
  3448   002CF6  EC0A  F016         	call	_clcd_write
  3449   002CFA  4A03               	infsnz	clcd_print@data^0,f,c
  3450   002CFC  2A04               	incf	(clcd_print@data+1)^0,f,c
  3451   002CFE                     l1338:
  3452                           
  3453                           ;clcd.c: 45:  while (*data != '\0')
  3454   002CFE  C003  FFF6         	movff	clcd_print@data,tblptrl
  3455   002D02  C004  FFF7         	movff	clcd_print@data+1,tblptrh
  3456   002D06  6AF8               	clrf	tblptru,c
  3457   002D08  0E05               	movlw	(high __ramtop+-1)
  3458   002D0A  64F7               	cpfsgt	tblptrh,c
  3459   002D0C  D003               	bra	u337
  3460   002D0E  0008               	tblrd		*
  3461   002D10  50F5               	movf	tablat,w,c
  3462   002D12  D005               	bra	u330
  3463   002D14                     u337:
  3464   002D14  CFF6 FFE9          	movff	tblptrl,fsr0l
  3465   002D18  CFF7 FFEA          	movff	tblptrh,fsr0h
  3466   002D1C  50EF               	movf	indf0,w,c
  3467   002D1E                     u330:
  3468   002D1E  0900               	iorlw	0
  3469   002D20  A4D8               	btfss	status,2,c
  3470   002D22  EF95  F016         	goto	u341
  3471   002D26  EF97  F016         	goto	u340
  3472   002D2A                     u341:
  3473   002D2A  EF69  F016         	goto	l1334
  3474   002D2E                     u340:
  3475   002D2E  0012               	return		;funcret
  3476   002D30                     __end_of_clcd_print:
  3477                           	callstack 0
  3478                           
  3479 ;; *************** function _can_receive *****************
  3480 ;; Defined at:
  3481 ;;		line 89 in file "can.c"
  3482 ;; Parameters:    Size  Location     Type
  3483 ;;  msg_id          1    8[COMRAM] PTR unsigned short 
  3484 ;;		 -> process_canbus_data@msg_id(2), 
  3485 ;;  data            1    9[COMRAM] PTR unsigned char 
  3486 ;;		 -> process_canbus_data@data(9), 
  3487 ;;  len             1   10[COMRAM] PTR unsigned char 
  3488 ;;		 -> process_canbus_data@len(1), 
  3489 ;; Auto vars:     Size  Location     Type
  3490 ;;  i               2   16[COMRAM] int 
  3491 ;;  ptr             2   14[COMRAM] PTR unsigned char 
  3492 ;;		 -> RXB0D0(1), 
  3493 ;; Return value:  Size  Location     Type
  3494 ;;                  1    wreg      void 
  3495 ;; Registers used:
  3496 ;;		wreg, fsr1l, fsr1h, fsr2l, fsr2h, status,2, status,0, cstack
  3497 ;; Tracked objects:
  3498 ;;		On entry : 0/0
  3499 ;;		On exit  : 0/0
  3500 ;;		Unchanged: 0/0
  3501 ;; Data sizes:     COMRAM   BANK0   BANK1   BANK2   BANK3   BANK4   BANK5
  3502 ;;      Params:         3       0       0       0       0       0       0
  3503 ;;      Locals:         4       0       0       0       0       0       0
  3504 ;;      Temps:          3       0       0       0       0       0       0
  3505 ;;      Totals:        10       0       0       0       0       0       0
  3506 ;;Total ram usage:       10 bytes
  3507 ;; Hardware stack levels used: 1
  3508 ;; Hardware stack levels required when called: 1
  3509 ;; This function calls:
  3510 ;;		_get_msg_id_std
  3511 ;; This function is called by:
  3512 ;;		_process_canbus_data
  3513 ;; This function uses a non-reentrant model
  3514 ;;
  3515                           
  3516                           	psect	text7
  3517   002D30                     __ptext7:
  3518                           	callstack 0
  3519   002D30                     _can_receive:
  3520                           	callstack 28
  3521   002D30                     
  3522                           ;can.c: 90:     uint8_t *ptr;;can.c: 92:     if (RXB0FUL) {
  3523   002D30  AE60               	btfss	3936,7,c	;volatile
  3524   002D32  EF9D  F016         	goto	u351
  3525   002D36  EF9F  F016         	goto	u350
  3526   002D3A                     u351:
  3527   002D3A  EFDD  F016         	goto	l1378
  3528   002D3E                     u350:
  3529   002D3E                     
  3530                           ;can.c: 94:         *msg_id = get_msg_id_std();
  3531   002D3E  EC27  F016         	call	_get_msg_id_std	;wreg free
  3532   002D42  5009               	movf	can_receive@msg_id^0,w,c
  3533   002D44  6ED9               	movwf	fsr2l,c
  3534   002D46  6ADA               	clrf	fsr2h,c
  3535   002D48  C001  FFDE         	movff	?_get_msg_id_std,postinc2
  3536   002D4C  C002  FFDD         	movff	?_get_msg_id_std+1,postdec2
  3537   002D50                     
  3538                           ;can.c: 96:         *len = RXB0DLC;
  3539   002D50  500B               	movf	can_receive@len^0,w,c
  3540   002D52  6ED9               	movwf	fsr2l,c
  3541   002D54  6ADA               	clrf	fsr2h,c
  3542   002D56  CF65 FFDF          	movff	3941,indf2	;volatile
  3543   002D5A                     
  3544                           ;can.c: 98:         ptr = (uint8_t *) & RXB0D0;
  3545   002D5A  0E66               	movlw	102
  3546   002D5C  6E0F               	movwf	can_receive@ptr^0,c
  3547   002D5E  0E0F               	movlw	15
  3548   002D60  6E10               	movwf	(can_receive@ptr+1)^0,c
  3549   002D62                     
  3550                           ;can.c: 100:         for (int i = 0; i < *len; i++) {
  3551   002D62  6A12               	clrf	(can_receive@i+1)^0,c
  3552   002D64  0E00               	movlw	0
  3553   002D66  6E11               	movwf	can_receive@i^0,c
  3554   002D68  EFC4  F016         	goto	l1376
  3555   002D6C                     l1372:
  3556                           
  3557                           ;can.c: 101:             data[i] = ptr[i];
  3558   002D6C  5011               	movf	can_receive@i^0,w,c
  3559   002D6E  240F               	addwf	can_receive@ptr^0,w,c
  3560   002D70  6ED9               	movwf	fsr2l,c
  3561   002D72  5012               	movf	(can_receive@i+1)^0,w,c
  3562   002D74  2010               	addwfc	(can_receive@ptr+1)^0,w,c
  3563   002D76  6EDA               	movwf	fsr2h,c
  3564   002D78  500A               	movf	can_receive@data^0,w,c
  3565   002D7A  2411               	addwf	can_receive@i^0,w,c
  3566   002D7C  6EE1               	movwf	fsr1l,c
  3567   002D7E  6AE2               	clrf	fsr1h,c
  3568   002D80  CFDF FFE7          	movff	indf2,indf1
  3569   002D84                     
  3570                           ;can.c: 102:         }
  3571   002D84  4A11               	infsnz	can_receive@i^0,f,c
  3572   002D86  2A12               	incf	(can_receive@i+1)^0,f,c
  3573   002D88                     l1376:
  3574   002D88  500B               	movf	can_receive@len^0,w,c
  3575   002D8A  6ED9               	movwf	fsr2l,c
  3576   002D8C  6ADA               	clrf	fsr2h,c
  3577   002D8E  50DF               	movf	indf2,w,c
  3578   002D90  6E0C               	movwf	??_can_receive^0,c
  3579   002D92  6A0D               	clrf	(??_can_receive+1)^0,c
  3580   002D94  500C               	movf	??_can_receive^0,w,c
  3581   002D96  5C11               	subwf	can_receive@i^0,w,c
  3582   002D98  5012               	movf	(can_receive@i+1)^0,w,c
  3583   002D9A  0A80               	xorlw	128
  3584   002D9C  6E0E               	movwf	(??_can_receive+2)^0,c
  3585   002D9E  500D               	movf	(??_can_receive+1)^0,w,c
  3586   002DA0  0A80               	xorlw	128
  3587   002DA2  580E               	subwfb	(??_can_receive+2)^0,w,c
  3588   002DA4  A0D8               	btfss	status,0,c
  3589   002DA6  EFD7  F016         	goto	u361
  3590   002DAA  EFD9  F016         	goto	u360
  3591   002DAE                     u361:
  3592   002DAE  EFB6  F016         	goto	l1372
  3593   002DB2                     u360:
  3594   002DB2                     
  3595                           ;can.c: 104:         RXB0FUL = 0;
  3596   002DB2  9E60               	bcf	3936,7,c	;volatile
  3597                           
  3598                           ;can.c: 105:         RXB0IF = 0;
  3599   002DB4  90A4               	bcf	4004,0,c	;volatile
  3600                           
  3601                           ;can.c: 106:     }
  3602   002DB6  EFE1  F016         	goto	l107
  3603   002DBA                     l1378:
  3604                           
  3605                           ;can.c: 110:     *len = 0;
  3606   002DBA  500B               	movf	can_receive@len^0,w,c
  3607   002DBC  6ED9               	movwf	fsr2l,c
  3608   002DBE  6ADA               	clrf	fsr2h,c
  3609   002DC0  6ADF               	clrf	indf2,c
  3610   002DC2                     l107:
  3611   002DC2  0012               	return		;funcret
  3612   002DC4                     __end_of_can_receive:
  3613                           	callstack 0
  3614                           
  3615 ;; *************** function _get_msg_id_std *****************
  3616 ;; Defined at:
  3617 ;;		line 50 in file "can.c"
  3618 ;; Parameters:    Size  Location     Type
  3619 ;;		None
  3620 ;; Auto vars:     Size  Location     Type
  3621 ;;  id              2    6[COMRAM] unsigned short 
  3622 ;; Return value:  Size  Location     Type
  3623 ;;                  2    0[COMRAM] unsigned short 
  3624 ;; Registers used:
  3625 ;;		wreg, status,2, status,0
  3626 ;; Tracked objects:
  3627 ;;		On entry : 0/0
  3628 ;;		On exit  : 0/0
  3629 ;;		Unchanged: 0/0
  3630 ;; Data sizes:     COMRAM   BANK0   BANK1   BANK2   BANK3   BANK4   BANK5
  3631 ;;      Params:         2       0       0       0       0       0       0
  3632 ;;      Locals:         2       0       0       0       0       0       0
  3633 ;;      Temps:          4       0       0       0       0       0       0
  3634 ;;      Totals:         8       0       0       0       0       0       0
  3635 ;;Total ram usage:        8 bytes
  3636 ;; Hardware stack levels used: 1
  3637 ;; This function calls:
  3638 ;;		Nothing
  3639 ;; This function is called by:
  3640 ;;		_can_receive
  3641 ;; This function uses a non-reentrant model
  3642 ;;
  3643                           
  3644                           	psect	text8
  3645   002C4E                     __ptext8:
  3646                           	callstack 0
  3647   002C4E                     _get_msg_id_std:
  3648                           	callstack 28
  3649   002C4E                     
  3650                           ;can.c: 52:     id = ((RXB0SIDL >> 5) & 0x7) | (RXB0SIDH << 3);
  3651   002C4E  5061               	movf	97,w,c	;volatile
  3652   002C50  6E03               	movwf	??_get_msg_id_std^0,c
  3653   002C52  6A04               	clrf	(??_get_msg_id_std+1)^0,c
  3654   002C54  90D8               	bcf	status,0,c
  3655   002C56  3603               	rlcf	??_get_msg_id_std^0,f,c
  3656   002C58  3604               	rlcf	(??_get_msg_id_std+1)^0,f,c
  3657   002C5A  90D8               	bcf	status,0,c
  3658   002C5C  3603               	rlcf	??_get_msg_id_std^0,f,c
  3659   002C5E  3604               	rlcf	(??_get_msg_id_std+1)^0,f,c
  3660   002C60  90D8               	bcf	status,0,c
  3661   002C62  3603               	rlcf	??_get_msg_id_std^0,f,c
  3662   002C64  3604               	rlcf	(??_get_msg_id_std+1)^0,f,c
  3663   002C66  3862               	swapf	98,w,c	;volatile
  3664   002C68  42E8               	rrncf	wreg,f,c
  3665   002C6A  0B07               	andlw	7
  3666   002C6C  0B07               	andlw	7
  3667   002C6E  6E05               	movwf	(??_get_msg_id_std+2)^0,c
  3668   002C70  6A06               	clrf	(??_get_msg_id_std+3)^0,c
  3669   002C72  5003               	movf	??_get_msg_id_std^0,w,c
  3670   002C74  1005               	iorwf	(??_get_msg_id_std+2)^0,w,c
  3671   002C76  6E07               	movwf	get_msg_id_std@id^0,c
  3672   002C78  5004               	movf	(??_get_msg_id_std+1)^0,w,c
  3673   002C7A  1006               	iorwf	(??_get_msg_id_std+3)^0,w,c
  3674   002C7C  6E08               	movwf	(get_msg_id_std@id+1)^0,c
  3675   002C7E                     
  3676                           ;can.c: 53:     return id;
  3677   002C7E  C007  F001         	movff	get_msg_id_std@id,?_get_msg_id_std
  3678   002C82  C008  F002         	movff	get_msg_id_std@id+1,?_get_msg_id_std+1
  3679   002C86  0012               	return		;funcret
  3680   002C88                     __end_of_get_msg_id_std:
  3681                           	callstack 0
  3682                           
  3683 ;; *************** function _init_config *****************
  3684 ;; Defined at:
  3685 ;;		line 15 in file "main.c"
  3686 ;; Parameters:    Size  Location     Type
  3687 ;;		None
  3688 ;; Auto vars:     Size  Location     Type
  3689 ;;		None
  3690 ;; Return value:  Size  Location     Type
  3691 ;;                  1    wreg      void 
  3692 ;; Registers used:
  3693 ;;		wreg, status,2, status,0, cstack
  3694 ;; Tracked objects:
  3695 ;;		On entry : 0/0
  3696 ;;		On exit  : 0/0
  3697 ;;		Unchanged: 0/0
  3698 ;; Data sizes:     COMRAM   BANK0   BANK1   BANK2   BANK3   BANK4   BANK5
  3699 ;;      Params:         0       0       0       0       0       0       0
  3700 ;;      Locals:         0       0       0       0       0       0       0
  3701 ;;      Temps:          0       0       0       0       0       0       0
  3702 ;;      Totals:         0       0       0       0       0       0       0
  3703 ;;Total ram usage:        0 bytes
  3704 ;; Hardware stack levels used: 1
  3705 ;; Hardware stack levels required when called: 2
  3706 ;; This function calls:
  3707 ;;		_init_can
  3708 ;;		_init_clcd
  3709 ;;		_init_leds
  3710 ;; This function is called by:
  3711 ;;		_main
  3712 ;; This function uses a non-reentrant model
  3713 ;;
  3714                           
  3715                           	psect	text9
  3716   002B18                     __ptext9:
  3717                           	callstack 0
  3718   002B18                     _init_config:
  3719                           	callstack 28
  3720   002B18                     
  3721                           ;main.c: 17:     init_clcd();
  3722   002B18  ECD4  F015         	call	_init_clcd	;wreg free
  3723                           
  3724                           ;main.c: 18:     init_can();
  3725   002B1C  EC44  F016         	call	_init_can	;wreg free
  3726   002B20                     
  3727                           ;main.c: 19:     init_leds();
  3728   002B20  EC83  F015         	call	_init_leds	;wreg free
  3729   002B24                     
  3730                           ;main.c: 21:     PEIE = 1;
  3731   002B24  8CF2               	bsf	4082,6,c	;volatile
  3732   002B26                     
  3733                           ;main.c: 22:     GIE = 1;
  3734   002B26  8EF2               	bsf	4082,7,c	;volatile
  3735   002B28  0012               	return		;funcret
  3736   002B2A                     __end_of_init_config:
  3737                           	callstack 0
  3738                           
  3739 ;; *************** function _init_leds *****************
  3740 ;; Defined at:
  3741 ;;		line 9 in file "main.c"
  3742 ;; Parameters:    Size  Location     Type
  3743 ;;		None
  3744 ;; Auto vars:     Size  Location     Type
  3745 ;;		None
  3746 ;; Return value:  Size  Location     Type
  3747 ;;                  1    wreg      void 
  3748 ;; Registers used:
  3749 ;;		wreg, status,2
  3750 ;; Tracked objects:
  3751 ;;		On entry : 0/0
  3752 ;;		On exit  : 0/0
  3753 ;;		Unchanged: 0/0
  3754 ;; Data sizes:     COMRAM   BANK0   BANK1   BANK2   BANK3   BANK4   BANK5
  3755 ;;      Params:         0       0       0       0       0       0       0
  3756 ;;      Locals:         0       0       0       0       0       0       0
  3757 ;;      Temps:          0       0       0       0       0       0       0
  3758 ;;      Totals:         0       0       0       0       0       0       0
  3759 ;;Total ram usage:        0 bytes
  3760 ;; Hardware stack levels used: 1
  3761 ;; This function calls:
  3762 ;;		Nothing
  3763 ;; This function is called by:
  3764 ;;		_init_config
  3765 ;; This function uses a non-reentrant model
  3766 ;;
  3767                           
  3768                           	psect	text10
  3769   002B06                     __ptext10:
  3770                           	callstack 0
  3771   002B06                     _init_leds:
  3772                           	callstack 29
  3773   002B06                     
  3774                           ;main.c: 11:     TRISB = 0x08;
  3775   002B06  0E08               	movlw	8
  3776   002B08  6E93               	movwf	147,c	;volatile
  3777   002B0A                     
  3778                           ;main.c: 12:     PORTB = 0x00;
  3779   002B0A  6A81               	clrf	129,c	;volatile
  3780   002B0C  0012               	return		;funcret
  3781   002B0E                     __end_of_init_leds:
  3782                           	callstack 0
  3783                           
  3784 ;; *************** function _init_clcd *****************
  3785 ;; Defined at:
  3786 ;;		line 27 in file "clcd.c"
  3787 ;; Parameters:    Size  Location     Type
  3788 ;;		None
  3789 ;; Auto vars:     Size  Location     Type
  3790 ;;		None
  3791 ;; Return value:  Size  Location     Type
  3792 ;;                  1    wreg      void 
  3793 ;; Registers used:
  3794 ;;		wreg, status,2, status,0, cstack
  3795 ;; Tracked objects:
  3796 ;;		On entry : 0/0
  3797 ;;		On exit  : 0/0
  3798 ;;		Unchanged: 0/0
  3799 ;; Data sizes:     COMRAM   BANK0   BANK1   BANK2   BANK3   BANK4   BANK5
  3800 ;;      Params:         0       0       0       0       0       0       0
  3801 ;;      Locals:         0       0       0       0       0       0       0
  3802 ;;      Temps:          0       0       0       0       0       0       0
  3803 ;;      Totals:         0       0       0       0       0       0       0
  3804 ;;Total ram usage:        0 bytes
  3805 ;; Hardware stack levels used: 1
  3806 ;; Hardware stack levels required when called: 1
  3807 ;; This function calls:
  3808 ;;		_clcd_write
  3809 ;; This function is called by:
  3810 ;;		_init_config
  3811 ;; This function uses a non-reentrant model
  3812 ;;
  3813                           
  3814                           	psect	text11
  3815   002BA8                     __ptext11:
  3816                           	callstack 0
  3817   002BA8                     _init_clcd:
  3818                           	callstack 28
  3819   002BA8                     
  3820                           ;clcd.c: 30:  TRISD = 0x00;
  3821   002BA8  6A95               	clrf	149,c	;volatile
  3822   002BAA                     
  3823                           ;clcd.c: 32:  TRISC = TRISC & 0xF8;
  3824   002BAA  5094               	movf	148,w,c	;volatile
  3825   002BAC  0BF8               	andlw	248
  3826   002BAE  6E94               	movwf	148,c	;volatile
  3827   002BB0                     
  3828                           ;clcd.c: 34:  RC0 = 0;
  3829   002BB0  9082               	bcf	3970,0,c	;volatile
  3830   002BB2                     
  3831                           ;clcd.c: 36:  clcd_write(0x02, 0);
  3832   002BB2  0E00               	movlw	0
  3833   002BB4  6E01               	movwf	clcd_write@control_bit^0,c
  3834   002BB6  0E02               	movlw	2
  3835   002BB8  EC0A  F016         	call	_clcd_write
  3836   002BBC                     
  3837                           ;clcd.c: 37:  clcd_write(0x38, 0);
  3838   002BBC  0E00               	movlw	0
  3839   002BBE  6E01               	movwf	clcd_write@control_bit^0,c
  3840   002BC0  0E38               	movlw	56
  3841   002BC2  EC0A  F016         	call	_clcd_write
  3842   002BC6                     
  3843                           ;clcd.c: 38:  clcd_write(0x0C, 0);
  3844   002BC6  0E00               	movlw	0
  3845   002BC8  6E01               	movwf	clcd_write@control_bit^0,c
  3846   002BCA  0E0C               	movlw	12
  3847   002BCC  EC0A  F016         	call	_clcd_write
  3848   002BD0                     
  3849                           ;clcd.c: 39:  clcd_write(0x01, 0);
  3850   002BD0  0E00               	movlw	0
  3851   002BD2  6E01               	movwf	clcd_write@control_bit^0,c
  3852   002BD4  0E01               	movlw	1
  3853   002BD6  EC0A  F016         	call	_clcd_write
  3854   002BDA  0012               	return		;funcret
  3855   002BDC                     __end_of_init_clcd:
  3856                           	callstack 0
  3857                           
  3858 ;; *************** function _clcd_write *****************
  3859 ;; Defined at:
  3860 ;;		line 4 in file "clcd.c"
  3861 ;; Parameters:    Size  Location     Type
  3862 ;;  byte            1    wreg     unsigned char 
  3863 ;;  control_bit     1    0[COMRAM] unsigned char 
  3864 ;; Auto vars:     Size  Location     Type
  3865 ;;  byte            1    1[COMRAM] unsigned char 
  3866 ;; Return value:  Size  Location     Type
  3867 ;;                  1    wreg      void 
  3868 ;; Registers used:
  3869 ;;		wreg
  3870 ;; Tracked objects:
  3871 ;;		On entry : 0/0
  3872 ;;		On exit  : 0/0
  3873 ;;		Unchanged: 0/0
  3874 ;; Data sizes:     COMRAM   BANK0   BANK1   BANK2   BANK3   BANK4   BANK5
  3875 ;;      Params:         1       0       0       0       0       0       0
  3876 ;;      Locals:         1       0       0       0       0       0       0
  3877 ;;      Temps:          0       0       0       0       0       0       0
  3878 ;;      Totals:         2       0       0       0       0       0       0
  3879 ;;Total ram usage:        2 bytes
  3880 ;; Hardware stack levels used: 1
  3881 ;; This function calls:
  3882 ;;		Nothing
  3883 ;; This function is called by:
  3884 ;;		_init_clcd
  3885 ;;		_clcd_print
  3886 ;;		_clcd_putch
  3887 ;; This function uses a non-reentrant model
  3888 ;;
  3889                           
  3890                           	psect	text12
  3891   002C14                     __ptext12:
  3892                           	callstack 0
  3893   002C14                     _clcd_write:
  3894                           	callstack 27
  3895                           
  3896                           ;incstack = 0
  3897                           ;clcd_write@byte stored from wreg
  3898   002C14  6E02               	movwf	clcd_write@byte^0,c
  3899   002C16                     
  3900                           ;clcd.c: 4: void clcd_write(unsigned char byte, unsigned char control_bit);clcd.c: 5: {;
      +                          clcd.c: 6:  RC1 = control_bit;
  3901   002C16  B001               	btfsc	clcd_write@control_bit^0,0,c
  3902   002C18  EF10  F016         	goto	u291
  3903   002C1C  EF13  F016         	goto	u290
  3904   002C20                     u291:
  3905   002C20  8282               	bsf	3970,1,c	;volatile
  3906   002C22  EF14  F016         	goto	u305
  3907   002C26                     u290:
  3908   002C26  9282               	bcf	3970,1,c	;volatile
  3909   002C28                     u305:
  3910   002C28                     
  3911                           ;clcd.c: 7:  PORTD = byte;
  3912   002C28  C002  FF83         	movff	clcd_write@byte,3971	;volatile
  3913   002C2C                     
  3914                           ;clcd.c: 10:  RC2 = 1;
  3915   002C2C  8482               	bsf	3970,2,c	;volatile
  3916   002C2E                     
  3917                           ;clcd.c: 11:  RC2 = 0;
  3918   002C2E  9482               	bcf	3970,2,c	;volatile
  3919   002C30                     
  3920                           ;clcd.c: 13:  TRISD7 = 0xFF;
  3921   002C30  8E95               	bsf	3989,7,c	;volatile
  3922   002C32                     
  3923                           ;clcd.c: 14:  RC0 = 1;
  3924   002C32  8082               	bsf	3970,0,c	;volatile
  3925   002C34                     
  3926                           ;clcd.c: 15:  RC1 = 0;
  3927   002C34  9282               	bcf	3970,1,c	;volatile
  3928   002C36                     l1326:
  3929                           
  3930                           ;clcd.c: 18:  {;clcd.c: 19:   RC2 = 1;
  3931   002C36  8482               	bsf	3970,2,c	;volatile
  3932   002C38                     
  3933                           ;clcd.c: 20:   RC2 = 0;
  3934   002C38  9482               	bcf	3970,2,c	;volatile
  3935   002C3A                     
  3936                           ;clcd.c: 21:  } while (RD7);
  3937   002C3A  BE83               	btfsc	3971,7,c	;volatile
  3938   002C3C  EF22  F016         	goto	u311
  3939   002C40  EF24  F016         	goto	u310
  3940   002C44                     u311:
  3941   002C44  EF1B  F016         	goto	l1326
  3942   002C48                     u310:
  3943   002C48                     
  3944                           ;clcd.c: 23:  RC0 = 0;
  3945   002C48  9082               	bcf	3970,0,c	;volatile
  3946                           
  3947                           ;clcd.c: 24:  TRISD7 = 0x00;
  3948   002C4A  9E95               	bcf	3989,7,c	;volatile
  3949   002C4C  0012               	return		;funcret
  3950   002C4E                     __end_of_clcd_write:
  3951                           	callstack 0
  3952                           
  3953 ;; *************** function _init_can *****************
  3954 ;; Defined at:
  3955 ;;		line 15 in file "can.c"
  3956 ;; Parameters:    Size  Location     Type
  3957 ;;		None
  3958 ;; Auto vars:     Size  Location     Type
  3959 ;;		None
  3960 ;; Return value:  Size  Location     Type
  3961 ;;                  1    wreg      void 
  3962 ;; Registers used:
  3963 ;;		wreg, status,2, status,0
  3964 ;; Tracked objects:
  3965 ;;		On entry : 0/0
  3966 ;;		On exit  : 0/0
  3967 ;;		Unchanged: 0/0
  3968 ;; Data sizes:     COMRAM   BANK0   BANK1   BANK2   BANK3   BANK4   BANK5
  3969 ;;      Params:         0       0       0       0       0       0       0
  3970 ;;      Locals:         0       0       0       0       0       0       0
  3971 ;;      Temps:          0       0       0       0       0       0       0
  3972 ;;      Totals:         0       0       0       0       0       0       0
  3973 ;;Total ram usage:        0 bytes
  3974 ;; Hardware stack levels used: 1
  3975 ;; This function calls:
  3976 ;;		Nothing
  3977 ;; This function is called by:
  3978 ;;		_init_config
  3979 ;; This function uses a non-reentrant model
  3980 ;;
  3981                           
  3982                           	psect	text13
  3983   002C88                     __ptext13:
  3984                           	callstack 0
  3985   002C88                     _init_can:
  3986                           	callstack 29
  3987   002C88                     
  3988                           ;can.c: 17:     TRISB2 = 0;
  3989   002C88  9493               	bcf	3987,2,c	;volatile
  3990                           
  3991                           ;can.c: 18:     TRISB3 = 1;
  3992   002C8A  8693               	bsf	3987,3,c	;volatile
  3993   002C8C                     
  3994                           ;can.c: 22:     { CANCON &= 0x1F; CANCON |= e_can_op_mode_config; };
  3995   002C8C  0E1F               	movlw	31
  3996   002C8E  166F               	andwf	111,f,c	;volatile
  3997   002C90  8E6F               	bsf	111,7,c	;volatile
  3998   002C92                     l1112:
  3999   002C92  0E80               	movlw	128
  4000   002C94  186E               	xorwf	110,w,c	;volatile
  4001   002C96  A4D8               	btfss	status,2,c
  4002   002C98  EF50  F016         	goto	u71
  4003   002C9C  EF52  F016         	goto	u70
  4004   002CA0                     u71:
  4005   002CA0  EF49  F016         	goto	l1112
  4006   002CA4                     u70:
  4007   002CA4                     
  4008                           ;can.c: 28:     ECANCON = 0x00;
  4009   002CA4  6A77               	clrf	119,c	;volatile
  4010   002CA6                     
  4011                           ;can.c: 31:     BRGCON1 = 0xE1;
  4012   002CA6  0EE1               	movlw	225
  4013   002CA8  6E70               	movwf	112,c	;volatile
  4014                           
  4015                           ;can.c: 32:     BRGCON2 = 0x1B;
  4016   002CAA  0E1B               	movlw	27
  4017   002CAC  6E71               	movwf	113,c	;volatile
  4018                           
  4019                           ;can.c: 33:     BRGCON3 = 0x03;
  4020   002CAE  0E03               	movlw	3
  4021   002CB0  6E72               	movwf	114,c	;volatile
  4022   002CB2                     
  4023                           ;can.c: 39:     RXFCON0 = 0x00;
  4024   002CB2  010D               	movlb	13	; () banked
  4025   002CB4  6BD4               	clrf	212,b	;volatile
  4026   002CB6                     
  4027                           ; BSR set to: 13
  4028                           ;can.c: 41:     { CANCON &= 0x1F; CANCON |= e_can_op_mode_normal; };
  4029   002CB6  0E1F               	movlw	31
  4030   002CB8  166F               	andwf	111,f,c	;volatile
  4031   002CBA                     
  4032                           ; BSR set to: 13
  4033   002CBA  506F               	movf	111,w,c	;volatile
  4034   002CBC                     
  4035                           ; BSR set to: 13
  4036                           ;can.c: 44:     RXB0CON = 0x00;
  4037   002CBC  6A60               	clrf	96,c	;volatile
  4038   002CBE                     
  4039                           ; BSR set to: 13
  4040                           ;can.c: 46:     RXB0CONbits.RXM0 = 1;
  4041   002CBE  8A60               	bsf	96,5,c	;volatile
  4042   002CC0                     
  4043                           ; BSR set to: 13
  4044                           ;can.c: 47:     RXB0CONbits.RXM1 = 1;
  4045   002CC0  8C60               	bsf	96,6,c	;volatile
  4046   002CC2                     
  4047                           ; BSR set to: 13
  4048   002CC2  0012               	return		;funcret
  4049   002CC4                     __end_of_init_can:
  4050                           	callstack 0
  4051                           
  4052 ;; *************** function _indicator_blink *****************
  4053 ;; Defined at:
  4054 ;;		line 75 in file "message_handler.c"
  4055 ;; Parameters:    Size  Location     Type
  4056 ;;		None
  4057 ;; Auto vars:     Size  Location     Type
  4058 ;;		None
  4059 ;; Return value:  Size  Location     Type
  4060 ;;                  1    wreg      void 
  4061 ;; Registers used:
  4062 ;;		wreg, status,2, status,0
  4063 ;; Tracked objects:
  4064 ;;		On entry : 0/0
  4065 ;;		On exit  : 0/0
  4066 ;;		Unchanged: 0/0
  4067 ;; Data sizes:     COMRAM   BANK0   BANK1   BANK2   BANK3   BANK4   BANK5
  4068 ;;      Params:         0       0       0       0       0       0       0
  4069 ;;      Locals:         0       0       0       0       0       0       0
  4070 ;;      Temps:          0       0       0       0       0       0       0
  4071 ;;      Totals:         0       0       0       0       0       0       0
  4072 ;;Total ram usage:        0 bytes
  4073 ;; Hardware stack levels used: 1
  4074 ;; This function calls:
  4075 ;;		Nothing
  4076 ;; This function is called by:
  4077 ;;		_main
  4078 ;; This function uses a non-reentrant model
  4079 ;;
  4080                           
  4081                           	psect	text14
  4082   002F02                     __ptext14:
  4083                           	callstack 0
  4084   002F02                     _indicator_blink:
  4085                           	callstack 30
  4086   002F02                     
  4087                           ;message_handler.c: 78:     static char flag = 0;;message_handler.c: 81:     if (ind == 
      +                          3)
  4088   002F02  0E03               	movlw	3
  4089   002F04  182B               	xorwf	_ind^0,w,c
  4090   002F06  A4D8               	btfss	status,2,c
  4091   002F08  EF88  F017         	goto	u161
  4092   002F0C  EF8A  F017         	goto	u160
  4093   002F10                     u161:
  4094   002F10  EF92  F017         	goto	l1198
  4095   002F14                     u160:
  4096   002F14                     l1196:
  4097                           
  4098                           ;message_handler.c: 82:     {;message_handler.c: 83:         (PORTB = PORTB & ~0xC0);
  4099   002F14  5081               	movf	129,w,c	;volatile
  4100   002F16  0B3F               	andlw	63
  4101   002F18  6E81               	movwf	129,c	;volatile
  4102                           
  4103                           ;message_handler.c: 84:         (PORTB = PORTB & ~0x03);
  4104   002F1A  5081               	movf	129,w,c	;volatile
  4105   002F1C  0BFC               	andlw	252
  4106   002F1E  6E81               	movwf	129,c	;volatile
  4107                           
  4108                           ;message_handler.c: 85:     }
  4109   002F20  EFEB  F017         	goto	l185
  4110   002F24                     l1198:
  4111   002F24  502B               	movf	_ind^0,w,c
  4112   002F26  A4D8               	btfss	status,2,c
  4113   002F28  EF98  F017         	goto	u171
  4114   002F2C  EF9A  F017         	goto	u170
  4115   002F30                     u171:
  4116   002F30  EFB5  F017         	goto	l1210
  4117   002F34                     u170:
  4118   002F34                     
  4119                           ;message_handler.c: 88:     {;message_handler.c: 89:         if (flag == 0)
  4120   002F34  502C               	movf	indicator_blink@flag^0,w,c
  4121   002F36  A4D8               	btfss	status,2,c
  4122   002F38  EFA0  F017         	goto	u181
  4123   002F3C  EFA2  F017         	goto	u180
  4124   002F40                     u181:
  4125   002F40  EFAC  F017         	goto	l175
  4126   002F44                     u180:
  4127   002F44                     
  4128                           ;message_handler.c: 90:         {;message_handler.c: 91:             flag = 1;
  4129   002F44  0E01               	movlw	1
  4130   002F46  6E2C               	movwf	indicator_blink@flag^0,c
  4131   002F48                     
  4132                           ;message_handler.c: 92:             (PORTB = PORTB | 0x03);
  4133   002F48  5081               	movf	129,w,c	;volatile
  4134   002F4A  0903               	iorlw	3
  4135   002F4C  6E81               	movwf	129,c	;volatile
  4136   002F4E                     
  4137                           ;message_handler.c: 93:             (PORTB = PORTB & ~0xC0);
  4138   002F4E  5081               	movf	129,w,c	;volatile
  4139   002F50  0B3F               	andlw	63
  4140   002F52  6E81               	movwf	129,c	;volatile
  4141                           
  4142                           ;message_handler.c: 94:         }
  4143   002F54  EFEB  F017         	goto	l185
  4144   002F58                     l175:
  4145                           
  4146                           ;message_handler.c: 96:         {;message_handler.c: 97:             flag = 0;
  4147   002F58  6A2C               	clrf	indicator_blink@flag^0,c
  4148   002F5A                     
  4149                           ;message_handler.c: 98:             (PORTB = PORTB & ~0x03);
  4150   002F5A  5081               	movf	129,w,c	;volatile
  4151   002F5C  0BFC               	andlw	252
  4152   002F5E  6E81               	movwf	129,c	;volatile
  4153                           
  4154                           ;message_handler.c: 99:             (PORTB = PORTB & ~0xC0);
  4155   002F60  5081               	movf	129,w,c	;volatile
  4156   002F62  0B3F               	andlw	63
  4157   002F64  6E81               	movwf	129,c	;volatile
  4158   002F66  EFEB  F017         	goto	l185
  4159   002F6A                     l1210:
  4160   002F6A  042B               	decf	_ind^0,w,c
  4161   002F6C  A4D8               	btfss	status,2,c
  4162   002F6E  EFBB  F017         	goto	u191
  4163   002F72  EFBD  F017         	goto	u190
  4164   002F76                     u191:
  4165   002F76  EFD2  F017         	goto	l1222
  4166   002F7A                     u190:
  4167   002F7A                     
  4168                           ;message_handler.c: 104:     {;message_handler.c: 105:         if (flag == 0)
  4169   002F7A  502C               	movf	indicator_blink@flag^0,w,c
  4170   002F7C  A4D8               	btfss	status,2,c
  4171   002F7E  EFC3  F017         	goto	u201
  4172   002F82  EFC5  F017         	goto	u200
  4173   002F86                     u201:
  4174   002F86  EFCF  F017         	goto	l179
  4175   002F8A                     u200:
  4176   002F8A                     
  4177                           ;message_handler.c: 106:         {;message_handler.c: 107:             flag = 1;
  4178   002F8A  0E01               	movlw	1
  4179   002F8C  6E2C               	movwf	indicator_blink@flag^0,c
  4180   002F8E                     
  4181                           ;message_handler.c: 108:             (PORTB = PORTB | 0xC0);
  4182   002F8E  5081               	movf	129,w,c	;volatile
  4183   002F90  09C0               	iorlw	192
  4184   002F92  6E81               	movwf	129,c	;volatile
  4185   002F94                     
  4186                           ;message_handler.c: 109:             (PORTB = PORTB & ~0x03);
  4187   002F94  5081               	movf	129,w,c	;volatile
  4188   002F96  0BFC               	andlw	252
  4189   002F98  6E81               	movwf	129,c	;volatile
  4190                           
  4191                           ;message_handler.c: 110:         }
  4192   002F9A  EFEB  F017         	goto	l185
  4193   002F9E                     l179:
  4194                           
  4195                           ;message_handler.c: 112:         {;message_handler.c: 113:             flag = 0;
  4196   002F9E  6A2C               	clrf	indicator_blink@flag^0,c
  4197   002FA0  EF8A  F017         	goto	l1196
  4198   002FA4                     l1222:
  4199   002FA4  0E02               	movlw	2
  4200   002FA6  182B               	xorwf	_ind^0,w,c
  4201   002FA8  A4D8               	btfss	status,2,c
  4202   002FAA  EFD9  F017         	goto	u211
  4203   002FAE  EFDB  F017         	goto	u210
  4204   002FB2                     u211:
  4205   002FB2  EFEB  F017         	goto	l185
  4206   002FB6                     u210:
  4207   002FB6                     
  4208                           ;message_handler.c: 120:     {;message_handler.c: 121:         if (flag == 0)
  4209   002FB6  502C               	movf	indicator_blink@flag^0,w,c
  4210   002FB8  A4D8               	btfss	status,2,c
  4211   002FBA  EFE1  F017         	goto	u221
  4212   002FBE  EFE3  F017         	goto	u220
  4213   002FC2                     u221:
  4214   002FC2  EFAC  F017         	goto	l175
  4215   002FC6                     u220:
  4216   002FC6                     
  4217                           ;message_handler.c: 122:         {;message_handler.c: 123:             flag = 1;
  4218   002FC6  0E01               	movlw	1
  4219   002FC8  6E2C               	movwf	indicator_blink@flag^0,c
  4220   002FCA                     
  4221                           ;message_handler.c: 124:             (PORTB = PORTB | 0x03);
  4222   002FCA  5081               	movf	129,w,c	;volatile
  4223   002FCC  0903               	iorlw	3
  4224   002FCE  6E81               	movwf	129,c	;volatile
  4225   002FD0                     
  4226                           ;message_handler.c: 125:             (PORTB = PORTB | 0xC0);
  4227   002FD0  5081               	movf	129,w,c	;volatile
  4228   002FD2  09C0               	iorlw	192
  4229   002FD4  6E81               	movwf	129,c	;volatile
  4230   002FD6                     l185:
  4231   002FD6  0012               	return		;funcret
  4232   002FD8                     __end_of_indicator_blink:
  4233                           	callstack 0
  4234                           
  4235                           	psect	rparam
  4236   000001                     ___rparam_used  equ	1
  4237   000000                     ___param_bank   equ	0
  4238   000000                     __Lparam        equ	__Lrparam
  4239   000000                     __Hparam        equ	__Hrparam
  4240                           tosu	equ	0xFFF
  4241                           tosh	equ	0xFFE
  4242                           tosl	equ	0xFFD
  4243                           stkptr	equ	0xFFC
  4244                           pclatu	equ	0xFFB
  4245                           pclath	equ	0xFFA
  4246                           pcl	equ	0xFF9
  4247                           tblptru	equ	0xFF8
  4248                           tblptrh	equ	0xFF7
  4249                           tblptrl	equ	0xFF6
  4250                           tablat	equ	0xFF5
  4251                           prodh	equ	0xFF4
  4252                           prodl	equ	0xFF3
  4253                           indf0	equ	0xFEF
  4254                           postinc0	equ	0xFEE
  4255                           postdec0	equ	0xFED
  4256                           preinc0	equ	0xFEC
  4257                           plusw0	equ	0xFEB
  4258                           fsr0h	equ	0xFEA
  4259                           fsr0l	equ	0xFE9
  4260                           wreg	equ	0xFE8
  4261                           indf1	equ	0xFE7
  4262                           postinc1	equ	0xFE6
  4263                           postdec1	equ	0xFE5
  4264                           preinc1	equ	0xFE4
  4265                           plusw1	equ	0xFE3
  4266                           fsr1h	equ	0xFE2
  4267                           fsr1l	equ	0xFE1
  4268                           bsr	equ	0xFE0
  4269                           indf2	equ	0xFDF
  4270                           postinc2	equ	0xFDE
  4271                           postdec2	equ	0xFDD
  4272                           preinc2	equ	0xFDC
  4273                           plusw2	equ	0xFDB
  4274                           fsr2h	equ	0xFDA
  4275                           fsr2l	equ	0xFD9
  4276                           status	equ	0xFD8

Data Sizes:
    Strings     33
    Constant    0
    Data        9
    BSS         3
    Persistent  0
    Stack       0

Auto Spaces:
    Space          Size  Autos    Used
    COMRAM           95     34      46
    BANK0           160      0       0
    BANK1           256      0       0
    BANK2           256      0       0
    BANK3           256      0       0
    BANK4           256      0       0
    BANK5           256      0       0

Pointer List with Targets:

    can_receive@data	PTR unsigned char  size(1) Largest target is 9
		 -> process_canbus_data@data(COMRAM[9]), 

    can_receive@len	PTR unsigned char  size(1) Largest target is 1
		 -> process_canbus_data@len(COMRAM[1]), 

    can_receive@msg_id	PTR unsigned short  size(1) Largest target is 2
		 -> process_canbus_data@msg_id(COMRAM[2]), 

    can_receive@ptr	PTR unsigned char  size(2) Largest target is 1
		 -> RXB0D0(SFR_3[1]), 

    clcd_print@data	PTR const unsigned char  size(2) Largest target is 9
		 -> process_canbus_data@data(COMRAM[9]), STR_1(CODE[3]), STR_2(CODE[2]), STR_3(CODE[4]), 
		 -> STR_4(CODE[4]), STR_5(CODE[5]), STR_6(CODE[5]), STR_7(CODE[5]), 
		 -> STR_8(CODE[5]), 

    handle_gear_data@data	PTR unsigned char  size(1) Largest target is 9
		 -> process_canbus_data@data(COMRAM[9]), 

    handle_indicator_data@data	PTR unsigned char  size(1) Largest target is 9
		 -> process_canbus_data@data(COMRAM[9]), 

    handle_rpm_data@data	PTR unsigned char  size(1) Largest target is 9
		 -> process_canbus_data@data(COMRAM[9]), 

    handle_speed_data@data	PTR unsigned char  size(1) Largest target is 9
		 -> process_canbus_data@data(COMRAM[9]), 

    ind_arr	PTR const unsigned char [4] size(2) Largest target is 5
		 -> STR_5(CODE[5]), STR_6(CODE[5]), STR_7(CODE[5]), STR_8(CODE[5]), 


Critical Paths under _main in COMRAM

    _main->_process_canbus_data
    _process_canbus_data->_can_receive
    _handle_speed_data->_clcd_print
    _handle_rpm_data->_clcd_print
    _handle_indicator_data->_clcd_print
    _handle_gear_data->_clcd_print
    _clcd_print->_clcd_write
    _can_receive->_get_msg_id_std
    _init_clcd->_clcd_write

Critical Paths under _main in BANK0

    None.

Critical Paths under _main in BANK1

    None.

Critical Paths under _main in BANK2

    None.

Critical Paths under _main in BANK3

    None.

Critical Paths under _main in BANK4

    None.

Critical Paths under _main in BANK5

    None.

Call Graph Tables:

 ---------------------------------------------------------------------------------
 (Depth) Function   	        Calls       Base Space   Used Autos Params    Refs
 ---------------------------------------------------------------------------------
 (0) _main                                                 4     4      0    1620
                                             30 COMRAM     4     4      0
                         _clcd_print
                    _indicator_blink
                        _init_config
                _process_canbus_data
 ---------------------------------------------------------------------------------
 (1) _process_canbus_data                                 12    12      0    1395
                                             18 COMRAM    12    12      0
                        _can_receive
                   _handle_gear_data
              _handle_indicator_data
                    _handle_rpm_data
                  _handle_speed_data
 ---------------------------------------------------------------------------------
 (2) _handle_speed_data                                    2     0      2     210
                                              5 COMRAM     2     0      2
                         _clcd_print
 ---------------------------------------------------------------------------------
 (2) _handle_rpm_data                                      2     0      2     210
                                              5 COMRAM     2     0      2
                         _clcd_print
 ---------------------------------------------------------------------------------
 (2) _handle_indicator_data                                2     0      2     166
                                              5 COMRAM     2     0      2
                         _clcd_print
 ---------------------------------------------------------------------------------
 (2) _handle_gear_data                                     2     0      2     210
                                              5 COMRAM     2     0      2
                         _clcd_print
 ---------------------------------------------------------------------------------
 (3) _clcd_print                                           3     0      3     142
                                              2 COMRAM     3     0      3
                         _clcd_write
 ---------------------------------------------------------------------------------
 (2) _can_receive                                         10     7      3     228
                                              8 COMRAM    10     7      3
                     _get_msg_id_std
 ---------------------------------------------------------------------------------
 (3) _get_msg_id_std                                       8     6      2      24
                                              0 COMRAM     8     6      2
 ---------------------------------------------------------------------------------
 (1) _init_config                                          0     0      0      59
                           _init_can
                          _init_clcd
                          _init_leds
 ---------------------------------------------------------------------------------
 (2) _init_leds                                            0     0      0       0
 ---------------------------------------------------------------------------------
 (2) _init_clcd                                            0     0      0      59
                         _clcd_write
 ---------------------------------------------------------------------------------
 (4) _clcd_write                                           2     1      1      59
                                              0 COMRAM     2     1      1
 ---------------------------------------------------------------------------------
 (2) _init_can                                             0     0      0       0
 ---------------------------------------------------------------------------------
 (1) _indicator_blink                                      0     0      0       0
 ---------------------------------------------------------------------------------
 Estimated maximum stack depth 4
 ---------------------------------------------------------------------------------

 Call Graph Graphs:

 _main (ROOT)
   _clcd_print
     _clcd_write
   _indicator_blink
   _init_config
     _init_can
     _init_clcd
       _clcd_write
     _init_leds
   _process_canbus_data
     _can_receive
       _get_msg_id_std
     _handle_gear_data
       _clcd_print
     _handle_indicator_data
       _clcd_print
     _handle_rpm_data
       _clcd_print
     _handle_speed_data
       _clcd_print

Address spaces:
Name               Size   Autos  Total    Usage
BIGRAM            1535      0       0      0.0%
BITBIGSFRllh       410      0       0      0.0%
BITBANK5           256      0       0      0.0%
BANK5              256      0       0      0.0%
BITBANK4           256      0       0      0.0%
BANK4              256      0       0      0.0%
BITBANK3           256      0       0      0.0%
BANK3              256      0       0      0.0%
BITBANK2           256      0       0      0.0%
BANK2              256      0       0      0.0%
BITBANK1           256      0       0      0.0%
BANK1              256      0       0      0.0%
BITBIGSFRlll       212      0       0      0.0%
BITBANK0           160      0       0      0.0%
BANK0              160      0       0      0.0%
BITCOMRAM           95      0       0      0.0%
COMRAM              95     34      46     48.4%
BITBIGSFRh          82      0       0      0.0%
BITBIGSFRlh         61      0       0      0.0%
STACK                0      0       0      0.0%
DATA                 0      0      46      0.0%


Microchip Technology PIC18 Macro Assembler V3.10 build 20250813170317 
Symbol Table                                                                                   Sun Jul 12 22:19:57 2026

               clcd_print@addr 0005                 clcd_print@data 0003                             l21 2B0C  
                           l24 2B28                             l90 2C86                             l86 2CA4  
                           l87 2CC2                             u70 2CA4                             u71 2CA0  
              ?_get_msg_id_std 0001                            l105 2DB2                            l131 2BDA  
                          l107 2DC2                            l127 2C48                            l128 2C4C  
                          l160 2B42                            l137 2D2E                            l163 2B5C  
                          l157 2B76                            l175 2F58                            l167 2C12  
                          l185 2FD6                            l193 2F00                            l179 2F9E  
                          _GIE 7F97                            _RC0 7C10                            _RC1 7C11  
                          _RC2 7C12                            _RD7 7C1F                            u200 2F8A  
                          u201 2F86                            u210 2FB6                            u211 2FB2  
                          u220 2FC6                            u221 2FC2                            u310 2C48  
                          u311 2C44                            u160 2F14                            u320 2CF6  
                          u400 2EB4                            u161 2F10                            u305 2C28  
                          u401 2EB0                            u170 2F34                            u330 2D1E  
                          u410 2ED4                            u171 2F30                            u411 2ED0  
                          u180 2F44                            u340 2D2E                            u420 2EF4  
                          u181 2F40                            u341 2D2A                            u421 2EF0  
                          u190 2F7A                            u350 2D3E                            u430 2E44  
                          u191 2F76                            u351 2D3A                            u327 2CEC  
                          u431 2E40                            u360 2DB2                            u361 2DAE  
                          u337 2D14                            u290 2C26                            u370 2BF6  
                          u291 2C20                            u371 2BF2                            u380 2E80  
                          u381 2E7C                            u390 2E94                            u391 2E90  
                          _PSA 7EAB                            _RX9 7D5E                            _TX9 7D66  
        ??_process_canbus_data 0013                            _ind 002B              can_receive@msg_id 0009  
                          wreg 0FE8                           l1110 2C90                           l1200 2F34  
                         l1120 2CBA                           l1112 2C92                           l1202 2F44  
                         l1210 2F6A                           l1122 2CBC                           l1114 2CA6  
                         l1106 2C88                           l1212 2F7A                           l1204 2F48  
                         l1124 2CBE                           l1116 2CB2                           l1108 2C8C  
                         l1230 2FD0                           l1214 2F8A                           l1222 2FA4  
                         l1206 2F4E                           l1126 2CC0                           l1118 2CB6  
                         l1224 2FB6                           l1216 2F8E                           l1208 2F5A  
                         l1320 2C30                           l1312 2C16                           l1400 2B20  
                         l1226 2FC6                           l1218 2F94                           l1330 2C3A  
                         l1322 2C32                           l1314 2C28                           l1090 2B0A  
                         l1402 2B24                           l1410 2E80                           l1228 2FCA  
                         l1324 2C34                           l1316 2C2C                           l1404 2B26  
                         l1340 2C4E                           l1332 2CC4                           l1420 2ED4  
                         l1412 2E94                           l1326 2C36                           l1318 2C2E  
                         l1350 2BAA                           l1342 2C4E                           l1334 2CD2  
                         l1422 2EE0                           l1414 2EA0                           l1406 2E60  
                         l1430 2DD4                           l1328 2C38                           l1360 2BD0  
                         l1352 2BB0                           l1088 2B06                           l1344 2C7E  
                         l1336 2CFA                           l1424 2EF4                           l1416 2EB4  
                         l1408 2E70                           l1440 2E0C                           l1432 2DD8  
                         l1194 2F02                           l1354 2BB2                           l1370 2D62  
                         l1362 2D30                           l1338 2CFE                           l1418 2EC0  
                         l1426 2F00                           l1442 2E1C                           l1434 2DDC  
                         l1196 2F14                           l1356 2BBC                           l1348 2BA8  
                         l1372 2D6C                           l1364 2D3E                           l1380 2B5E  
                         l1444 2E44                           l1436 2DEC                           l1428 2DC4  
                         l1198 2F24                           l1358 2BC6                           l1374 2D84  
                         l1366 2D50                           l1390 2B4E                           l1382 2B68  
                         l1446 2E54                           l1438 2DFC                           l1376 2D88  
                         l1368 2D5A                           l1384 2B2A                           l1392 2BDC  
                         l1378 2DBA                           l1386 2B34                           l1394 2BE6  
                         l1396 2BF6                           l1388 2B44                           l1398 2B18  
                         STR_1 2FF5                           STR_2 2FF8                           STR_3 2FF1  
                         STR_4 2FED                           STR_5 2FD9                           STR_6 2FDE  
                         STR_7 2FE3                           STR_8 2FE8                           _BRGH 7D62  
                         _CREN 7D5C                           _T0CS 7EAD                           _PEIE 7F96  
                         _RCIF 7CF5                           _TMR0 0FD6                           _SPEN 7D5F  
                         _TXEN 7D65                           _TXIF 7CF4                           _SYNC 7D64  
                         _main 2DC4                           fsr0h 0FEA                           fsr1h 0FE2  
                         indf0 0FEF                           fsr2h 0FDA                           fsr0l 0FE9  
                         indf1 0FE7                           indf2 0FDF                           fsr1l 0FE1  
                         fsr2l 0FD9             handle_rpm_data@len 0007                           prodl 0FF3  
                         start 2FFC                   ___param_bank 0000                 clcd_write@byte 0002  
                        ?_main 0001                          _BRG16 7DC3                   ?_init_config 0001  
                        _RCREG 0FAE                          _SENDB 7D63                          _SPBRG 0FAF  
                        _PORTB 0F81                          _PORTD 0F83                          _TRISB 0F93  
                        _TRISC 0F94                          _TRISD 0F95                          _TXREG 0FAD  
          handle_rpm_data@data 0006                          tablat 0FF5                          status 0FD8  
              __initialization 2B78                   __end_of_main 2E60                _handle_rpm_data 2B44  
       process_canbus_data@len 001E                         ??_main 001F                  __activetblptr 0002  
         handle_speed_data@len 0007                         _CANCON 0F6F                         _T08BIT 7EAE  
     handle_indicator_data@len 0007                         _RXB0D0 0F66                         _RXB0IF 7D20  
                       _TMR0IE 7F95                         _TMR0IF 7F92                         _TXB0D0 0F46  
                       _TMR0ON 7EAF                         _TRISB2 7C9A                         _TRISB3 7C9B  
                       _TRISC6 7CA6                         _TRISC7 7CA7                         _TRISD7 7CAF  
        _handle_indicator_data 2BDC               __end_of_init_can 2CC4                         isa$std 0001  
                       _status 002D                   __pdataCOMRAM 0023               _handle_gear_data 2B2A  
                 __mediumconst 2FD8                         tblptrh 0FF7                         tblptrl 0FF6  
                       tblptru 0FF8                     __accesstop 0060        __end_of__initialization 2B9E  
               can_receive@len 000B                 can_receive@ptr 000F                  ___rparam_used 0001  
             ??_get_msg_id_std 0003        __end_of_handle_rpm_data 2B5E                 __pcstackCOMRAM 0001  
             get_msg_id_std@id 0007        process_canbus_data@data 0013         ?_handle_indicator_data 0006  
            ??_indicator_blink 0001                     _clcd_print 2CC4                     _clcd_write 2C14  
        handle_speed_data@data 0006    __end_of_process_canbus_data 2F02                        _ECANCON 0F77  
                      _CANSTAT 0F6E                        _BRGCON1 0F70                        _BRGCON2 0F71  
                      _BRGCON3 0F72                        _RXB0DLC 0F65                        _RXB0CON 0F60  
                      _RXB0FUL 7B07                        _TXB0DLC 0F45                        _TXB0REQ 7A03  
                      _RXFCON0 0DD4                      ?_init_can 0001                        __Hparam 0000  
                      __Lparam 0000               ?_handle_rpm_data 0006                  ??_can_receive 000C  
                      __pcinit 2B78                        __ramtop 0600                        __ptext0 2DC4  
                      __ptext1 2E60                        __ptext2 2B5E                        __ptext3 2B44  
                      __ptext4 2BDC                        __ptext5 2B2A                        __ptext6 2CC4  
                      __ptext7 2D30                        __ptext8 2C4E                        __ptext9 2B18  
                      _ind_arr 0023              __end_of_init_clcd 2BDC              __end_of_init_leds 2B0E  
         end_of_initialization 2B9E            indicator_blink@flag 002C                     ??_init_can 0001  
                __Lmediumconst 2FD8                    ?_clcd_print 0003                    ?_clcd_write 0001  
     __end_of_handle_gear_data 2B44                        postdec1 0FE5                        postdec2 0FDD  
                      postinc0 0FEE                        postinc2 0FDE            __end_of_can_receive 2DC4  
              can_receive@data 000A                  __pidataCOMRAM 2B0F            start_initialization 2B78  
                 can_receive@i 0011                _indicator_blink 2F02        ??_handle_indicator_data 0008  
            _handle_speed_data 2B5E                    _can_receive 2D30             ?_handle_speed_data 0006  
                ??_init_config 0003            ??_handle_speed_data 0008                    __pbssCOMRAM 002C  
    __end_of_handle_speed_data 2B78                  __pmediumconst 2FD8        __end_of_indicator_blink 2FD8  
                    _led_state 002E                    __smallconst 2FD8                      _init_clcd 2BA8  
                    _init_leds 2B06            __end_of_init_config 2B2A                   ??_clcd_print 0006  
                 ??_clcd_write 0002              ?_handle_gear_data 0006                       _RXB0SIDH 0F61  
                     _RXB0SIDL 0F62                       _TXB0EIDH 0F43                       _TXB0EIDL 0F44  
           ??_handle_gear_data 0008                       _TXB0SIDH 0F41                       _TXB0SIDL 0F42  
        clcd_write@control_bit 0001                      main@delay 001F             __end_of_clcd_print 2D30  
           __end_of_clcd_write 2C4E                     ?_init_clcd 0001                     ?_init_leds 0001  
                    copy_data0 2B8C                       __Hrparam 0000                       __Lrparam 0000  
    process_canbus_data@msg_id 001C               ?_indicator_blink 0001                    _init_config 2B18  
                     __ptext10 2B06                       __ptext11 2BA8                       __ptext12 2C14  
                     __ptext13 2C88                       __ptext14 2F02  __end_of_handle_indicator_data 2C14  
                     _init_can 2C88           handle_gear_data@data 0006                       isa$xinst 0000  
                 ?_can_receive 0009                 _get_msg_id_std 2C4E                    _RXB0CONbits 0F60  
                  ??_init_clcd 0003                    ??_init_leds 0001              ??_handle_rpm_data 0008  
          _process_canbus_data 2E60            handle_gear_data@len 0007      handle_indicator_data@data 0006  
       __end_of_get_msg_id_std 2C88           ?_process_canbus_data 0001  
