

Microchip MPLAB XC8 Assembler V3.10 build 20250813170317 
                                                                                               Sun Jul 12 22:19:26 2026

Microchip MPLAB XC8 C Compiler v3.10 (Free license) build 20250813170317 Og1 
     1                           	processor	18F4580
     2                           	fnconf	rparam,??,?,0
     3                           	pagewidth 120
     4                           	opt	flic
     5                           	psect	idataCOMRAM,global,class=CODE,space=0,delta=1,noexec
     6                           	psect	cinit,global,reloc=2,class=CODE,space=0,delta=1
     7                           	psect	dataCOMRAM,global,class=COMRAM,space=1,delta=1,lowdata,noexec
     8                           	psect	cstackCOMRAM,global,class=COMRAM,space=1,delta=1,lowdata,noexec
     9                           	psect	text0,global,reloc=2,class=CODE,space=0,delta=1
    10                           	psect	text1,global,reloc=2,class=CODE,space=0,delta=1
    11                           	psect	text2,global,reloc=2,class=CODE,space=0,delta=1
    12                           	psect	text3,global,reloc=2,class=CODE,space=0,delta=1
    13                           	psect	text4,global,reloc=2,class=CODE,space=0,delta=1
    14                           	psect	text5,global,reloc=2,class=CODE,space=0,delta=1
    15                           	psect	text6,global,reloc=2,class=CODE,space=0,delta=1
    16                           	psect	text7,global,reloc=2,class=CODE,space=0,delta=1
    17                           	psect	text8,global,reloc=2,class=CODE,space=0,delta=1
    18                           	psect	text9,global,reloc=2,class=CODE,space=0,delta=1,group=1
    19                           	psect	text10,global,reloc=2,class=CODE,space=0,delta=1,group=1
    20                           	psect	text11,global,reloc=2,class=CODE,space=0,delta=1,group=1
    21                           	psect	text12,global,reloc=2,class=CODE,space=0,delta=1
    22                           	psect	text13,global,reloc=2,class=CODE,space=0,delta=1
    23                           	psect	text14,global,reloc=2,class=CODE,space=0,delta=1,group=1
    24                           	psect	text15,global,reloc=2,class=CODE,space=0,delta=1,group=1
    25                           	psect	smallconst,global,reloc=2,class=SMALLCONST,space=0,delta=1,noexec
    26                           	psect	intsave_regs,global,class=BIGRAM,space=1,delta=1,noexec
    27                           	psect	rparam,global,class=COMRAM,space=1,delta=1,noexec
    28   000000                     
    29                           ; Version 2.20
    30                           ; Generated 12/02/2020 GMT
    31                           ; 
    32                           ; Copyright © 2020, Microchip Technology Inc. and its subsidiaries ("Microchip")
    33                           ; All rights reserved.
    34                           ; 
    35                           ; This software is developed by Microchip Technology Inc. and its subsidiaries ("Microch
      +                          ip").
    36                           ; 
    37                           ; Redistribution and use in source and binary forms, with or without modification, are
    38                           ; permitted provided that the following conditions are met:
    39                           ; 
    40                           ;     1. Redistributions of source code must retain the above copyright notice, this lis
      +                          t of
    41                           ;        conditions and the following disclaimer.
    42                           ; 
    43                           ;     2. Redistributions in binary form must reproduce the above copyright notice, this 
      +                          list
    44                           ;        of conditions and the following disclaimer in the documentation and/or other
    45                           ;        materials provided with the distribution.
    46                           ; 
    47                           ;     3. Microchip's name may not be used to endorse or promote products derived from th
      +                          is
    48                           ;        software without specific prior written permission.
    49                           ; 
    50                           ; THIS SOFTWARE IS PROVIDED BY MICROCHIP "AS IS" AND ANY EXPRESS OR IMPLIED WARRANTIES,
    51                           ; INCLUDING, BUT NOT LIMITED TO, THE IMPLIED WARRANTIES OF MERCHANTABILITY AND FITNESS F
      +                          OR
    52                           ; PURPOSE ARE DISCLAIMED.  IN NO EVENT SHALL MICROCHIP BE LIABLE FOR ANY DIRECT, INDIREC
      +                          T,
    53                           ; INCIDENTAL, SPECIAL, EXEMPLARY, OR CONSEQUENTIAL DAMAGES (INCLUDING BUT NOT LIMITED TO
    54                           ; PROCUREMENT OF SUBSTITUTE GOODS OR SERVICES; LOSS OF USE, DATA OR PROFITS; OR BUSINESS
    55                           ; INTERRUPTION) HOWSOEVER CAUSED AND ON ANY THEORY OF LIABILITY, WHETHER IN CONTRACT, ST
      +                          RICT
    56                           ; LIABILITY, OR TORT (INCLUDING NEGLIGENCE OR OTHERWISE) ARISING IN ANY WAY OUT OF THE U
      +                          SE OF
    57                           ; THIS SOFTWARE, EVEN IF ADVISED OF THE POSSIBILITY OF SUCH DAMAGE.
    58                           ; 
    59                           ; 
    60                           ; Code-generator required, PIC18F4580 Definitions
    61                           ; 
    62                           ; SFR Addresses
    63   000FE0                     bsr             equ	4064
    64   000FE9                     fsr0            equ	4073
    65   000FEA                     fsr0h           equ	4074
    66   000FE9                     fsr0l           equ	4073
    67   000FE1                     fsr1            equ	4065
    68   000FE2                     fsr1h           equ	4066
    69   000FE1                     fsr1l           equ	4065
    70   000FD9                     fsr2            equ	4057
    71   000FDA                     fsr2h           equ	4058
    72   000FD9                     fsr2l           equ	4057
    73   000FEF                     indf0           equ	4079
    74   000FE7                     indf1           equ	4071
    75   000FDF                     indf2           equ	4063
    76   000FF2                     intcon          equ	4082
    77   000000                     nvmcon          equ	0
    78   000FF9                     pcl             equ	4089
    79   000FFA                     pclath          equ	4090
    80   000FFB                     pclatu          equ	4091
    81   000FEB                     plusw0          equ	4075
    82   000FE3                     plusw1          equ	4067
    83   000FDB                     plusw2          equ	4059
    84   000FED                     postdec0        equ	4077
    85   000FE5                     postdec1        equ	4069
    86   000FDD                     postdec2        equ	4061
    87   000FEE                     postinc0        equ	4078
    88   000FE6                     postinc1        equ	4070
    89   000FDE                     postinc2        equ	4062
    90   000FEC                     preinc0         equ	4076
    91   000FE4                     preinc1         equ	4068
    92   000FDC                     preinc2         equ	4060
    93   000FF3                     prod            equ	4083
    94   000FF4                     prodh           equ	4084
    95   000FF3                     prodl           equ	4083
    96   000FD8                     status          equ	4056
    97   000FF5                     tablat          equ	4085
    98   000FF6                     tblptr          equ	4086
    99   000FF7                     tblptrh         equ	4087
   100   000FF6                     tblptrl         equ	4086
   101   000FF8                     tblptru         equ	4088
   102   000FFD                     tosl            equ	4093
   103   000FE8                     wreg            equ	4072
   104   000D60                     RXF6SIDH        equ	3424	;# 
   105   000D61                     RXF6SIDL        equ	3425	;# 
   106   000D62                     RXF6EIDH        equ	3426	;# 
   107   000D63                     RXF6EIDL        equ	3427	;# 
   108   000D64                     RXF7SIDH        equ	3428	;# 
   109   000D65                     RXF7SIDL        equ	3429	;# 
   110   000D66                     RXF7EIDH        equ	3430	;# 
   111   000D67                     RXF7EIDL        equ	3431	;# 
   112   000D68                     RXF8SIDH        equ	3432	;# 
   113   000D69                     RXF8SIDL        equ	3433	;# 
   114   000D6A                     RXF8EIDH        equ	3434	;# 
   115   000D6B                     RXF8EIDL        equ	3435	;# 
   116   000D70                     RXF9SIDH        equ	3440	;# 
   117   000D71                     RXF9SIDL        equ	3441	;# 
   118   000D72                     RXF9EIDH        equ	3442	;# 
   119   000D73                     RXF9EIDL        equ	3443	;# 
   120   000D74                     RXF10SIDH       equ	3444	;# 
   121   000D75                     RXF10SIDL       equ	3445	;# 
   122   000D76                     RXF10EIDH       equ	3446	;# 
   123   000D77                     RXF10EIDL       equ	3447	;# 
   124   000D78                     RXF11SIDH       equ	3448	;# 
   125   000D79                     RXF11SIDL       equ	3449	;# 
   126   000D7A                     RXF11EIDH       equ	3450	;# 
   127   000D7B                     RXF11EIDL       equ	3451	;# 
   128   000D80                     RXF12SIDH       equ	3456	;# 
   129   000D81                     RXF12SIDL       equ	3457	;# 
   130   000D82                     RXF12EIDH       equ	3458	;# 
   131   000D83                     RXF12EIDL       equ	3459	;# 
   132   000D84                     RXF13SIDH       equ	3460	;# 
   133   000D85                     RXF13SIDL       equ	3461	;# 
   134   000D86                     RXF13EIDH       equ	3462	;# 
   135   000D87                     RXF13EIDL       equ	3463	;# 
   136   000D88                     RXF14SIDH       equ	3464	;# 
   137   000D89                     RXF14SIDL       equ	3465	;# 
   138   000D8A                     RXF14EIDH       equ	3466	;# 
   139   000D8B                     RXF14EIDL       equ	3467	;# 
   140   000D90                     RXF15SIDH       equ	3472	;# 
   141   000D91                     RXF15SIDL       equ	3473	;# 
   142   000D92                     RXF15EIDH       equ	3474	;# 
   143   000D93                     RXF15EIDL       equ	3475	;# 
   144   000DD4                     RXFCON0         equ	3540	;# 
   145   000DD5                     RXFCON1         equ	3541	;# 
   146   000DD8                     SDFLC           equ	3544	;# 
   147   000DE0                     RXFBCON0        equ	3552	;# 
   148   000DE1                     RXFBCON1        equ	3553	;# 
   149   000DE2                     RXFBCON2        equ	3554	;# 
   150   000DE3                     RXFBCON3        equ	3555	;# 
   151   000DE4                     RXFBCON4        equ	3556	;# 
   152   000DE5                     RXFBCON5        equ	3557	;# 
   153   000DE6                     RXFBCON6        equ	3558	;# 
   154   000DE7                     RXFBCON7        equ	3559	;# 
   155   000DF0                     MSEL0           equ	3568	;# 
   156   000DF1                     MSEL1           equ	3569	;# 
   157   000DF2                     MSEL2           equ	3570	;# 
   158   000DF3                     MSEL3           equ	3571	;# 
   159   000DF8                     BSEL0           equ	3576	;# 
   160   000DFA                     BIE0            equ	3578	;# 
   161   000DFC                     TXBIE           equ	3580	;# 
   162   000E20                     B0CON           equ	3616	;# 
   163   000E21                     B0SIDH          equ	3617	;# 
   164   000E22                     B0SIDL          equ	3618	;# 
   165   000E23                     B0EIDH          equ	3619	;# 
   166   000E24                     B0EIDL          equ	3620	;# 
   167   000E25                     B0DLC           equ	3621	;# 
   168   000E26                     B0D0            equ	3622	;# 
   169   000E27                     B0D1            equ	3623	;# 
   170   000E28                     B0D2            equ	3624	;# 
   171   000E29                     B0D3            equ	3625	;# 
   172   000E2A                     B0D4            equ	3626	;# 
   173   000E2B                     B0D5            equ	3627	;# 
   174   000E2C                     B0D6            equ	3628	;# 
   175   000E2D                     B0D7            equ	3629	;# 
   176   000E2E                     CANSTAT_RO9     equ	3630	;# 
   177   000E2F                     CANCON_RO9      equ	3631	;# 
   178   000E30                     B1CON           equ	3632	;# 
   179   000E31                     B1SIDH          equ	3633	;# 
   180   000E32                     B1SIDL          equ	3634	;# 
   181   000E33                     B1EIDH          equ	3635	;# 
   182   000E34                     B1EIDL          equ	3636	;# 
   183   000E35                     B1DLC           equ	3637	;# 
   184   000E36                     B1D0            equ	3638	;# 
   185   000E37                     B1D1            equ	3639	;# 
   186   000E38                     B1D2            equ	3640	;# 
   187   000E39                     B1D3            equ	3641	;# 
   188   000E3A                     B1D4            equ	3642	;# 
   189   000E3B                     B1D5            equ	3643	;# 
   190   000E3C                     B1D6            equ	3644	;# 
   191   000E3D                     B1D7            equ	3645	;# 
   192   000E3E                     CANSTAT_RO8     equ	3646	;# 
   193   000E3F                     CANCON_RO8      equ	3647	;# 
   194   000E40                     B2CON           equ	3648	;# 
   195   000E41                     B2SIDH          equ	3649	;# 
   196   000E42                     B2SIDL          equ	3650	;# 
   197   000E43                     B2EIDH          equ	3651	;# 
   198   000E44                     B2EIDL          equ	3652	;# 
   199   000E45                     B2DLC           equ	3653	;# 
   200   000E46                     B2D0            equ	3654	;# 
   201   000E47                     B2D1            equ	3655	;# 
   202   000E48                     B2D2            equ	3656	;# 
   203   000E49                     B2D3            equ	3657	;# 
   204   000E4A                     B2D4            equ	3658	;# 
   205   000E4B                     B2D5            equ	3659	;# 
   206   000E4C                     B2D6            equ	3660	;# 
   207   000E4D                     B2D7            equ	3661	;# 
   208   000E4E                     CANSTAT_RO7     equ	3662	;# 
   209   000E4F                     CANCON_RO7      equ	3663	;# 
   210   000E50                     B3CON           equ	3664	;# 
   211   000E51                     B3SIDH          equ	3665	;# 
   212   000E52                     B3SIDL          equ	3666	;# 
   213   000E53                     B3EIDH          equ	3667	;# 
   214   000E54                     B3EIDL          equ	3668	;# 
   215   000E55                     B3DLC           equ	3669	;# 
   216   000E56                     B3D0            equ	3670	;# 
   217   000E57                     B3D1            equ	3671	;# 
   218   000E58                     B3D2            equ	3672	;# 
   219   000E59                     B3D3            equ	3673	;# 
   220   000E5A                     B3D4            equ	3674	;# 
   221   000E5B                     B3D5            equ	3675	;# 
   222   000E5C                     B3D6            equ	3676	;# 
   223   000E5D                     B3D7            equ	3677	;# 
   224   000E5E                     CANSTAT_RO6     equ	3678	;# 
   225   000E5F                     CANCON_RO6      equ	3679	;# 
   226   000E60                     B4CON           equ	3680	;# 
   227   000E61                     B4SIDH          equ	3681	;# 
   228   000E62                     B4SIDL          equ	3682	;# 
   229   000E63                     B4EIDH          equ	3683	;# 
   230   000E64                     B4EIDL          equ	3684	;# 
   231   000E65                     B4DLC           equ	3685	;# 
   232   000E66                     B4D0            equ	3686	;# 
   233   000E67                     B4D1            equ	3687	;# 
   234   000E68                     B4D2            equ	3688	;# 
   235   000E69                     B4D3            equ	3689	;# 
   236   000E6A                     B4D4            equ	3690	;# 
   237   000E6B                     B4D5            equ	3691	;# 
   238   000E6C                     B4D6            equ	3692	;# 
   239   000E6D                     B4D7            equ	3693	;# 
   240   000E6E                     CANSTAT_RO5     equ	3694	;# 
   241   000E6F                     CANCON_RO5      equ	3695	;# 
   242   000E70                     B5CON           equ	3696	;# 
   243   000E71                     B5SIDH          equ	3697	;# 
   244   000E72                     B5SIDL          equ	3698	;# 
   245   000E73                     B5EIDH          equ	3699	;# 
   246   000E74                     B5EIDL          equ	3700	;# 
   247   000E75                     B5DLC           equ	3701	;# 
   248   000E76                     B5D0            equ	3702	;# 
   249   000E77                     B5D1            equ	3703	;# 
   250   000E78                     B5D2            equ	3704	;# 
   251   000E79                     B5D3            equ	3705	;# 
   252   000E7A                     B5D4            equ	3706	;# 
   253   000E7B                     B5D5            equ	3707	;# 
   254   000E7C                     B5D6            equ	3708	;# 
   255   000E7D                     B5D7            equ	3709	;# 
   256   000E7E                     CANSTAT_RO4     equ	3710	;# 
   257   000E7F                     CANCON_RO4      equ	3711	;# 
   258   000F00                     RXF0SIDH        equ	3840	;# 
   259   000F01                     RXF0SIDL        equ	3841	;# 
   260   000F02                     RXF0EIDH        equ	3842	;# 
   261   000F03                     RXF0EIDL        equ	3843	;# 
   262   000F04                     RXF1SIDH        equ	3844	;# 
   263   000F05                     RXF1SIDL        equ	3845	;# 
   264   000F06                     RXF1EIDH        equ	3846	;# 
   265   000F07                     RXF1EIDL        equ	3847	;# 
   266   000F08                     RXF2SIDH        equ	3848	;# 
   267   000F09                     RXF2SIDL        equ	3849	;# 
   268   000F0A                     RXF2EIDH        equ	3850	;# 
   269   000F0B                     RXF2EIDL        equ	3851	;# 
   270   000F0C                     RXF3SIDH        equ	3852	;# 
   271   000F0D                     RXF3SIDL        equ	3853	;# 
   272   000F0E                     RXF3EIDH        equ	3854	;# 
   273   000F0F                     RXF3EIDL        equ	3855	;# 
   274   000F10                     RXF4SIDH        equ	3856	;# 
   275   000F11                     RXF4SIDL        equ	3857	;# 
   276   000F12                     RXF4EIDH        equ	3858	;# 
   277   000F13                     RXF4EIDL        equ	3859	;# 
   278   000F14                     RXF5SIDH        equ	3860	;# 
   279   000F15                     RXF5SIDL        equ	3861	;# 
   280   000F16                     RXF5EIDH        equ	3862	;# 
   281   000F17                     RXF5EIDL        equ	3863	;# 
   282   000F18                     RXM0SIDH        equ	3864	;# 
   283   000F19                     RXM0SIDL        equ	3865	;# 
   284   000F1A                     RXM0EIDH        equ	3866	;# 
   285   000F1B                     RXM0EIDL        equ	3867	;# 
   286   000F1C                     RXM1SIDH        equ	3868	;# 
   287   000F1D                     RXM1SIDL        equ	3869	;# 
   288   000F1E                     RXM1EIDH        equ	3870	;# 
   289   000F1F                     RXM1EIDL        equ	3871	;# 
   290   000F20                     TXB2CON         equ	3872	;# 
   291   000F21                     TXB2SIDH        equ	3873	;# 
   292   000F22                     TXB2SIDL        equ	3874	;# 
   293   000F23                     TXB2EIDH        equ	3875	;# 
   294   000F24                     TXB2EIDL        equ	3876	;# 
   295   000F25                     TXB2DLC         equ	3877	;# 
   296   000F26                     TXB2D0          equ	3878	;# 
   297   000F27                     TXB2D1          equ	3879	;# 
   298   000F28                     TXB2D2          equ	3880	;# 
   299   000F29                     TXB2D3          equ	3881	;# 
   300   000F2A                     TXB2D4          equ	3882	;# 
   301   000F2B                     TXB2D5          equ	3883	;# 
   302   000F2C                     TXB2D6          equ	3884	;# 
   303   000F2D                     TXB2D7          equ	3885	;# 
   304   000F2E                     CANSTAT_RO3     equ	3886	;# 
   305   000F2F                     CANCON_RO3      equ	3887	;# 
   306   000F30                     TXB1CON         equ	3888	;# 
   307   000F31                     TXB1SIDH        equ	3889	;# 
   308   000F32                     TXB1SIDL        equ	3890	;# 
   309   000F33                     TXB1EIDH        equ	3891	;# 
   310   000F34                     TXB1EIDL        equ	3892	;# 
   311   000F35                     TXB1DLC         equ	3893	;# 
   312   000F36                     TXB1D0          equ	3894	;# 
   313   000F37                     TXB1D1          equ	3895	;# 
   314   000F38                     TXB1D2          equ	3896	;# 
   315   000F39                     TXB1D3          equ	3897	;# 
   316   000F3A                     TXB1D4          equ	3898	;# 
   317   000F3B                     TXB1D5          equ	3899	;# 
   318   000F3C                     TXB1D6          equ	3900	;# 
   319   000F3D                     TXB1D7          equ	3901	;# 
   320   000F3E                     CANSTAT_RO2     equ	3902	;# 
   321   000F3F                     CANCON_RO2      equ	3903	;# 
   322   000F40                     TXB0CON         equ	3904	;# 
   323   000F41                     TXB0SIDH        equ	3905	;# 
   324   000F42                     TXB0SIDL        equ	3906	;# 
   325   000F43                     TXB0EIDH        equ	3907	;# 
   326   000F44                     TXB0EIDL        equ	3908	;# 
   327   000F45                     TXB0DLC         equ	3909	;# 
   328   000F46                     TXB0D0          equ	3910	;# 
   329   000F47                     TXB0D1          equ	3911	;# 
   330   000F48                     TXB0D2          equ	3912	;# 
   331   000F49                     TXB0D3          equ	3913	;# 
   332   000F4A                     TXB0D4          equ	3914	;# 
   333   000F4B                     TXB0D5          equ	3915	;# 
   334   000F4C                     TXB0D6          equ	3916	;# 
   335   000F4D                     TXB0D7          equ	3917	;# 
   336   000F4E                     CANSTAT_RO1     equ	3918	;# 
   337   000F4F                     CANCON_RO1      equ	3919	;# 
   338   000F50                     RXB1CON         equ	3920	;# 
   339   000F51                     RXB1SIDH        equ	3921	;# 
   340   000F52                     RXB1SIDL        equ	3922	;# 
   341   000F53                     RXB1EIDH        equ	3923	;# 
   342   000F54                     RXB1EIDL        equ	3924	;# 
   343   000F55                     RXB1DLC         equ	3925	;# 
   344   000F56                     RXB1D0          equ	3926	;# 
   345   000F57                     RXB1D1          equ	3927	;# 
   346   000F58                     RXB1D2          equ	3928	;# 
   347   000F59                     RXB1D3          equ	3929	;# 
   348   000F5A                     RXB1D4          equ	3930	;# 
   349   000F5B                     RXB1D5          equ	3931	;# 
   350   000F5C                     RXB1D6          equ	3932	;# 
   351   000F5D                     RXB1D7          equ	3933	;# 
   352   000F5E                     CANSTAT_RO0     equ	3934	;# 
   353   000F5F                     CANCON_RO0      equ	3935	;# 
   354   000F60                     RXB0CON         equ	3936	;# 
   355   000F61                     RXB0SIDH        equ	3937	;# 
   356   000F62                     RXB0SIDL        equ	3938	;# 
   357   000F63                     RXB0EIDH        equ	3939	;# 
   358   000F64                     RXB0EIDL        equ	3940	;# 
   359   000F65                     RXB0DLC         equ	3941	;# 
   360   000F66                     RXB0D0          equ	3942	;# 
   361   000F67                     RXB0D1          equ	3943	;# 
   362   000F68                     RXB0D2          equ	3944	;# 
   363   000F69                     RXB0D3          equ	3945	;# 
   364   000F6A                     RXB0D4          equ	3946	;# 
   365   000F6B                     RXB0D5          equ	3947	;# 
   366   000F6C                     RXB0D6          equ	3948	;# 
   367   000F6D                     RXB0D7          equ	3949	;# 
   368   000F6E                     CANSTAT         equ	3950	;# 
   369   000F6F                     CANCON          equ	3951	;# 
   370   000F70                     BRGCON1         equ	3952	;# 
   371   000F71                     BRGCON2         equ	3953	;# 
   372   000F72                     BRGCON3         equ	3954	;# 
   373   000F73                     CIOCON          equ	3955	;# 
   374   000F74                     COMSTAT         equ	3956	;# 
   375   000F75                     RXERRCNT        equ	3957	;# 
   376   000F76                     TXERRCNT        equ	3958	;# 
   377   000F77                     ECANCON         equ	3959	;# 
   378   000F80                     PORTA           equ	3968	;# 
   379   000F81                     PORTB           equ	3969	;# 
   380   000F82                     PORTC           equ	3970	;# 
   381   000F83                     PORTD           equ	3971	;# 
   382   000F84                     PORTE           equ	3972	;# 
   383   000F89                     LATA            equ	3977	;# 
   384   000F8A                     LATB            equ	3978	;# 
   385   000F8B                     LATC            equ	3979	;# 
   386   000F8C                     LATD            equ	3980	;# 
   387   000F8D                     LATE            equ	3981	;# 
   388   000F92                     TRISA           equ	3986	;# 
   389   000F92                     DDRA            equ	3986	;# 
   390   000F93                     TRISB           equ	3987	;# 
   391   000F93                     DDRB            equ	3987	;# 
   392   000F94                     TRISC           equ	3988	;# 
   393   000F94                     DDRC            equ	3988	;# 
   394   000F95                     TRISD           equ	3989	;# 
   395   000F95                     DDRD            equ	3989	;# 
   396   000F96                     TRISE           equ	3990	;# 
   397   000F96                     DDRE            equ	3990	;# 
   398   000F9B                     OSCTUNE         equ	3995	;# 
   399   000F9D                     PIE1            equ	3997	;# 
   400   000F9E                     PIR1            equ	3998	;# 
   401   000F9F                     IPR1            equ	3999	;# 
   402   000FA0                     PIE2            equ	4000	;# 
   403   000FA1                     PIR2            equ	4001	;# 
   404   000FA2                     IPR2            equ	4002	;# 
   405   000FA3                     PIE3            equ	4003	;# 
   406   000FA4                     PIR3            equ	4004	;# 
   407   000FA5                     IPR3            equ	4005	;# 
   408   000FA6                     EECON1          equ	4006	;# 
   409   000FA7                     EECON2          equ	4007	;# 
   410   000FA8                     EEDATA          equ	4008	;# 
   411   000FA9                     EEADR           equ	4009	;# 
   412   000FAB                     RCSTA           equ	4011	;# 
   413   000FAB                     RCSTA1          equ	4011	;# 
   414   000FAC                     TXSTA           equ	4012	;# 
   415   000FAC                     TXSTA1          equ	4012	;# 
   416   000FAD                     TXREG           equ	4013	;# 
   417   000FAD                     TXREG1          equ	4013	;# 
   418   000FAE                     RCREG           equ	4014	;# 
   419   000FAE                     RCREG1          equ	4014	;# 
   420   000FAF                     SPBRG           equ	4015	;# 
   421   000FAF                     SPBRG1          equ	4015	;# 
   422   000FB0                     SPBRGH          equ	4016	;# 
   423   000FB1                     T3CON           equ	4017	;# 
   424   000FB2                     TMR3            equ	4018	;# 
   425   000FB2                     TMR3L           equ	4018	;# 
   426   000FB3                     TMR3H           equ	4019	;# 
   427   000FB4                     CMCON           equ	4020	;# 
   428   000FB5                     CVRCON          equ	4021	;# 
   429   000FB6                     ECCP1AS         equ	4022	;# 
   430   000FB7                     ECCP1DEL        equ	4023	;# 
   431   000FB8                     BAUDCON         equ	4024	;# 
   432   000FB8                     BAUDCTL         equ	4024	;# 
   433   000FBA                     ECCP1CON        equ	4026	;# 
   434   000FBB                     ECCPR1          equ	4027	;# 
   435   000FBB                     ECCPR1L         equ	4027	;# 
   436   000FBC                     ECCPR1H         equ	4028	;# 
   437   000FBD                     CCP1CON         equ	4029	;# 
   438   000FBE                     CCPR1           equ	4030	;# 
   439   000FBE                     CCPR1L          equ	4030	;# 
   440   000FBF                     CCPR1H          equ	4031	;# 
   441   000FC0                     ADCON2          equ	4032	;# 
   442   000FC1                     ADCON1          equ	4033	;# 
   443   000FC2                     ADCON0          equ	4034	;# 
   444   000FC3                     ADRES           equ	4035	;# 
   445   000FC3                     ADRESL          equ	4035	;# 
   446   000FC4                     ADRESH          equ	4036	;# 
   447   000FC5                     SSPCON2         equ	4037	;# 
   448   000FC6                     SSPCON1         equ	4038	;# 
   449   000FC7                     SSPSTAT         equ	4039	;# 
   450   000FC8                     SSPADD          equ	4040	;# 
   451   000FC9                     SSPBUF          equ	4041	;# 
   452   000FCA                     T2CON           equ	4042	;# 
   453   000FCB                     PR2             equ	4043	;# 
   454   000FCB                     MEMCON          equ	4043	;# 
   455   000FCC                     TMR2            equ	4044	;# 
   456   000FCD                     T1CON           equ	4045	;# 
   457   000FCE                     TMR1            equ	4046	;# 
   458   000FCE                     TMR1L           equ	4046	;# 
   459   000FCF                     TMR1H           equ	4047	;# 
   460   000FD0                     RCON            equ	4048	;# 
   461   000FD1                     WDTCON          equ	4049	;# 
   462   000FD2                     HLVDCON         equ	4050	;# 
   463   000FD2                     LVDCON          equ	4050	;# 
   464   000FD3                     OSCCON          equ	4051	;# 
   465   000FD5                     T0CON           equ	4053	;# 
   466   000FD6                     TMR0            equ	4054	;# 
   467   000FD6                     TMR0L           equ	4054	;# 
   468   000FD7                     TMR0H           equ	4055	;# 
   469   000FD8                     STATUS          equ	4056	;# 
   470   000FD9                     FSR2            equ	4057	;# 
   471   000FD9                     FSR2L           equ	4057	;# 
   472   000FDA                     FSR2H           equ	4058	;# 
   473   000FDB                     PLUSW2          equ	4059	;# 
   474   000FDC                     PREINC2         equ	4060	;# 
   475   000FDD                     POSTDEC2        equ	4061	;# 
   476   000FDE                     POSTINC2        equ	4062	;# 
   477   000FDF                     INDF2           equ	4063	;# 
   478   000FE0                     BSR             equ	4064	;# 
   479   000FE1                     FSR1            equ	4065	;# 
   480   000FE1                     FSR1L           equ	4065	;# 
   481   000FE2                     FSR1H           equ	4066	;# 
   482   000FE3                     PLUSW1          equ	4067	;# 
   483   000FE4                     PREINC1         equ	4068	;# 
   484   000FE5                     POSTDEC1        equ	4069	;# 
   485   000FE6                     POSTINC1        equ	4070	;# 
   486   000FE7                     INDF1           equ	4071	;# 
   487   000FE8                     WREG            equ	4072	;# 
   488   000FE9                     FSR0            equ	4073	;# 
   489   000FE9                     FSR0L           equ	4073	;# 
   490   000FEA                     FSR0H           equ	4074	;# 
   491   000FEB                     PLUSW0          equ	4075	;# 
   492   000FEC                     PREINC0         equ	4076	;# 
   493   000FED                     POSTDEC0        equ	4077	;# 
   494   000FEE                     POSTINC0        equ	4078	;# 
   495   000FEF                     INDF0           equ	4079	;# 
   496   000FF0                     INTCON3         equ	4080	;# 
   497   000FF1                     INTCON2         equ	4081	;# 
   498   000FF2                     INTCON          equ	4082	;# 
   499   000FF3                     PROD            equ	4083	;# 
   500   000FF3                     PRODL           equ	4083	;# 
   501   000FF4                     PRODH           equ	4084	;# 
   502   000FF5                     TABLAT          equ	4085	;# 
   503   000FF6                     TBLPTR          equ	4086	;# 
   504   000FF6                     TBLPTRL         equ	4086	;# 
   505   000FF7                     TBLPTRH         equ	4087	;# 
   506   000FF8                     TBLPTRU         equ	4088	;# 
   507   000FF9                     PCLAT           equ	4089	;# 
   508   000FF9                     PC              equ	4089	;# 
   509   000FF9                     PCL             equ	4089	;# 
   510   000FFA                     PCLATH          equ	4090	;# 
   511   000FFB                     PCLATU          equ	4091	;# 
   512   000FFC                     STKPTR          equ	4092	;# 
   513   000FFD                     TOS             equ	4093	;# 
   514   000FFD                     TOSL            equ	4093	;# 
   515   000FFE                     TOSH            equ	4094	;# 
   516   000FFF                     TOSU            equ	4095	;# 
   517   000D60                     RXF6SIDH        equ	3424	;# 
   518   000D61                     RXF6SIDL        equ	3425	;# 
   519   000D62                     RXF6EIDH        equ	3426	;# 
   520   000D63                     RXF6EIDL        equ	3427	;# 
   521   000D64                     RXF7SIDH        equ	3428	;# 
   522   000D65                     RXF7SIDL        equ	3429	;# 
   523   000D66                     RXF7EIDH        equ	3430	;# 
   524   000D67                     RXF7EIDL        equ	3431	;# 
   525   000D68                     RXF8SIDH        equ	3432	;# 
   526   000D69                     RXF8SIDL        equ	3433	;# 
   527   000D6A                     RXF8EIDH        equ	3434	;# 
   528   000D6B                     RXF8EIDL        equ	3435	;# 
   529   000D70                     RXF9SIDH        equ	3440	;# 
   530   000D71                     RXF9SIDL        equ	3441	;# 
   531   000D72                     RXF9EIDH        equ	3442	;# 
   532   000D73                     RXF9EIDL        equ	3443	;# 
   533   000D74                     RXF10SIDH       equ	3444	;# 
   534   000D75                     RXF10SIDL       equ	3445	;# 
   535   000D76                     RXF10EIDH       equ	3446	;# 
   536   000D77                     RXF10EIDL       equ	3447	;# 
   537   000D78                     RXF11SIDH       equ	3448	;# 
   538   000D79                     RXF11SIDL       equ	3449	;# 
   539   000D7A                     RXF11EIDH       equ	3450	;# 
   540   000D7B                     RXF11EIDL       equ	3451	;# 
   541   000D80                     RXF12SIDH       equ	3456	;# 
   542   000D81                     RXF12SIDL       equ	3457	;# 
   543   000D82                     RXF12EIDH       equ	3458	;# 
   544   000D83                     RXF12EIDL       equ	3459	;# 
   545   000D84                     RXF13SIDH       equ	3460	;# 
   546   000D85                     RXF13SIDL       equ	3461	;# 
   547   000D86                     RXF13EIDH       equ	3462	;# 
   548   000D87                     RXF13EIDL       equ	3463	;# 
   549   000D88                     RXF14SIDH       equ	3464	;# 
   550   000D89                     RXF14SIDL       equ	3465	;# 
   551   000D8A                     RXF14EIDH       equ	3466	;# 
   552   000D8B                     RXF14EIDL       equ	3467	;# 
   553   000D90                     RXF15SIDH       equ	3472	;# 
   554   000D91                     RXF15SIDL       equ	3473	;# 
   555   000D92                     RXF15EIDH       equ	3474	;# 
   556   000D93                     RXF15EIDL       equ	3475	;# 
   557   000DD4                     RXFCON0         equ	3540	;# 
   558   000DD5                     RXFCON1         equ	3541	;# 
   559   000DD8                     SDFLC           equ	3544	;# 
   560   000DE0                     RXFBCON0        equ	3552	;# 
   561   000DE1                     RXFBCON1        equ	3553	;# 
   562   000DE2                     RXFBCON2        equ	3554	;# 
   563   000DE3                     RXFBCON3        equ	3555	;# 
   564   000DE4                     RXFBCON4        equ	3556	;# 
   565   000DE5                     RXFBCON5        equ	3557	;# 
   566   000DE6                     RXFBCON6        equ	3558	;# 
   567   000DE7                     RXFBCON7        equ	3559	;# 
   568   000DF0                     MSEL0           equ	3568	;# 
   569   000DF1                     MSEL1           equ	3569	;# 
   570   000DF2                     MSEL2           equ	3570	;# 
   571   000DF3                     MSEL3           equ	3571	;# 
   572   000DF8                     BSEL0           equ	3576	;# 
   573   000DFA                     BIE0            equ	3578	;# 
   574   000DFC                     TXBIE           equ	3580	;# 
   575   000E20                     B0CON           equ	3616	;# 
   576   000E21                     B0SIDH          equ	3617	;# 
   577   000E22                     B0SIDL          equ	3618	;# 
   578   000E23                     B0EIDH          equ	3619	;# 
   579   000E24                     B0EIDL          equ	3620	;# 
   580   000E25                     B0DLC           equ	3621	;# 
   581   000E26                     B0D0            equ	3622	;# 
   582   000E27                     B0D1            equ	3623	;# 
   583   000E28                     B0D2            equ	3624	;# 
   584   000E29                     B0D3            equ	3625	;# 
   585   000E2A                     B0D4            equ	3626	;# 
   586   000E2B                     B0D5            equ	3627	;# 
   587   000E2C                     B0D6            equ	3628	;# 
   588   000E2D                     B0D7            equ	3629	;# 
   589   000E2E                     CANSTAT_RO9     equ	3630	;# 
   590   000E2F                     CANCON_RO9      equ	3631	;# 
   591   000E30                     B1CON           equ	3632	;# 
   592   000E31                     B1SIDH          equ	3633	;# 
   593   000E32                     B1SIDL          equ	3634	;# 
   594   000E33                     B1EIDH          equ	3635	;# 
   595   000E34                     B1EIDL          equ	3636	;# 
   596   000E35                     B1DLC           equ	3637	;# 
   597   000E36                     B1D0            equ	3638	;# 
   598   000E37                     B1D1            equ	3639	;# 
   599   000E38                     B1D2            equ	3640	;# 
   600   000E39                     B1D3            equ	3641	;# 
   601   000E3A                     B1D4            equ	3642	;# 
   602   000E3B                     B1D5            equ	3643	;# 
   603   000E3C                     B1D6            equ	3644	;# 
   604   000E3D                     B1D7            equ	3645	;# 
   605   000E3E                     CANSTAT_RO8     equ	3646	;# 
   606   000E3F                     CANCON_RO8      equ	3647	;# 
   607   000E40                     B2CON           equ	3648	;# 
   608   000E41                     B2SIDH          equ	3649	;# 
   609   000E42                     B2SIDL          equ	3650	;# 
   610   000E43                     B2EIDH          equ	3651	;# 
   611   000E44                     B2EIDL          equ	3652	;# 
   612   000E45                     B2DLC           equ	3653	;# 
   613   000E46                     B2D0            equ	3654	;# 
   614   000E47                     B2D1            equ	3655	;# 
   615   000E48                     B2D2            equ	3656	;# 
   616   000E49                     B2D3            equ	3657	;# 
   617   000E4A                     B2D4            equ	3658	;# 
   618   000E4B                     B2D5            equ	3659	;# 
   619   000E4C                     B2D6            equ	3660	;# 
   620   000E4D                     B2D7            equ	3661	;# 
   621   000E4E                     CANSTAT_RO7     equ	3662	;# 
   622   000E4F                     CANCON_RO7      equ	3663	;# 
   623   000E50                     B3CON           equ	3664	;# 
   624   000E51                     B3SIDH          equ	3665	;# 
   625   000E52                     B3SIDL          equ	3666	;# 
   626   000E53                     B3EIDH          equ	3667	;# 
   627   000E54                     B3EIDL          equ	3668	;# 
   628   000E55                     B3DLC           equ	3669	;# 
   629   000E56                     B3D0            equ	3670	;# 
   630   000E57                     B3D1            equ	3671	;# 
   631   000E58                     B3D2            equ	3672	;# 
   632   000E59                     B3D3            equ	3673	;# 
   633   000E5A                     B3D4            equ	3674	;# 
   634   000E5B                     B3D5            equ	3675	;# 
   635   000E5C                     B3D6            equ	3676	;# 
   636   000E5D                     B3D7            equ	3677	;# 
   637   000E5E                     CANSTAT_RO6     equ	3678	;# 
   638   000E5F                     CANCON_RO6      equ	3679	;# 
   639   000E60                     B4CON           equ	3680	;# 
   640   000E61                     B4SIDH          equ	3681	;# 
   641   000E62                     B4SIDL          equ	3682	;# 
   642   000E63                     B4EIDH          equ	3683	;# 
   643   000E64                     B4EIDL          equ	3684	;# 
   644   000E65                     B4DLC           equ	3685	;# 
   645   000E66                     B4D0            equ	3686	;# 
   646   000E67                     B4D1            equ	3687	;# 
   647   000E68                     B4D2            equ	3688	;# 
   648   000E69                     B4D3            equ	3689	;# 
   649   000E6A                     B4D4            equ	3690	;# 
   650   000E6B                     B4D5            equ	3691	;# 
   651   000E6C                     B4D6            equ	3692	;# 
   652   000E6D                     B4D7            equ	3693	;# 
   653   000E6E                     CANSTAT_RO5     equ	3694	;# 
   654   000E6F                     CANCON_RO5      equ	3695	;# 
   655   000E70                     B5CON           equ	3696	;# 
   656   000E71                     B5SIDH          equ	3697	;# 
   657   000E72                     B5SIDL          equ	3698	;# 
   658   000E73                     B5EIDH          equ	3699	;# 
   659   000E74                     B5EIDL          equ	3700	;# 
   660   000E75                     B5DLC           equ	3701	;# 
   661   000E76                     B5D0            equ	3702	;# 
   662   000E77                     B5D1            equ	3703	;# 
   663   000E78                     B5D2            equ	3704	;# 
   664   000E79                     B5D3            equ	3705	;# 
   665   000E7A                     B5D4            equ	3706	;# 
   666   000E7B                     B5D5            equ	3707	;# 
   667   000E7C                     B5D6            equ	3708	;# 
   668   000E7D                     B5D7            equ	3709	;# 
   669   000E7E                     CANSTAT_RO4     equ	3710	;# 
   670   000E7F                     CANCON_RO4      equ	3711	;# 
   671   000F00                     RXF0SIDH        equ	3840	;# 
   672   000F01                     RXF0SIDL        equ	3841	;# 
   673   000F02                     RXF0EIDH        equ	3842	;# 
   674   000F03                     RXF0EIDL        equ	3843	;# 
   675   000F04                     RXF1SIDH        equ	3844	;# 
   676   000F05                     RXF1SIDL        equ	3845	;# 
   677   000F06                     RXF1EIDH        equ	3846	;# 
   678   000F07                     RXF1EIDL        equ	3847	;# 
   679   000F08                     RXF2SIDH        equ	3848	;# 
   680   000F09                     RXF2SIDL        equ	3849	;# 
   681   000F0A                     RXF2EIDH        equ	3850	;# 
   682   000F0B                     RXF2EIDL        equ	3851	;# 
   683   000F0C                     RXF3SIDH        equ	3852	;# 
   684   000F0D                     RXF3SIDL        equ	3853	;# 
   685   000F0E                     RXF3EIDH        equ	3854	;# 
   686   000F0F                     RXF3EIDL        equ	3855	;# 
   687   000F10                     RXF4SIDH        equ	3856	;# 
   688   000F11                     RXF4SIDL        equ	3857	;# 
   689   000F12                     RXF4EIDH        equ	3858	;# 
   690   000F13                     RXF4EIDL        equ	3859	;# 
   691   000F14                     RXF5SIDH        equ	3860	;# 
   692   000F15                     RXF5SIDL        equ	3861	;# 
   693   000F16                     RXF5EIDH        equ	3862	;# 
   694   000F17                     RXF5EIDL        equ	3863	;# 
   695   000F18                     RXM0SIDH        equ	3864	;# 
   696   000F19                     RXM0SIDL        equ	3865	;# 
   697   000F1A                     RXM0EIDH        equ	3866	;# 
   698   000F1B                     RXM0EIDL        equ	3867	;# 
   699   000F1C                     RXM1SIDH        equ	3868	;# 
   700   000F1D                     RXM1SIDL        equ	3869	;# 
   701   000F1E                     RXM1EIDH        equ	3870	;# 
   702   000F1F                     RXM1EIDL        equ	3871	;# 
   703   000F20                     TXB2CON         equ	3872	;# 
   704   000F21                     TXB2SIDH        equ	3873	;# 
   705   000F22                     TXB2SIDL        equ	3874	;# 
   706   000F23                     TXB2EIDH        equ	3875	;# 
   707   000F24                     TXB2EIDL        equ	3876	;# 
   708   000F25                     TXB2DLC         equ	3877	;# 
   709   000F26                     TXB2D0          equ	3878	;# 
   710   000F27                     TXB2D1          equ	3879	;# 
   711   000F28                     TXB2D2          equ	3880	;# 
   712   000F29                     TXB2D3          equ	3881	;# 
   713   000F2A                     TXB2D4          equ	3882	;# 
   714   000F2B                     TXB2D5          equ	3883	;# 
   715   000F2C                     TXB2D6          equ	3884	;# 
   716   000F2D                     TXB2D7          equ	3885	;# 
   717   000F2E                     CANSTAT_RO3     equ	3886	;# 
   718   000F2F                     CANCON_RO3      equ	3887	;# 
   719   000F30                     TXB1CON         equ	3888	;# 
   720   000F31                     TXB1SIDH        equ	3889	;# 
   721   000F32                     TXB1SIDL        equ	3890	;# 
   722   000F33                     TXB1EIDH        equ	3891	;# 
   723   000F34                     TXB1EIDL        equ	3892	;# 
   724   000F35                     TXB1DLC         equ	3893	;# 
   725   000F36                     TXB1D0          equ	3894	;# 
   726   000F37                     TXB1D1          equ	3895	;# 
   727   000F38                     TXB1D2          equ	3896	;# 
   728   000F39                     TXB1D3          equ	3897	;# 
   729   000F3A                     TXB1D4          equ	3898	;# 
   730   000F3B                     TXB1D5          equ	3899	;# 
   731   000F3C                     TXB1D6          equ	3900	;# 
   732   000F3D                     TXB1D7          equ	3901	;# 
   733   000F3E                     CANSTAT_RO2     equ	3902	;# 
   734   000F3F                     CANCON_RO2      equ	3903	;# 
   735   000F40                     TXB0CON         equ	3904	;# 
   736   000F41                     TXB0SIDH        equ	3905	;# 
   737   000F42                     TXB0SIDL        equ	3906	;# 
   738   000F43                     TXB0EIDH        equ	3907	;# 
   739   000F44                     TXB0EIDL        equ	3908	;# 
   740   000F45                     TXB0DLC         equ	3909	;# 
   741   000F46                     TXB0D0          equ	3910	;# 
   742   000F47                     TXB0D1          equ	3911	;# 
   743   000F48                     TXB0D2          equ	3912	;# 
   744   000F49                     TXB0D3          equ	3913	;# 
   745   000F4A                     TXB0D4          equ	3914	;# 
   746   000F4B                     TXB0D5          equ	3915	;# 
   747   000F4C                     TXB0D6          equ	3916	;# 
   748   000F4D                     TXB0D7          equ	3917	;# 
   749   000F4E                     CANSTAT_RO1     equ	3918	;# 
   750   000F4F                     CANCON_RO1      equ	3919	;# 
   751   000F50                     RXB1CON         equ	3920	;# 
   752   000F51                     RXB1SIDH        equ	3921	;# 
   753   000F52                     RXB1SIDL        equ	3922	;# 
   754   000F53                     RXB1EIDH        equ	3923	;# 
   755   000F54                     RXB1EIDL        equ	3924	;# 
   756   000F55                     RXB1DLC         equ	3925	;# 
   757   000F56                     RXB1D0          equ	3926	;# 
   758   000F57                     RXB1D1          equ	3927	;# 
   759   000F58                     RXB1D2          equ	3928	;# 
   760   000F59                     RXB1D3          equ	3929	;# 
   761   000F5A                     RXB1D4          equ	3930	;# 
   762   000F5B                     RXB1D5          equ	3931	;# 
   763   000F5C                     RXB1D6          equ	3932	;# 
   764   000F5D                     RXB1D7          equ	3933	;# 
   765   000F5E                     CANSTAT_RO0     equ	3934	;# 
   766   000F5F                     CANCON_RO0      equ	3935	;# 
   767   000F60                     RXB0CON         equ	3936	;# 
   768   000F61                     RXB0SIDH        equ	3937	;# 
   769   000F62                     RXB0SIDL        equ	3938	;# 
   770   000F63                     RXB0EIDH        equ	3939	;# 
   771   000F64                     RXB0EIDL        equ	3940	;# 
   772   000F65                     RXB0DLC         equ	3941	;# 
   773   000F66                     RXB0D0          equ	3942	;# 
   774   000F67                     RXB0D1          equ	3943	;# 
   775   000F68                     RXB0D2          equ	3944	;# 
   776   000F69                     RXB0D3          equ	3945	;# 
   777   000F6A                     RXB0D4          equ	3946	;# 
   778   000F6B                     RXB0D5          equ	3947	;# 
   779   000F6C                     RXB0D6          equ	3948	;# 
   780   000F6D                     RXB0D7          equ	3949	;# 
   781   000F6E                     CANSTAT         equ	3950	;# 
   782   000F6F                     CANCON          equ	3951	;# 
   783   000F70                     BRGCON1         equ	3952	;# 
   784   000F71                     BRGCON2         equ	3953	;# 
   785   000F72                     BRGCON3         equ	3954	;# 
   786   000F73                     CIOCON          equ	3955	;# 
   787   000F74                     COMSTAT         equ	3956	;# 
   788   000F75                     RXERRCNT        equ	3957	;# 
   789   000F76                     TXERRCNT        equ	3958	;# 
   790   000F77                     ECANCON         equ	3959	;# 
   791   000F80                     PORTA           equ	3968	;# 
   792   000F81                     PORTB           equ	3969	;# 
   793   000F82                     PORTC           equ	3970	;# 
   794   000F83                     PORTD           equ	3971	;# 
   795   000F84                     PORTE           equ	3972	;# 
   796   000F89                     LATA            equ	3977	;# 
   797   000F8A                     LATB            equ	3978	;# 
   798   000F8B                     LATC            equ	3979	;# 
   799   000F8C                     LATD            equ	3980	;# 
   800   000F8D                     LATE            equ	3981	;# 
   801   000F92                     TRISA           equ	3986	;# 
   802   000F92                     DDRA            equ	3986	;# 
   803   000F93                     TRISB           equ	3987	;# 
   804   000F93                     DDRB            equ	3987	;# 
   805   000F94                     TRISC           equ	3988	;# 
   806   000F94                     DDRC            equ	3988	;# 
   807   000F95                     TRISD           equ	3989	;# 
   808   000F95                     DDRD            equ	3989	;# 
   809   000F96                     TRISE           equ	3990	;# 
   810   000F96                     DDRE            equ	3990	;# 
   811   000F9B                     OSCTUNE         equ	3995	;# 
   812   000F9D                     PIE1            equ	3997	;# 
   813   000F9E                     PIR1            equ	3998	;# 
   814   000F9F                     IPR1            equ	3999	;# 
   815   000FA0                     PIE2            equ	4000	;# 
   816   000FA1                     PIR2            equ	4001	;# 
   817   000FA2                     IPR2            equ	4002	;# 
   818   000FA3                     PIE3            equ	4003	;# 
   819   000FA4                     PIR3            equ	4004	;# 
   820   000FA5                     IPR3            equ	4005	;# 
   821   000FA6                     EECON1          equ	4006	;# 
   822   000FA7                     EECON2          equ	4007	;# 
   823   000FA8                     EEDATA          equ	4008	;# 
   824   000FA9                     EEADR           equ	4009	;# 
   825   000FAB                     RCSTA           equ	4011	;# 
   826   000FAB                     RCSTA1          equ	4011	;# 
   827   000FAC                     TXSTA           equ	4012	;# 
   828   000FAC                     TXSTA1          equ	4012	;# 
   829   000FAD                     TXREG           equ	4013	;# 
   830   000FAD                     TXREG1          equ	4013	;# 
   831   000FAE                     RCREG           equ	4014	;# 
   832   000FAE                     RCREG1          equ	4014	;# 
   833   000FAF                     SPBRG           equ	4015	;# 
   834   000FAF                     SPBRG1          equ	4015	;# 
   835   000FB0                     SPBRGH          equ	4016	;# 
   836   000FB1                     T3CON           equ	4017	;# 
   837   000FB2                     TMR3            equ	4018	;# 
   838   000FB2                     TMR3L           equ	4018	;# 
   839   000FB3                     TMR3H           equ	4019	;# 
   840   000FB4                     CMCON           equ	4020	;# 
   841   000FB5                     CVRCON          equ	4021	;# 
   842   000FB6                     ECCP1AS         equ	4022	;# 
   843   000FB7                     ECCP1DEL        equ	4023	;# 
   844   000FB8                     BAUDCON         equ	4024	;# 
   845   000FB8                     BAUDCTL         equ	4024	;# 
   846   000FBA                     ECCP1CON        equ	4026	;# 
   847   000FBB                     ECCPR1          equ	4027	;# 
   848   000FBB                     ECCPR1L         equ	4027	;# 
   849   000FBC                     ECCPR1H         equ	4028	;# 
   850   000FBD                     CCP1CON         equ	4029	;# 
   851   000FBE                     CCPR1           equ	4030	;# 
   852   000FBE                     CCPR1L          equ	4030	;# 
   853   000FBF                     CCPR1H          equ	4031	;# 
   854   000FC0                     ADCON2          equ	4032	;# 
   855   000FC1                     ADCON1          equ	4033	;# 
   856   000FC2                     ADCON0          equ	4034	;# 
   857   000FC3                     ADRES           equ	4035	;# 
   858   000FC3                     ADRESL          equ	4035	;# 
   859   000FC4                     ADRESH          equ	4036	;# 
   860   000FC5                     SSPCON2         equ	4037	;# 
   861   000FC6                     SSPCON1         equ	4038	;# 
   862   000FC7                     SSPSTAT         equ	4039	;# 
   863   000FC8                     SSPADD          equ	4040	;# 
   864   000FC9                     SSPBUF          equ	4041	;# 
   865   000FCA                     T2CON           equ	4042	;# 
   866   000FCB                     PR2             equ	4043	;# 
   867   000FCB                     MEMCON          equ	4043	;# 
   868   000FCC                     TMR2            equ	4044	;# 
   869   000FCD                     T1CON           equ	4045	;# 
   870   000FCE                     TMR1            equ	4046	;# 
   871   000FCE                     TMR1L           equ	4046	;# 
   872   000FCF                     TMR1H           equ	4047	;# 
   873   000FD0                     RCON            equ	4048	;# 
   874   000FD1                     WDTCON          equ	4049	;# 
   875   000FD2                     HLVDCON         equ	4050	;# 
   876   000FD2                     LVDCON          equ	4050	;# 
   877   000FD3                     OSCCON          equ	4051	;# 
   878   000FD5                     T0CON           equ	4053	;# 
   879   000FD6                     TMR0            equ	4054	;# 
   880   000FD6                     TMR0L           equ	4054	;# 
   881   000FD7                     TMR0H           equ	4055	;# 
   882   000FD8                     STATUS          equ	4056	;# 
   883   000FD9                     FSR2            equ	4057	;# 
   884   000FD9                     FSR2L           equ	4057	;# 
   885   000FDA                     FSR2H           equ	4058	;# 
   886   000FDB                     PLUSW2          equ	4059	;# 
   887   000FDC                     PREINC2         equ	4060	;# 
   888   000FDD                     POSTDEC2        equ	4061	;# 
   889   000FDE                     POSTINC2        equ	4062	;# 
   890   000FDF                     INDF2           equ	4063	;# 
   891   000FE0                     BSR             equ	4064	;# 
   892   000FE1                     FSR1            equ	4065	;# 
   893   000FE1                     FSR1L           equ	4065	;# 
   894   000FE2                     FSR1H           equ	4066	;# 
   895   000FE3                     PLUSW1          equ	4067	;# 
   896   000FE4                     PREINC1         equ	4068	;# 
   897   000FE5                     POSTDEC1        equ	4069	;# 
   898   000FE6                     POSTINC1        equ	4070	;# 
   899   000FE7                     INDF1           equ	4071	;# 
   900   000FE8                     WREG            equ	4072	;# 
   901   000FE9                     FSR0            equ	4073	;# 
   902   000FE9                     FSR0L           equ	4073	;# 
   903   000FEA                     FSR0H           equ	4074	;# 
   904   000FEB                     PLUSW0          equ	4075	;# 
   905   000FEC                     PREINC0         equ	4076	;# 
   906   000FED                     POSTDEC0        equ	4077	;# 
   907   000FEE                     POSTINC0        equ	4078	;# 
   908   000FEF                     INDF0           equ	4079	;# 
   909   000FF0                     INTCON3         equ	4080	;# 
   910   000FF1                     INTCON2         equ	4081	;# 
   911   000FF2                     INTCON          equ	4082	;# 
   912   000FF3                     PROD            equ	4083	;# 
   913   000FF3                     PRODL           equ	4083	;# 
   914   000FF4                     PRODH           equ	4084	;# 
   915   000FF5                     TABLAT          equ	4085	;# 
   916   000FF6                     TBLPTR          equ	4086	;# 
   917   000FF6                     TBLPTRL         equ	4086	;# 
   918   000FF7                     TBLPTRH         equ	4087	;# 
   919   000FF8                     TBLPTRU         equ	4088	;# 
   920   000FF9                     PCLAT           equ	4089	;# 
   921   000FF9                     PC              equ	4089	;# 
   922   000FF9                     PCL             equ	4089	;# 
   923   000FFA                     PCLATH          equ	4090	;# 
   924   000FFB                     PCLATU          equ	4091	;# 
   925   000FFC                     STKPTR          equ	4092	;# 
   926   000FFD                     TOS             equ	4093	;# 
   927   000FFD                     TOSL            equ	4093	;# 
   928   000FFE                     TOSH            equ	4094	;# 
   929   000FFF                     TOSU            equ	4095	;# 
   930   000D60                     RXF6SIDH        equ	3424	;# 
   931   000D61                     RXF6SIDL        equ	3425	;# 
   932   000D62                     RXF6EIDH        equ	3426	;# 
   933   000D63                     RXF6EIDL        equ	3427	;# 
   934   000D64                     RXF7SIDH        equ	3428	;# 
   935   000D65                     RXF7SIDL        equ	3429	;# 
   936   000D66                     RXF7EIDH        equ	3430	;# 
   937   000D67                     RXF7EIDL        equ	3431	;# 
   938   000D68                     RXF8SIDH        equ	3432	;# 
   939   000D69                     RXF8SIDL        equ	3433	;# 
   940   000D6A                     RXF8EIDH        equ	3434	;# 
   941   000D6B                     RXF8EIDL        equ	3435	;# 
   942   000D70                     RXF9SIDH        equ	3440	;# 
   943   000D71                     RXF9SIDL        equ	3441	;# 
   944   000D72                     RXF9EIDH        equ	3442	;# 
   945   000D73                     RXF9EIDL        equ	3443	;# 
   946   000D74                     RXF10SIDH       equ	3444	;# 
   947   000D75                     RXF10SIDL       equ	3445	;# 
   948   000D76                     RXF10EIDH       equ	3446	;# 
   949   000D77                     RXF10EIDL       equ	3447	;# 
   950   000D78                     RXF11SIDH       equ	3448	;# 
   951   000D79                     RXF11SIDL       equ	3449	;# 
   952   000D7A                     RXF11EIDH       equ	3450	;# 
   953   000D7B                     RXF11EIDL       equ	3451	;# 
   954   000D80                     RXF12SIDH       equ	3456	;# 
   955   000D81                     RXF12SIDL       equ	3457	;# 
   956   000D82                     RXF12EIDH       equ	3458	;# 
   957   000D83                     RXF12EIDL       equ	3459	;# 
   958   000D84                     RXF13SIDH       equ	3460	;# 
   959   000D85                     RXF13SIDL       equ	3461	;# 
   960   000D86                     RXF13EIDH       equ	3462	;# 
   961   000D87                     RXF13EIDL       equ	3463	;# 
   962   000D88                     RXF14SIDH       equ	3464	;# 
   963   000D89                     RXF14SIDL       equ	3465	;# 
   964   000D8A                     RXF14EIDH       equ	3466	;# 
   965   000D8B                     RXF14EIDL       equ	3467	;# 
   966   000D90                     RXF15SIDH       equ	3472	;# 
   967   000D91                     RXF15SIDL       equ	3473	;# 
   968   000D92                     RXF15EIDH       equ	3474	;# 
   969   000D93                     RXF15EIDL       equ	3475	;# 
   970   000DD4                     RXFCON0         equ	3540	;# 
   971   000DD5                     RXFCON1         equ	3541	;# 
   972   000DD8                     SDFLC           equ	3544	;# 
   973   000DE0                     RXFBCON0        equ	3552	;# 
   974   000DE1                     RXFBCON1        equ	3553	;# 
   975   000DE2                     RXFBCON2        equ	3554	;# 
   976   000DE3                     RXFBCON3        equ	3555	;# 
   977   000DE4                     RXFBCON4        equ	3556	;# 
   978   000DE5                     RXFBCON5        equ	3557	;# 
   979   000DE6                     RXFBCON6        equ	3558	;# 
   980   000DE7                     RXFBCON7        equ	3559	;# 
   981   000DF0                     MSEL0           equ	3568	;# 
   982   000DF1                     MSEL1           equ	3569	;# 
   983   000DF2                     MSEL2           equ	3570	;# 
   984   000DF3                     MSEL3           equ	3571	;# 
   985   000DF8                     BSEL0           equ	3576	;# 
   986   000DFA                     BIE0            equ	3578	;# 
   987   000DFC                     TXBIE           equ	3580	;# 
   988   000E20                     B0CON           equ	3616	;# 
   989   000E21                     B0SIDH          equ	3617	;# 
   990   000E22                     B0SIDL          equ	3618	;# 
   991   000E23                     B0EIDH          equ	3619	;# 
   992   000E24                     B0EIDL          equ	3620	;# 
   993   000E25                     B0DLC           equ	3621	;# 
   994   000E26                     B0D0            equ	3622	;# 
   995   000E27                     B0D1            equ	3623	;# 
   996   000E28                     B0D2            equ	3624	;# 
   997   000E29                     B0D3            equ	3625	;# 
   998   000E2A                     B0D4            equ	3626	;# 
   999   000E2B                     B0D5            equ	3627	;# 
  1000   000E2C                     B0D6            equ	3628	;# 
  1001   000E2D                     B0D7            equ	3629	;# 
  1002   000E2E                     CANSTAT_RO9     equ	3630	;# 
  1003   000E2F                     CANCON_RO9      equ	3631	;# 
  1004   000E30                     B1CON           equ	3632	;# 
  1005   000E31                     B1SIDH          equ	3633	;# 
  1006   000E32                     B1SIDL          equ	3634	;# 
  1007   000E33                     B1EIDH          equ	3635	;# 
  1008   000E34                     B1EIDL          equ	3636	;# 
  1009   000E35                     B1DLC           equ	3637	;# 
  1010   000E36                     B1D0            equ	3638	;# 
  1011   000E37                     B1D1            equ	3639	;# 
  1012   000E38                     B1D2            equ	3640	;# 
  1013   000E39                     B1D3            equ	3641	;# 
  1014   000E3A                     B1D4            equ	3642	;# 
  1015   000E3B                     B1D5            equ	3643	;# 
  1016   000E3C                     B1D6            equ	3644	;# 
  1017   000E3D                     B1D7            equ	3645	;# 
  1018   000E3E                     CANSTAT_RO8     equ	3646	;# 
  1019   000E3F                     CANCON_RO8      equ	3647	;# 
  1020   000E40                     B2CON           equ	3648	;# 
  1021   000E41                     B2SIDH          equ	3649	;# 
  1022   000E42                     B2SIDL          equ	3650	;# 
  1023   000E43                     B2EIDH          equ	3651	;# 
  1024   000E44                     B2EIDL          equ	3652	;# 
  1025   000E45                     B2DLC           equ	3653	;# 
  1026   000E46                     B2D0            equ	3654	;# 
  1027   000E47                     B2D1            equ	3655	;# 
  1028   000E48                     B2D2            equ	3656	;# 
  1029   000E49                     B2D3            equ	3657	;# 
  1030   000E4A                     B2D4            equ	3658	;# 
  1031   000E4B                     B2D5            equ	3659	;# 
  1032   000E4C                     B2D6            equ	3660	;# 
  1033   000E4D                     B2D7            equ	3661	;# 
  1034   000E4E                     CANSTAT_RO7     equ	3662	;# 
  1035   000E4F                     CANCON_RO7      equ	3663	;# 
  1036   000E50                     B3CON           equ	3664	;# 
  1037   000E51                     B3SIDH          equ	3665	;# 
  1038   000E52                     B3SIDL          equ	3666	;# 
  1039   000E53                     B3EIDH          equ	3667	;# 
  1040   000E54                     B3EIDL          equ	3668	;# 
  1041   000E55                     B3DLC           equ	3669	;# 
  1042   000E56                     B3D0            equ	3670	;# 
  1043   000E57                     B3D1            equ	3671	;# 
  1044   000E58                     B3D2            equ	3672	;# 
  1045   000E59                     B3D3            equ	3673	;# 
  1046   000E5A                     B3D4            equ	3674	;# 
  1047   000E5B                     B3D5            equ	3675	;# 
  1048   000E5C                     B3D6            equ	3676	;# 
  1049   000E5D                     B3D7            equ	3677	;# 
  1050   000E5E                     CANSTAT_RO6     equ	3678	;# 
  1051   000E5F                     CANCON_RO6      equ	3679	;# 
  1052   000E60                     B4CON           equ	3680	;# 
  1053   000E61                     B4SIDH          equ	3681	;# 
  1054   000E62                     B4SIDL          equ	3682	;# 
  1055   000E63                     B4EIDH          equ	3683	;# 
  1056   000E64                     B4EIDL          equ	3684	;# 
  1057   000E65                     B4DLC           equ	3685	;# 
  1058   000E66                     B4D0            equ	3686	;# 
  1059   000E67                     B4D1            equ	3687	;# 
  1060   000E68                     B4D2            equ	3688	;# 
  1061   000E69                     B4D3            equ	3689	;# 
  1062   000E6A                     B4D4            equ	3690	;# 
  1063   000E6B                     B4D5            equ	3691	;# 
  1064   000E6C                     B4D6            equ	3692	;# 
  1065   000E6D                     B4D7            equ	3693	;# 
  1066   000E6E                     CANSTAT_RO5     equ	3694	;# 
  1067   000E6F                     CANCON_RO5      equ	3695	;# 
  1068   000E70                     B5CON           equ	3696	;# 
  1069   000E71                     B5SIDH          equ	3697	;# 
  1070   000E72                     B5SIDL          equ	3698	;# 
  1071   000E73                     B5EIDH          equ	3699	;# 
  1072   000E74                     B5EIDL          equ	3700	;# 
  1073   000E75                     B5DLC           equ	3701	;# 
  1074   000E76                     B5D0            equ	3702	;# 
  1075   000E77                     B5D1            equ	3703	;# 
  1076   000E78                     B5D2            equ	3704	;# 
  1077   000E79                     B5D3            equ	3705	;# 
  1078   000E7A                     B5D4            equ	3706	;# 
  1079   000E7B                     B5D5            equ	3707	;# 
  1080   000E7C                     B5D6            equ	3708	;# 
  1081   000E7D                     B5D7            equ	3709	;# 
  1082   000E7E                     CANSTAT_RO4     equ	3710	;# 
  1083   000E7F                     CANCON_RO4      equ	3711	;# 
  1084   000F00                     RXF0SIDH        equ	3840	;# 
  1085   000F01                     RXF0SIDL        equ	3841	;# 
  1086   000F02                     RXF0EIDH        equ	3842	;# 
  1087   000F03                     RXF0EIDL        equ	3843	;# 
  1088   000F04                     RXF1SIDH        equ	3844	;# 
  1089   000F05                     RXF1SIDL        equ	3845	;# 
  1090   000F06                     RXF1EIDH        equ	3846	;# 
  1091   000F07                     RXF1EIDL        equ	3847	;# 
  1092   000F08                     RXF2SIDH        equ	3848	;# 
  1093   000F09                     RXF2SIDL        equ	3849	;# 
  1094   000F0A                     RXF2EIDH        equ	3850	;# 
  1095   000F0B                     RXF2EIDL        equ	3851	;# 
  1096   000F0C                     RXF3SIDH        equ	3852	;# 
  1097   000F0D                     RXF3SIDL        equ	3853	;# 
  1098   000F0E                     RXF3EIDH        equ	3854	;# 
  1099   000F0F                     RXF3EIDL        equ	3855	;# 
  1100   000F10                     RXF4SIDH        equ	3856	;# 
  1101   000F11                     RXF4SIDL        equ	3857	;# 
  1102   000F12                     RXF4EIDH        equ	3858	;# 
  1103   000F13                     RXF4EIDL        equ	3859	;# 
  1104   000F14                     RXF5SIDH        equ	3860	;# 
  1105   000F15                     RXF5SIDL        equ	3861	;# 
  1106   000F16                     RXF5EIDH        equ	3862	;# 
  1107   000F17                     RXF5EIDL        equ	3863	;# 
  1108   000F18                     RXM0SIDH        equ	3864	;# 
  1109   000F19                     RXM0SIDL        equ	3865	;# 
  1110   000F1A                     RXM0EIDH        equ	3866	;# 
  1111   000F1B                     RXM0EIDL        equ	3867	;# 
  1112   000F1C                     RXM1SIDH        equ	3868	;# 
  1113   000F1D                     RXM1SIDL        equ	3869	;# 
  1114   000F1E                     RXM1EIDH        equ	3870	;# 
  1115   000F1F                     RXM1EIDL        equ	3871	;# 
  1116   000F20                     TXB2CON         equ	3872	;# 
  1117   000F21                     TXB2SIDH        equ	3873	;# 
  1118   000F22                     TXB2SIDL        equ	3874	;# 
  1119   000F23                     TXB2EIDH        equ	3875	;# 
  1120   000F24                     TXB2EIDL        equ	3876	;# 
  1121   000F25                     TXB2DLC         equ	3877	;# 
  1122   000F26                     TXB2D0          equ	3878	;# 
  1123   000F27                     TXB2D1          equ	3879	;# 
  1124   000F28                     TXB2D2          equ	3880	;# 
  1125   000F29                     TXB2D3          equ	3881	;# 
  1126   000F2A                     TXB2D4          equ	3882	;# 
  1127   000F2B                     TXB2D5          equ	3883	;# 
  1128   000F2C                     TXB2D6          equ	3884	;# 
  1129   000F2D                     TXB2D7          equ	3885	;# 
  1130   000F2E                     CANSTAT_RO3     equ	3886	;# 
  1131   000F2F                     CANCON_RO3      equ	3887	;# 
  1132   000F30                     TXB1CON         equ	3888	;# 
  1133   000F31                     TXB1SIDH        equ	3889	;# 
  1134   000F32                     TXB1SIDL        equ	3890	;# 
  1135   000F33                     TXB1EIDH        equ	3891	;# 
  1136   000F34                     TXB1EIDL        equ	3892	;# 
  1137   000F35                     TXB1DLC         equ	3893	;# 
  1138   000F36                     TXB1D0          equ	3894	;# 
  1139   000F37                     TXB1D1          equ	3895	;# 
  1140   000F38                     TXB1D2          equ	3896	;# 
  1141   000F39                     TXB1D3          equ	3897	;# 
  1142   000F3A                     TXB1D4          equ	3898	;# 
  1143   000F3B                     TXB1D5          equ	3899	;# 
  1144   000F3C                     TXB1D6          equ	3900	;# 
  1145   000F3D                     TXB1D7          equ	3901	;# 
  1146   000F3E                     CANSTAT_RO2     equ	3902	;# 
  1147   000F3F                     CANCON_RO2      equ	3903	;# 
  1148   000F40                     TXB0CON         equ	3904	;# 
  1149   000F41                     TXB0SIDH        equ	3905	;# 
  1150   000F42                     TXB0SIDL        equ	3906	;# 
  1151   000F43                     TXB0EIDH        equ	3907	;# 
  1152   000F44                     TXB0EIDL        equ	3908	;# 
  1153   000F45                     TXB0DLC         equ	3909	;# 
  1154   000F46                     TXB0D0          equ	3910	;# 
  1155   000F47                     TXB0D1          equ	3911	;# 
  1156   000F48                     TXB0D2          equ	3912	;# 
  1157   000F49                     TXB0D3          equ	3913	;# 
  1158   000F4A                     TXB0D4          equ	3914	;# 
  1159   000F4B                     TXB0D5          equ	3915	;# 
  1160   000F4C                     TXB0D6          equ	3916	;# 
  1161   000F4D                     TXB0D7          equ	3917	;# 
  1162   000F4E                     CANSTAT_RO1     equ	3918	;# 
  1163   000F4F                     CANCON_RO1      equ	3919	;# 
  1164   000F50                     RXB1CON         equ	3920	;# 
  1165   000F51                     RXB1SIDH        equ	3921	;# 
  1166   000F52                     RXB1SIDL        equ	3922	;# 
  1167   000F53                     RXB1EIDH        equ	3923	;# 
  1168   000F54                     RXB1EIDL        equ	3924	;# 
  1169   000F55                     RXB1DLC         equ	3925	;# 
  1170   000F56                     RXB1D0          equ	3926	;# 
  1171   000F57                     RXB1D1          equ	3927	;# 
  1172   000F58                     RXB1D2          equ	3928	;# 
  1173   000F59                     RXB1D3          equ	3929	;# 
  1174   000F5A                     RXB1D4          equ	3930	;# 
  1175   000F5B                     RXB1D5          equ	3931	;# 
  1176   000F5C                     RXB1D6          equ	3932	;# 
  1177   000F5D                     RXB1D7          equ	3933	;# 
  1178   000F5E                     CANSTAT_RO0     equ	3934	;# 
  1179   000F5F                     CANCON_RO0      equ	3935	;# 
  1180   000F60                     RXB0CON         equ	3936	;# 
  1181   000F61                     RXB0SIDH        equ	3937	;# 
  1182   000F62                     RXB0SIDL        equ	3938	;# 
  1183   000F63                     RXB0EIDH        equ	3939	;# 
  1184   000F64                     RXB0EIDL        equ	3940	;# 
  1185   000F65                     RXB0DLC         equ	3941	;# 
  1186   000F66                     RXB0D0          equ	3942	;# 
  1187   000F67                     RXB0D1          equ	3943	;# 
  1188   000F68                     RXB0D2          equ	3944	;# 
  1189   000F69                     RXB0D3          equ	3945	;# 
  1190   000F6A                     RXB0D4          equ	3946	;# 
  1191   000F6B                     RXB0D5          equ	3947	;# 
  1192   000F6C                     RXB0D6          equ	3948	;# 
  1193   000F6D                     RXB0D7          equ	3949	;# 
  1194   000F6E                     CANSTAT         equ	3950	;# 
  1195   000F6F                     CANCON          equ	3951	;# 
  1196   000F70                     BRGCON1         equ	3952	;# 
  1197   000F71                     BRGCON2         equ	3953	;# 
  1198   000F72                     BRGCON3         equ	3954	;# 
  1199   000F73                     CIOCON          equ	3955	;# 
  1200   000F74                     COMSTAT         equ	3956	;# 
  1201   000F75                     RXERRCNT        equ	3957	;# 
  1202   000F76                     TXERRCNT        equ	3958	;# 
  1203   000F77                     ECANCON         equ	3959	;# 
  1204   000F80                     PORTA           equ	3968	;# 
  1205   000F81                     PORTB           equ	3969	;# 
  1206   000F82                     PORTC           equ	3970	;# 
  1207   000F83                     PORTD           equ	3971	;# 
  1208   000F84                     PORTE           equ	3972	;# 
  1209   000F89                     LATA            equ	3977	;# 
  1210   000F8A                     LATB            equ	3978	;# 
  1211   000F8B                     LATC            equ	3979	;# 
  1212   000F8C                     LATD            equ	3980	;# 
  1213   000F8D                     LATE            equ	3981	;# 
  1214   000F92                     TRISA           equ	3986	;# 
  1215   000F92                     DDRA            equ	3986	;# 
  1216   000F93                     TRISB           equ	3987	;# 
  1217   000F93                     DDRB            equ	3987	;# 
  1218   000F94                     TRISC           equ	3988	;# 
  1219   000F94                     DDRC            equ	3988	;# 
  1220   000F95                     TRISD           equ	3989	;# 
  1221   000F95                     DDRD            equ	3989	;# 
  1222   000F96                     TRISE           equ	3990	;# 
  1223   000F96                     DDRE            equ	3990	;# 
  1224   000F9B                     OSCTUNE         equ	3995	;# 
  1225   000F9D                     PIE1            equ	3997	;# 
  1226   000F9E                     PIR1            equ	3998	;# 
  1227   000F9F                     IPR1            equ	3999	;# 
  1228   000FA0                     PIE2            equ	4000	;# 
  1229   000FA1                     PIR2            equ	4001	;# 
  1230   000FA2                     IPR2            equ	4002	;# 
  1231   000FA3                     PIE3            equ	4003	;# 
  1232   000FA4                     PIR3            equ	4004	;# 
  1233   000FA5                     IPR3            equ	4005	;# 
  1234   000FA6                     EECON1          equ	4006	;# 
  1235   000FA7                     EECON2          equ	4007	;# 
  1236   000FA8                     EEDATA          equ	4008	;# 
  1237   000FA9                     EEADR           equ	4009	;# 
  1238   000FAB                     RCSTA           equ	4011	;# 
  1239   000FAB                     RCSTA1          equ	4011	;# 
  1240   000FAC                     TXSTA           equ	4012	;# 
  1241   000FAC                     TXSTA1          equ	4012	;# 
  1242   000FAD                     TXREG           equ	4013	;# 
  1243   000FAD                     TXREG1          equ	4013	;# 
  1244   000FAE                     RCREG           equ	4014	;# 
  1245   000FAE                     RCREG1          equ	4014	;# 
  1246   000FAF                     SPBRG           equ	4015	;# 
  1247   000FAF                     SPBRG1          equ	4015	;# 
  1248   000FB0                     SPBRGH          equ	4016	;# 
  1249   000FB1                     T3CON           equ	4017	;# 
  1250   000FB2                     TMR3            equ	4018	;# 
  1251   000FB2                     TMR3L           equ	4018	;# 
  1252   000FB3                     TMR3H           equ	4019	;# 
  1253   000FB4                     CMCON           equ	4020	;# 
  1254   000FB5                     CVRCON          equ	4021	;# 
  1255   000FB6                     ECCP1AS         equ	4022	;# 
  1256   000FB7                     ECCP1DEL        equ	4023	;# 
  1257   000FB8                     BAUDCON         equ	4024	;# 
  1258   000FB8                     BAUDCTL         equ	4024	;# 
  1259   000FBA                     ECCP1CON        equ	4026	;# 
  1260   000FBB                     ECCPR1          equ	4027	;# 
  1261   000FBB                     ECCPR1L         equ	4027	;# 
  1262   000FBC                     ECCPR1H         equ	4028	;# 
  1263   000FBD                     CCP1CON         equ	4029	;# 
  1264   000FBE                     CCPR1           equ	4030	;# 
  1265   000FBE                     CCPR1L          equ	4030	;# 
  1266   000FBF                     CCPR1H          equ	4031	;# 
  1267   000FC0                     ADCON2          equ	4032	;# 
  1268   000FC1                     ADCON1          equ	4033	;# 
  1269   000FC2                     ADCON0          equ	4034	;# 
  1270   000FC3                     ADRES           equ	4035	;# 
  1271   000FC3                     ADRESL          equ	4035	;# 
  1272   000FC4                     ADRESH          equ	4036	;# 
  1273   000FC5                     SSPCON2         equ	4037	;# 
  1274   000FC6                     SSPCON1         equ	4038	;# 
  1275   000FC7                     SSPSTAT         equ	4039	;# 
  1276   000FC8                     SSPADD          equ	4040	;# 
  1277   000FC9                     SSPBUF          equ	4041	;# 
  1278   000FCA                     T2CON           equ	4042	;# 
  1279   000FCB                     PR2             equ	4043	;# 
  1280   000FCB                     MEMCON          equ	4043	;# 
  1281   000FCC                     TMR2            equ	4044	;# 
  1282   000FCD                     T1CON           equ	4045	;# 
  1283   000FCE                     TMR1            equ	4046	;# 
  1284   000FCE                     TMR1L           equ	4046	;# 
  1285   000FCF                     TMR1H           equ	4047	;# 
  1286   000FD0                     RCON            equ	4048	;# 
  1287   000FD1                     WDTCON          equ	4049	;# 
  1288   000FD2                     HLVDCON         equ	4050	;# 
  1289   000FD2                     LVDCON          equ	4050	;# 
  1290   000FD3                     OSCCON          equ	4051	;# 
  1291   000FD5                     T0CON           equ	4053	;# 
  1292   000FD6                     TMR0            equ	4054	;# 
  1293   000FD6                     TMR0L           equ	4054	;# 
  1294   000FD7                     TMR0H           equ	4055	;# 
  1295   000FD8                     STATUS          equ	4056	;# 
  1296   000FD9                     FSR2            equ	4057	;# 
  1297   000FD9                     FSR2L           equ	4057	;# 
  1298   000FDA                     FSR2H           equ	4058	;# 
  1299   000FDB                     PLUSW2          equ	4059	;# 
  1300   000FDC                     PREINC2         equ	4060	;# 
  1301   000FDD                     POSTDEC2        equ	4061	;# 
  1302   000FDE                     POSTINC2        equ	4062	;# 
  1303   000FDF                     INDF2           equ	4063	;# 
  1304   000FE0                     BSR             equ	4064	;# 
  1305   000FE1                     FSR1            equ	4065	;# 
  1306   000FE1                     FSR1L           equ	4065	;# 
  1307   000FE2                     FSR1H           equ	4066	;# 
  1308   000FE3                     PLUSW1          equ	4067	;# 
  1309   000FE4                     PREINC1         equ	4068	;# 
  1310   000FE5                     POSTDEC1        equ	4069	;# 
  1311   000FE6                     POSTINC1        equ	4070	;# 
  1312   000FE7                     INDF1           equ	4071	;# 
  1313   000FE8                     WREG            equ	4072	;# 
  1314   000FE9                     FSR0            equ	4073	;# 
  1315   000FE9                     FSR0L           equ	4073	;# 
  1316   000FEA                     FSR0H           equ	4074	;# 
  1317   000FEB                     PLUSW0          equ	4075	;# 
  1318   000FEC                     PREINC0         equ	4076	;# 
  1319   000FED                     POSTDEC0        equ	4077	;# 
  1320   000FEE                     POSTINC0        equ	4078	;# 
  1321   000FEF                     INDF0           equ	4079	;# 
  1322   000FF0                     INTCON3         equ	4080	;# 
  1323   000FF1                     INTCON2         equ	4081	;# 
  1324   000FF2                     INTCON          equ	4082	;# 
  1325   000FF3                     PROD            equ	4083	;# 
  1326   000FF3                     PRODL           equ	4083	;# 
  1327   000FF4                     PRODH           equ	4084	;# 
  1328   000FF5                     TABLAT          equ	4085	;# 
  1329   000FF6                     TBLPTR          equ	4086	;# 
  1330   000FF6                     TBLPTRL         equ	4086	;# 
  1331   000FF7                     TBLPTRH         equ	4087	;# 
  1332   000FF8                     TBLPTRU         equ	4088	;# 
  1333   000FF9                     PCLAT           equ	4089	;# 
  1334   000FF9                     PC              equ	4089	;# 
  1335   000FF9                     PCL             equ	4089	;# 
  1336   000FFA                     PCLATH          equ	4090	;# 
  1337   000FFB                     PCLATU          equ	4091	;# 
  1338   000FFC                     STKPTR          equ	4092	;# 
  1339   000FFD                     TOS             equ	4093	;# 
  1340   000FFD                     TOSL            equ	4093	;# 
  1341   000FFE                     TOSH            equ	4094	;# 
  1342   000FFF                     TOSU            equ	4095	;# 
  1343   000D60                     RXF6SIDH        equ	3424	;# 
  1344   000D61                     RXF6SIDL        equ	3425	;# 
  1345   000D62                     RXF6EIDH        equ	3426	;# 
  1346   000D63                     RXF6EIDL        equ	3427	;# 
  1347   000D64                     RXF7SIDH        equ	3428	;# 
  1348   000D65                     RXF7SIDL        equ	3429	;# 
  1349   000D66                     RXF7EIDH        equ	3430	;# 
  1350   000D67                     RXF7EIDL        equ	3431	;# 
  1351   000D68                     RXF8SIDH        equ	3432	;# 
  1352   000D69                     RXF8SIDL        equ	3433	;# 
  1353   000D6A                     RXF8EIDH        equ	3434	;# 
  1354   000D6B                     RXF8EIDL        equ	3435	;# 
  1355   000D70                     RXF9SIDH        equ	3440	;# 
  1356   000D71                     RXF9SIDL        equ	3441	;# 
  1357   000D72                     RXF9EIDH        equ	3442	;# 
  1358   000D73                     RXF9EIDL        equ	3443	;# 
  1359   000D74                     RXF10SIDH       equ	3444	;# 
  1360   000D75                     RXF10SIDL       equ	3445	;# 
  1361   000D76                     RXF10EIDH       equ	3446	;# 
  1362   000D77                     RXF10EIDL       equ	3447	;# 
  1363   000D78                     RXF11SIDH       equ	3448	;# 
  1364   000D79                     RXF11SIDL       equ	3449	;# 
  1365   000D7A                     RXF11EIDH       equ	3450	;# 
  1366   000D7B                     RXF11EIDL       equ	3451	;# 
  1367   000D80                     RXF12SIDH       equ	3456	;# 
  1368   000D81                     RXF12SIDL       equ	3457	;# 
  1369   000D82                     RXF12EIDH       equ	3458	;# 
  1370   000D83                     RXF12EIDL       equ	3459	;# 
  1371   000D84                     RXF13SIDH       equ	3460	;# 
  1372   000D85                     RXF13SIDL       equ	3461	;# 
  1373   000D86                     RXF13EIDH       equ	3462	;# 
  1374   000D87                     RXF13EIDL       equ	3463	;# 
  1375   000D88                     RXF14SIDH       equ	3464	;# 
  1376   000D89                     RXF14SIDL       equ	3465	;# 
  1377   000D8A                     RXF14EIDH       equ	3466	;# 
  1378   000D8B                     RXF14EIDL       equ	3467	;# 
  1379   000D90                     RXF15SIDH       equ	3472	;# 
  1380   000D91                     RXF15SIDL       equ	3473	;# 
  1381   000D92                     RXF15EIDH       equ	3474	;# 
  1382   000D93                     RXF15EIDL       equ	3475	;# 
  1383   000DD4                     RXFCON0         equ	3540	;# 
  1384   000DD5                     RXFCON1         equ	3541	;# 
  1385   000DD8                     SDFLC           equ	3544	;# 
  1386   000DE0                     RXFBCON0        equ	3552	;# 
  1387   000DE1                     RXFBCON1        equ	3553	;# 
  1388   000DE2                     RXFBCON2        equ	3554	;# 
  1389   000DE3                     RXFBCON3        equ	3555	;# 
  1390   000DE4                     RXFBCON4        equ	3556	;# 
  1391   000DE5                     RXFBCON5        equ	3557	;# 
  1392   000DE6                     RXFBCON6        equ	3558	;# 
  1393   000DE7                     RXFBCON7        equ	3559	;# 
  1394   000DF0                     MSEL0           equ	3568	;# 
  1395   000DF1                     MSEL1           equ	3569	;# 
  1396   000DF2                     MSEL2           equ	3570	;# 
  1397   000DF3                     MSEL3           equ	3571	;# 
  1398   000DF8                     BSEL0           equ	3576	;# 
  1399   000DFA                     BIE0            equ	3578	;# 
  1400   000DFC                     TXBIE           equ	3580	;# 
  1401   000E20                     B0CON           equ	3616	;# 
  1402   000E21                     B0SIDH          equ	3617	;# 
  1403   000E22                     B0SIDL          equ	3618	;# 
  1404   000E23                     B0EIDH          equ	3619	;# 
  1405   000E24                     B0EIDL          equ	3620	;# 
  1406   000E25                     B0DLC           equ	3621	;# 
  1407   000E26                     B0D0            equ	3622	;# 
  1408   000E27                     B0D1            equ	3623	;# 
  1409   000E28                     B0D2            equ	3624	;# 
  1410   000E29                     B0D3            equ	3625	;# 
  1411   000E2A                     B0D4            equ	3626	;# 
  1412   000E2B                     B0D5            equ	3627	;# 
  1413   000E2C                     B0D6            equ	3628	;# 
  1414   000E2D                     B0D7            equ	3629	;# 
  1415   000E2E                     CANSTAT_RO9     equ	3630	;# 
  1416   000E2F                     CANCON_RO9      equ	3631	;# 
  1417   000E30                     B1CON           equ	3632	;# 
  1418   000E31                     B1SIDH          equ	3633	;# 
  1419   000E32                     B1SIDL          equ	3634	;# 
  1420   000E33                     B1EIDH          equ	3635	;# 
  1421   000E34                     B1EIDL          equ	3636	;# 
  1422   000E35                     B1DLC           equ	3637	;# 
  1423   000E36                     B1D0            equ	3638	;# 
  1424   000E37                     B1D1            equ	3639	;# 
  1425   000E38                     B1D2            equ	3640	;# 
  1426   000E39                     B1D3            equ	3641	;# 
  1427   000E3A                     B1D4            equ	3642	;# 
  1428   000E3B                     B1D5            equ	3643	;# 
  1429   000E3C                     B1D6            equ	3644	;# 
  1430   000E3D                     B1D7            equ	3645	;# 
  1431   000E3E                     CANSTAT_RO8     equ	3646	;# 
  1432   000E3F                     CANCON_RO8      equ	3647	;# 
  1433   000E40                     B2CON           equ	3648	;# 
  1434   000E41                     B2SIDH          equ	3649	;# 
  1435   000E42                     B2SIDL          equ	3650	;# 
  1436   000E43                     B2EIDH          equ	3651	;# 
  1437   000E44                     B2EIDL          equ	3652	;# 
  1438   000E45                     B2DLC           equ	3653	;# 
  1439   000E46                     B2D0            equ	3654	;# 
  1440   000E47                     B2D1            equ	3655	;# 
  1441   000E48                     B2D2            equ	3656	;# 
  1442   000E49                     B2D3            equ	3657	;# 
  1443   000E4A                     B2D4            equ	3658	;# 
  1444   000E4B                     B2D5            equ	3659	;# 
  1445   000E4C                     B2D6            equ	3660	;# 
  1446   000E4D                     B2D7            equ	3661	;# 
  1447   000E4E                     CANSTAT_RO7     equ	3662	;# 
  1448   000E4F                     CANCON_RO7      equ	3663	;# 
  1449   000E50                     B3CON           equ	3664	;# 
  1450   000E51                     B3SIDH          equ	3665	;# 
  1451   000E52                     B3SIDL          equ	3666	;# 
  1452   000E53                     B3EIDH          equ	3667	;# 
  1453   000E54                     B3EIDL          equ	3668	;# 
  1454   000E55                     B3DLC           equ	3669	;# 
  1455   000E56                     B3D0            equ	3670	;# 
  1456   000E57                     B3D1            equ	3671	;# 
  1457   000E58                     B3D2            equ	3672	;# 
  1458   000E59                     B3D3            equ	3673	;# 
  1459   000E5A                     B3D4            equ	3674	;# 
  1460   000E5B                     B3D5            equ	3675	;# 
  1461   000E5C                     B3D6            equ	3676	;# 
  1462   000E5D                     B3D7            equ	3677	;# 
  1463   000E5E                     CANSTAT_RO6     equ	3678	;# 
  1464   000E5F                     CANCON_RO6      equ	3679	;# 
  1465   000E60                     B4CON           equ	3680	;# 
  1466   000E61                     B4SIDH          equ	3681	;# 
  1467   000E62                     B4SIDL          equ	3682	;# 
  1468   000E63                     B4EIDH          equ	3683	;# 
  1469   000E64                     B4EIDL          equ	3684	;# 
  1470   000E65                     B4DLC           equ	3685	;# 
  1471   000E66                     B4D0            equ	3686	;# 
  1472   000E67                     B4D1            equ	3687	;# 
  1473   000E68                     B4D2            equ	3688	;# 
  1474   000E69                     B4D3            equ	3689	;# 
  1475   000E6A                     B4D4            equ	3690	;# 
  1476   000E6B                     B4D5            equ	3691	;# 
  1477   000E6C                     B4D6            equ	3692	;# 
  1478   000E6D                     B4D7            equ	3693	;# 
  1479   000E6E                     CANSTAT_RO5     equ	3694	;# 
  1480   000E6F                     CANCON_RO5      equ	3695	;# 
  1481   000E70                     B5CON           equ	3696	;# 
  1482   000E71                     B5SIDH          equ	3697	;# 
  1483   000E72                     B5SIDL          equ	3698	;# 
  1484   000E73                     B5EIDH          equ	3699	;# 
  1485   000E74                     B5EIDL          equ	3700	;# 
  1486   000E75                     B5DLC           equ	3701	;# 
  1487   000E76                     B5D0            equ	3702	;# 
  1488   000E77                     B5D1            equ	3703	;# 
  1489   000E78                     B5D2            equ	3704	;# 
  1490   000E79                     B5D3            equ	3705	;# 
  1491   000E7A                     B5D4            equ	3706	;# 
  1492   000E7B                     B5D5            equ	3707	;# 
  1493   000E7C                     B5D6            equ	3708	;# 
  1494   000E7D                     B5D7            equ	3709	;# 
  1495   000E7E                     CANSTAT_RO4     equ	3710	;# 
  1496   000E7F                     CANCON_RO4      equ	3711	;# 
  1497   000F00                     RXF0SIDH        equ	3840	;# 
  1498   000F01                     RXF0SIDL        equ	3841	;# 
  1499   000F02                     RXF0EIDH        equ	3842	;# 
  1500   000F03                     RXF0EIDL        equ	3843	;# 
  1501   000F04                     RXF1SIDH        equ	3844	;# 
  1502   000F05                     RXF1SIDL        equ	3845	;# 
  1503   000F06                     RXF1EIDH        equ	3846	;# 
  1504   000F07                     RXF1EIDL        equ	3847	;# 
  1505   000F08                     RXF2SIDH        equ	3848	;# 
  1506   000F09                     RXF2SIDL        equ	3849	;# 
  1507   000F0A                     RXF2EIDH        equ	3850	;# 
  1508   000F0B                     RXF2EIDL        equ	3851	;# 
  1509   000F0C                     RXF3SIDH        equ	3852	;# 
  1510   000F0D                     RXF3SIDL        equ	3853	;# 
  1511   000F0E                     RXF3EIDH        equ	3854	;# 
  1512   000F0F                     RXF3EIDL        equ	3855	;# 
  1513   000F10                     RXF4SIDH        equ	3856	;# 
  1514   000F11                     RXF4SIDL        equ	3857	;# 
  1515   000F12                     RXF4EIDH        equ	3858	;# 
  1516   000F13                     RXF4EIDL        equ	3859	;# 
  1517   000F14                     RXF5SIDH        equ	3860	;# 
  1518   000F15                     RXF5SIDL        equ	3861	;# 
  1519   000F16                     RXF5EIDH        equ	3862	;# 
  1520   000F17                     RXF5EIDL        equ	3863	;# 
  1521   000F18                     RXM0SIDH        equ	3864	;# 
  1522   000F19                     RXM0SIDL        equ	3865	;# 
  1523   000F1A                     RXM0EIDH        equ	3866	;# 
  1524   000F1B                     RXM0EIDL        equ	3867	;# 
  1525   000F1C                     RXM1SIDH        equ	3868	;# 
  1526   000F1D                     RXM1SIDL        equ	3869	;# 
  1527   000F1E                     RXM1EIDH        equ	3870	;# 
  1528   000F1F                     RXM1EIDL        equ	3871	;# 
  1529   000F20                     TXB2CON         equ	3872	;# 
  1530   000F21                     TXB2SIDH        equ	3873	;# 
  1531   000F22                     TXB2SIDL        equ	3874	;# 
  1532   000F23                     TXB2EIDH        equ	3875	;# 
  1533   000F24                     TXB2EIDL        equ	3876	;# 
  1534   000F25                     TXB2DLC         equ	3877	;# 
  1535   000F26                     TXB2D0          equ	3878	;# 
  1536   000F27                     TXB2D1          equ	3879	;# 
  1537   000F28                     TXB2D2          equ	3880	;# 
  1538   000F29                     TXB2D3          equ	3881	;# 
  1539   000F2A                     TXB2D4          equ	3882	;# 
  1540   000F2B                     TXB2D5          equ	3883	;# 
  1541   000F2C                     TXB2D6          equ	3884	;# 
  1542   000F2D                     TXB2D7          equ	3885	;# 
  1543   000F2E                     CANSTAT_RO3     equ	3886	;# 
  1544   000F2F                     CANCON_RO3      equ	3887	;# 
  1545   000F30                     TXB1CON         equ	3888	;# 
  1546   000F31                     TXB1SIDH        equ	3889	;# 
  1547   000F32                     TXB1SIDL        equ	3890	;# 
  1548   000F33                     TXB1EIDH        equ	3891	;# 
  1549   000F34                     TXB1EIDL        equ	3892	;# 
  1550   000F35                     TXB1DLC         equ	3893	;# 
  1551   000F36                     TXB1D0          equ	3894	;# 
  1552   000F37                     TXB1D1          equ	3895	;# 
  1553   000F38                     TXB1D2          equ	3896	;# 
  1554   000F39                     TXB1D3          equ	3897	;# 
  1555   000F3A                     TXB1D4          equ	3898	;# 
  1556   000F3B                     TXB1D5          equ	3899	;# 
  1557   000F3C                     TXB1D6          equ	3900	;# 
  1558   000F3D                     TXB1D7          equ	3901	;# 
  1559   000F3E                     CANSTAT_RO2     equ	3902	;# 
  1560   000F3F                     CANCON_RO2      equ	3903	;# 
  1561   000F40                     TXB0CON         equ	3904	;# 
  1562   000F41                     TXB0SIDH        equ	3905	;# 
  1563   000F42                     TXB0SIDL        equ	3906	;# 
  1564   000F43                     TXB0EIDH        equ	3907	;# 
  1565   000F44                     TXB0EIDL        equ	3908	;# 
  1566   000F45                     TXB0DLC         equ	3909	;# 
  1567   000F46                     TXB0D0          equ	3910	;# 
  1568   000F47                     TXB0D1          equ	3911	;# 
  1569   000F48                     TXB0D2          equ	3912	;# 
  1570   000F49                     TXB0D3          equ	3913	;# 
  1571   000F4A                     TXB0D4          equ	3914	;# 
  1572   000F4B                     TXB0D5          equ	3915	;# 
  1573   000F4C                     TXB0D6          equ	3916	;# 
  1574   000F4D                     TXB0D7          equ	3917	;# 
  1575   000F4E                     CANSTAT_RO1     equ	3918	;# 
  1576   000F4F                     CANCON_RO1      equ	3919	;# 
  1577   000F50                     RXB1CON         equ	3920	;# 
  1578   000F51                     RXB1SIDH        equ	3921	;# 
  1579   000F52                     RXB1SIDL        equ	3922	;# 
  1580   000F53                     RXB1EIDH        equ	3923	;# 
  1581   000F54                     RXB1EIDL        equ	3924	;# 
  1582   000F55                     RXB1DLC         equ	3925	;# 
  1583   000F56                     RXB1D0          equ	3926	;# 
  1584   000F57                     RXB1D1          equ	3927	;# 
  1585   000F58                     RXB1D2          equ	3928	;# 
  1586   000F59                     RXB1D3          equ	3929	;# 
  1587   000F5A                     RXB1D4          equ	3930	;# 
  1588   000F5B                     RXB1D5          equ	3931	;# 
  1589   000F5C                     RXB1D6          equ	3932	;# 
  1590   000F5D                     RXB1D7          equ	3933	;# 
  1591   000F5E                     CANSTAT_RO0     equ	3934	;# 
  1592   000F5F                     CANCON_RO0      equ	3935	;# 
  1593   000F60                     RXB0CON         equ	3936	;# 
  1594   000F61                     RXB0SIDH        equ	3937	;# 
  1595   000F62                     RXB0SIDL        equ	3938	;# 
  1596   000F63                     RXB0EIDH        equ	3939	;# 
  1597   000F64                     RXB0EIDL        equ	3940	;# 
  1598   000F65                     RXB0DLC         equ	3941	;# 
  1599   000F66                     RXB0D0          equ	3942	;# 
  1600   000F67                     RXB0D1          equ	3943	;# 
  1601   000F68                     RXB0D2          equ	3944	;# 
  1602   000F69                     RXB0D3          equ	3945	;# 
  1603   000F6A                     RXB0D4          equ	3946	;# 
  1604   000F6B                     RXB0D5          equ	3947	;# 
  1605   000F6C                     RXB0D6          equ	3948	;# 
  1606   000F6D                     RXB0D7          equ	3949	;# 
  1607   000F6E                     CANSTAT         equ	3950	;# 
  1608   000F6F                     CANCON          equ	3951	;# 
  1609   000F70                     BRGCON1         equ	3952	;# 
  1610   000F71                     BRGCON2         equ	3953	;# 
  1611   000F72                     BRGCON3         equ	3954	;# 
  1612   000F73                     CIOCON          equ	3955	;# 
  1613   000F74                     COMSTAT         equ	3956	;# 
  1614   000F75                     RXERRCNT        equ	3957	;# 
  1615   000F76                     TXERRCNT        equ	3958	;# 
  1616   000F77                     ECANCON         equ	3959	;# 
  1617   000F80                     PORTA           equ	3968	;# 
  1618   000F81                     PORTB           equ	3969	;# 
  1619   000F82                     PORTC           equ	3970	;# 
  1620   000F83                     PORTD           equ	3971	;# 
  1621   000F84                     PORTE           equ	3972	;# 
  1622   000F89                     LATA            equ	3977	;# 
  1623   000F8A                     LATB            equ	3978	;# 
  1624   000F8B                     LATC            equ	3979	;# 
  1625   000F8C                     LATD            equ	3980	;# 
  1626   000F8D                     LATE            equ	3981	;# 
  1627   000F92                     TRISA           equ	3986	;# 
  1628   000F92                     DDRA            equ	3986	;# 
  1629   000F93                     TRISB           equ	3987	;# 
  1630   000F93                     DDRB            equ	3987	;# 
  1631   000F94                     TRISC           equ	3988	;# 
  1632   000F94                     DDRC            equ	3988	;# 
  1633   000F95                     TRISD           equ	3989	;# 
  1634   000F95                     DDRD            equ	3989	;# 
  1635   000F96                     TRISE           equ	3990	;# 
  1636   000F96                     DDRE            equ	3990	;# 
  1637   000F9B                     OSCTUNE         equ	3995	;# 
  1638   000F9D                     PIE1            equ	3997	;# 
  1639   000F9E                     PIR1            equ	3998	;# 
  1640   000F9F                     IPR1            equ	3999	;# 
  1641   000FA0                     PIE2            equ	4000	;# 
  1642   000FA1                     PIR2            equ	4001	;# 
  1643   000FA2                     IPR2            equ	4002	;# 
  1644   000FA3                     PIE3            equ	4003	;# 
  1645   000FA4                     PIR3            equ	4004	;# 
  1646   000FA5                     IPR3            equ	4005	;# 
  1647   000FA6                     EECON1          equ	4006	;# 
  1648   000FA7                     EECON2          equ	4007	;# 
  1649   000FA8                     EEDATA          equ	4008	;# 
  1650   000FA9                     EEADR           equ	4009	;# 
  1651   000FAB                     RCSTA           equ	4011	;# 
  1652   000FAB                     RCSTA1          equ	4011	;# 
  1653   000FAC                     TXSTA           equ	4012	;# 
  1654   000FAC                     TXSTA1          equ	4012	;# 
  1655   000FAD                     TXREG           equ	4013	;# 
  1656   000FAD                     TXREG1          equ	4013	;# 
  1657   000FAE                     RCREG           equ	4014	;# 
  1658   000FAE                     RCREG1          equ	4014	;# 
  1659   000FAF                     SPBRG           equ	4015	;# 
  1660   000FAF                     SPBRG1          equ	4015	;# 
  1661   000FB0                     SPBRGH          equ	4016	;# 
  1662   000FB1                     T3CON           equ	4017	;# 
  1663   000FB2                     TMR3            equ	4018	;# 
  1664   000FB2                     TMR3L           equ	4018	;# 
  1665   000FB3                     TMR3H           equ	4019	;# 
  1666   000FB4                     CMCON           equ	4020	;# 
  1667   000FB5                     CVRCON          equ	4021	;# 
  1668   000FB6                     ECCP1AS         equ	4022	;# 
  1669   000FB7                     ECCP1DEL        equ	4023	;# 
  1670   000FB8                     BAUDCON         equ	4024	;# 
  1671   000FB8                     BAUDCTL         equ	4024	;# 
  1672   000FBA                     ECCP1CON        equ	4026	;# 
  1673   000FBB                     ECCPR1          equ	4027	;# 
  1674   000FBB                     ECCPR1L         equ	4027	;# 
  1675   000FBC                     ECCPR1H         equ	4028	;# 
  1676   000FBD                     CCP1CON         equ	4029	;# 
  1677   000FBE                     CCPR1           equ	4030	;# 
  1678   000FBE                     CCPR1L          equ	4030	;# 
  1679   000FBF                     CCPR1H          equ	4031	;# 
  1680   000FC0                     ADCON2          equ	4032	;# 
  1681   000FC1                     ADCON1          equ	4033	;# 
  1682   000FC2                     ADCON0          equ	4034	;# 
  1683   000FC3                     ADRES           equ	4035	;# 
  1684   000FC3                     ADRESL          equ	4035	;# 
  1685   000FC4                     ADRESH          equ	4036	;# 
  1686   000FC5                     SSPCON2         equ	4037	;# 
  1687   000FC6                     SSPCON1         equ	4038	;# 
  1688   000FC7                     SSPSTAT         equ	4039	;# 
  1689   000FC8                     SSPADD          equ	4040	;# 
  1690   000FC9                     SSPBUF          equ	4041	;# 
  1691   000FCA                     T2CON           equ	4042	;# 
  1692   000FCB                     PR2             equ	4043	;# 
  1693   000FCB                     MEMCON          equ	4043	;# 
  1694   000FCC                     TMR2            equ	4044	;# 
  1695   000FCD                     T1CON           equ	4045	;# 
  1696   000FCE                     TMR1            equ	4046	;# 
  1697   000FCE                     TMR1L           equ	4046	;# 
  1698   000FCF                     TMR1H           equ	4047	;# 
  1699   000FD0                     RCON            equ	4048	;# 
  1700   000FD1                     WDTCON          equ	4049	;# 
  1701   000FD2                     HLVDCON         equ	4050	;# 
  1702   000FD2                     LVDCON          equ	4050	;# 
  1703   000FD3                     OSCCON          equ	4051	;# 
  1704   000FD5                     T0CON           equ	4053	;# 
  1705   000FD6                     TMR0            equ	4054	;# 
  1706   000FD6                     TMR0L           equ	4054	;# 
  1707   000FD7                     TMR0H           equ	4055	;# 
  1708   000FD8                     STATUS          equ	4056	;# 
  1709   000FD9                     FSR2            equ	4057	;# 
  1710   000FD9                     FSR2L           equ	4057	;# 
  1711   000FDA                     FSR2H           equ	4058	;# 
  1712   000FDB                     PLUSW2          equ	4059	;# 
  1713   000FDC                     PREINC2         equ	4060	;# 
  1714   000FDD                     POSTDEC2        equ	4061	;# 
  1715   000FDE                     POSTINC2        equ	4062	;# 
  1716   000FDF                     INDF2           equ	4063	;# 
  1717   000FE0                     BSR             equ	4064	;# 
  1718   000FE1                     FSR1            equ	4065	;# 
  1719   000FE1                     FSR1L           equ	4065	;# 
  1720   000FE2                     FSR1H           equ	4066	;# 
  1721   000FE3                     PLUSW1          equ	4067	;# 
  1722   000FE4                     PREINC1         equ	4068	;# 
  1723   000FE5                     POSTDEC1        equ	4069	;# 
  1724   000FE6                     POSTINC1        equ	4070	;# 
  1725   000FE7                     INDF1           equ	4071	;# 
  1726   000FE8                     WREG            equ	4072	;# 
  1727   000FE9                     FSR0            equ	4073	;# 
  1728   000FE9                     FSR0L           equ	4073	;# 
  1729   000FEA                     FSR0H           equ	4074	;# 
  1730   000FEB                     PLUSW0          equ	4075	;# 
  1731   000FEC                     PREINC0         equ	4076	;# 
  1732   000FED                     POSTDEC0        equ	4077	;# 
  1733   000FEE                     POSTINC0        equ	4078	;# 
  1734   000FEF                     INDF0           equ	4079	;# 
  1735   000FF0                     INTCON3         equ	4080	;# 
  1736   000FF1                     INTCON2         equ	4081	;# 
  1737   000FF2                     INTCON          equ	4082	;# 
  1738   000FF3                     PROD            equ	4083	;# 
  1739   000FF3                     PRODL           equ	4083	;# 
  1740   000FF4                     PRODH           equ	4084	;# 
  1741   000FF5                     TABLAT          equ	4085	;# 
  1742   000FF6                     TBLPTR          equ	4086	;# 
  1743   000FF6                     TBLPTRL         equ	4086	;# 
  1744   000FF7                     TBLPTRH         equ	4087	;# 
  1745   000FF8                     TBLPTRU         equ	4088	;# 
  1746   000FF9                     PCLAT           equ	4089	;# 
  1747   000FF9                     PC              equ	4089	;# 
  1748   000FF9                     PCL             equ	4089	;# 
  1749   000FFA                     PCLATH          equ	4090	;# 
  1750   000FFB                     PCLATU          equ	4091	;# 
  1751   000FFC                     STKPTR          equ	4092	;# 
  1752   000FFD                     TOS             equ	4093	;# 
  1753   000FFD                     TOSL            equ	4093	;# 
  1754   000FFE                     TOSH            equ	4094	;# 
  1755   000FFF                     TOSU            equ	4095	;# 
  1756   000D60                     RXF6SIDH        equ	3424	;# 
  1757   000D61                     RXF6SIDL        equ	3425	;# 
  1758   000D62                     RXF6EIDH        equ	3426	;# 
  1759   000D63                     RXF6EIDL        equ	3427	;# 
  1760   000D64                     RXF7SIDH        equ	3428	;# 
  1761   000D65                     RXF7SIDL        equ	3429	;# 
  1762   000D66                     RXF7EIDH        equ	3430	;# 
  1763   000D67                     RXF7EIDL        equ	3431	;# 
  1764   000D68                     RXF8SIDH        equ	3432	;# 
  1765   000D69                     RXF8SIDL        equ	3433	;# 
  1766   000D6A                     RXF8EIDH        equ	3434	;# 
  1767   000D6B                     RXF8EIDL        equ	3435	;# 
  1768   000D70                     RXF9SIDH        equ	3440	;# 
  1769   000D71                     RXF9SIDL        equ	3441	;# 
  1770   000D72                     RXF9EIDH        equ	3442	;# 
  1771   000D73                     RXF9EIDL        equ	3443	;# 
  1772   000D74                     RXF10SIDH       equ	3444	;# 
  1773   000D75                     RXF10SIDL       equ	3445	;# 
  1774   000D76                     RXF10EIDH       equ	3446	;# 
  1775   000D77                     RXF10EIDL       equ	3447	;# 
  1776   000D78                     RXF11SIDH       equ	3448	;# 
  1777   000D79                     RXF11SIDL       equ	3449	;# 
  1778   000D7A                     RXF11EIDH       equ	3450	;# 
  1779   000D7B                     RXF11EIDL       equ	3451	;# 
  1780   000D80                     RXF12SIDH       equ	3456	;# 
  1781   000D81                     RXF12SIDL       equ	3457	;# 
  1782   000D82                     RXF12EIDH       equ	3458	;# 
  1783   000D83                     RXF12EIDL       equ	3459	;# 
  1784   000D84                     RXF13SIDH       equ	3460	;# 
  1785   000D85                     RXF13SIDL       equ	3461	;# 
  1786   000D86                     RXF13EIDH       equ	3462	;# 
  1787   000D87                     RXF13EIDL       equ	3463	;# 
  1788   000D88                     RXF14SIDH       equ	3464	;# 
  1789   000D89                     RXF14SIDL       equ	3465	;# 
  1790   000D8A                     RXF14EIDH       equ	3466	;# 
  1791   000D8B                     RXF14EIDL       equ	3467	;# 
  1792   000D90                     RXF15SIDH       equ	3472	;# 
  1793   000D91                     RXF15SIDL       equ	3473	;# 
  1794   000D92                     RXF15EIDH       equ	3474	;# 
  1795   000D93                     RXF15EIDL       equ	3475	;# 
  1796   000DD4                     RXFCON0         equ	3540	;# 
  1797   000DD5                     RXFCON1         equ	3541	;# 
  1798   000DD8                     SDFLC           equ	3544	;# 
  1799   000DE0                     RXFBCON0        equ	3552	;# 
  1800   000DE1                     RXFBCON1        equ	3553	;# 
  1801   000DE2                     RXFBCON2        equ	3554	;# 
  1802   000DE3                     RXFBCON3        equ	3555	;# 
  1803   000DE4                     RXFBCON4        equ	3556	;# 
  1804   000DE5                     RXFBCON5        equ	3557	;# 
  1805   000DE6                     RXFBCON6        equ	3558	;# 
  1806   000DE7                     RXFBCON7        equ	3559	;# 
  1807   000DF0                     MSEL0           equ	3568	;# 
  1808   000DF1                     MSEL1           equ	3569	;# 
  1809   000DF2                     MSEL2           equ	3570	;# 
  1810   000DF3                     MSEL3           equ	3571	;# 
  1811   000DF8                     BSEL0           equ	3576	;# 
  1812   000DFA                     BIE0            equ	3578	;# 
  1813   000DFC                     TXBIE           equ	3580	;# 
  1814   000E20                     B0CON           equ	3616	;# 
  1815   000E21                     B0SIDH          equ	3617	;# 
  1816   000E22                     B0SIDL          equ	3618	;# 
  1817   000E23                     B0EIDH          equ	3619	;# 
  1818   000E24                     B0EIDL          equ	3620	;# 
  1819   000E25                     B0DLC           equ	3621	;# 
  1820   000E26                     B0D0            equ	3622	;# 
  1821   000E27                     B0D1            equ	3623	;# 
  1822   000E28                     B0D2            equ	3624	;# 
  1823   000E29                     B0D3            equ	3625	;# 
  1824   000E2A                     B0D4            equ	3626	;# 
  1825   000E2B                     B0D5            equ	3627	;# 
  1826   000E2C                     B0D6            equ	3628	;# 
  1827   000E2D                     B0D7            equ	3629	;# 
  1828   000E2E                     CANSTAT_RO9     equ	3630	;# 
  1829   000E2F                     CANCON_RO9      equ	3631	;# 
  1830   000E30                     B1CON           equ	3632	;# 
  1831   000E31                     B1SIDH          equ	3633	;# 
  1832   000E32                     B1SIDL          equ	3634	;# 
  1833   000E33                     B1EIDH          equ	3635	;# 
  1834   000E34                     B1EIDL          equ	3636	;# 
  1835   000E35                     B1DLC           equ	3637	;# 
  1836   000E36                     B1D0            equ	3638	;# 
  1837   000E37                     B1D1            equ	3639	;# 
  1838   000E38                     B1D2            equ	3640	;# 
  1839   000E39                     B1D3            equ	3641	;# 
  1840   000E3A                     B1D4            equ	3642	;# 
  1841   000E3B                     B1D5            equ	3643	;# 
  1842   000E3C                     B1D6            equ	3644	;# 
  1843   000E3D                     B1D7            equ	3645	;# 
  1844   000E3E                     CANSTAT_RO8     equ	3646	;# 
  1845   000E3F                     CANCON_RO8      equ	3647	;# 
  1846   000E40                     B2CON           equ	3648	;# 
  1847   000E41                     B2SIDH          equ	3649	;# 
  1848   000E42                     B2SIDL          equ	3650	;# 
  1849   000E43                     B2EIDH          equ	3651	;# 
  1850   000E44                     B2EIDL          equ	3652	;# 
  1851   000E45                     B2DLC           equ	3653	;# 
  1852   000E46                     B2D0            equ	3654	;# 
  1853   000E47                     B2D1            equ	3655	;# 
  1854   000E48                     B2D2            equ	3656	;# 
  1855   000E49                     B2D3            equ	3657	;# 
  1856   000E4A                     B2D4            equ	3658	;# 
  1857   000E4B                     B2D5            equ	3659	;# 
  1858   000E4C                     B2D6            equ	3660	;# 
  1859   000E4D                     B2D7            equ	3661	;# 
  1860   000E4E                     CANSTAT_RO7     equ	3662	;# 
  1861   000E4F                     CANCON_RO7      equ	3663	;# 
  1862   000E50                     B3CON           equ	3664	;# 
  1863   000E51                     B3SIDH          equ	3665	;# 
  1864   000E52                     B3SIDL          equ	3666	;# 
  1865   000E53                     B3EIDH          equ	3667	;# 
  1866   000E54                     B3EIDL          equ	3668	;# 
  1867   000E55                     B3DLC           equ	3669	;# 
  1868   000E56                     B3D0            equ	3670	;# 
  1869   000E57                     B3D1            equ	3671	;# 
  1870   000E58                     B3D2            equ	3672	;# 
  1871   000E59                     B3D3            equ	3673	;# 
  1872   000E5A                     B3D4            equ	3674	;# 
  1873   000E5B                     B3D5            equ	3675	;# 
  1874   000E5C                     B3D6            equ	3676	;# 
  1875   000E5D                     B3D7            equ	3677	;# 
  1876   000E5E                     CANSTAT_RO6     equ	3678	;# 
  1877   000E5F                     CANCON_RO6      equ	3679	;# 
  1878   000E60                     B4CON           equ	3680	;# 
  1879   000E61                     B4SIDH          equ	3681	;# 
  1880   000E62                     B4SIDL          equ	3682	;# 
  1881   000E63                     B4EIDH          equ	3683	;# 
  1882   000E64                     B4EIDL          equ	3684	;# 
  1883   000E65                     B4DLC           equ	3685	;# 
  1884   000E66                     B4D0            equ	3686	;# 
  1885   000E67                     B4D1            equ	3687	;# 
  1886   000E68                     B4D2            equ	3688	;# 
  1887   000E69                     B4D3            equ	3689	;# 
  1888   000E6A                     B4D4            equ	3690	;# 
  1889   000E6B                     B4D5            equ	3691	;# 
  1890   000E6C                     B4D6            equ	3692	;# 
  1891   000E6D                     B4D7            equ	3693	;# 
  1892   000E6E                     CANSTAT_RO5     equ	3694	;# 
  1893   000E6F                     CANCON_RO5      equ	3695	;# 
  1894   000E70                     B5CON           equ	3696	;# 
  1895   000E71                     B5SIDH          equ	3697	;# 
  1896   000E72                     B5SIDL          equ	3698	;# 
  1897   000E73                     B5EIDH          equ	3699	;# 
  1898   000E74                     B5EIDL          equ	3700	;# 
  1899   000E75                     B5DLC           equ	3701	;# 
  1900   000E76                     B5D0            equ	3702	;# 
  1901   000E77                     B5D1            equ	3703	;# 
  1902   000E78                     B5D2            equ	3704	;# 
  1903   000E79                     B5D3            equ	3705	;# 
  1904   000E7A                     B5D4            equ	3706	;# 
  1905   000E7B                     B5D5            equ	3707	;# 
  1906   000E7C                     B5D6            equ	3708	;# 
  1907   000E7D                     B5D7            equ	3709	;# 
  1908   000E7E                     CANSTAT_RO4     equ	3710	;# 
  1909   000E7F                     CANCON_RO4      equ	3711	;# 
  1910   000F00                     RXF0SIDH        equ	3840	;# 
  1911   000F01                     RXF0SIDL        equ	3841	;# 
  1912   000F02                     RXF0EIDH        equ	3842	;# 
  1913   000F03                     RXF0EIDL        equ	3843	;# 
  1914   000F04                     RXF1SIDH        equ	3844	;# 
  1915   000F05                     RXF1SIDL        equ	3845	;# 
  1916   000F06                     RXF1EIDH        equ	3846	;# 
  1917   000F07                     RXF1EIDL        equ	3847	;# 
  1918   000F08                     RXF2SIDH        equ	3848	;# 
  1919   000F09                     RXF2SIDL        equ	3849	;# 
  1920   000F0A                     RXF2EIDH        equ	3850	;# 
  1921   000F0B                     RXF2EIDL        equ	3851	;# 
  1922   000F0C                     RXF3SIDH        equ	3852	;# 
  1923   000F0D                     RXF3SIDL        equ	3853	;# 
  1924   000F0E                     RXF3EIDH        equ	3854	;# 
  1925   000F0F                     RXF3EIDL        equ	3855	;# 
  1926   000F10                     RXF4SIDH        equ	3856	;# 
  1927   000F11                     RXF4SIDL        equ	3857	;# 
  1928   000F12                     RXF4EIDH        equ	3858	;# 
  1929   000F13                     RXF4EIDL        equ	3859	;# 
  1930   000F14                     RXF5SIDH        equ	3860	;# 
  1931   000F15                     RXF5SIDL        equ	3861	;# 
  1932   000F16                     RXF5EIDH        equ	3862	;# 
  1933   000F17                     RXF5EIDL        equ	3863	;# 
  1934   000F18                     RXM0SIDH        equ	3864	;# 
  1935   000F19                     RXM0SIDL        equ	3865	;# 
  1936   000F1A                     RXM0EIDH        equ	3866	;# 
  1937   000F1B                     RXM0EIDL        equ	3867	;# 
  1938   000F1C                     RXM1SIDH        equ	3868	;# 
  1939   000F1D                     RXM1SIDL        equ	3869	;# 
  1940   000F1E                     RXM1EIDH        equ	3870	;# 
  1941   000F1F                     RXM1EIDL        equ	3871	;# 
  1942   000F20                     TXB2CON         equ	3872	;# 
  1943   000F21                     TXB2SIDH        equ	3873	;# 
  1944   000F22                     TXB2SIDL        equ	3874	;# 
  1945   000F23                     TXB2EIDH        equ	3875	;# 
  1946   000F24                     TXB2EIDL        equ	3876	;# 
  1947   000F25                     TXB2DLC         equ	3877	;# 
  1948   000F26                     TXB2D0          equ	3878	;# 
  1949   000F27                     TXB2D1          equ	3879	;# 
  1950   000F28                     TXB2D2          equ	3880	;# 
  1951   000F29                     TXB2D3          equ	3881	;# 
  1952   000F2A                     TXB2D4          equ	3882	;# 
  1953   000F2B                     TXB2D5          equ	3883	;# 
  1954   000F2C                     TXB2D6          equ	3884	;# 
  1955   000F2D                     TXB2D7          equ	3885	;# 
  1956   000F2E                     CANSTAT_RO3     equ	3886	;# 
  1957   000F2F                     CANCON_RO3      equ	3887	;# 
  1958   000F30                     TXB1CON         equ	3888	;# 
  1959   000F31                     TXB1SIDH        equ	3889	;# 
  1960   000F32                     TXB1SIDL        equ	3890	;# 
  1961   000F33                     TXB1EIDH        equ	3891	;# 
  1962   000F34                     TXB1EIDL        equ	3892	;# 
  1963   000F35                     TXB1DLC         equ	3893	;# 
  1964   000F36                     TXB1D0          equ	3894	;# 
  1965   000F37                     TXB1D1          equ	3895	;# 
  1966   000F38                     TXB1D2          equ	3896	;# 
  1967   000F39                     TXB1D3          equ	3897	;# 
  1968   000F3A                     TXB1D4          equ	3898	;# 
  1969   000F3B                     TXB1D5          equ	3899	;# 
  1970   000F3C                     TXB1D6          equ	3900	;# 
  1971   000F3D                     TXB1D7          equ	3901	;# 
  1972   000F3E                     CANSTAT_RO2     equ	3902	;# 
  1973   000F3F                     CANCON_RO2      equ	3903	;# 
  1974   000F40                     TXB0CON         equ	3904	;# 
  1975   000F41                     TXB0SIDH        equ	3905	;# 
  1976   000F42                     TXB0SIDL        equ	3906	;# 
  1977   000F43                     TXB0EIDH        equ	3907	;# 
  1978   000F44                     TXB0EIDL        equ	3908	;# 
  1979   000F45                     TXB0DLC         equ	3909	;# 
  1980   000F46                     TXB0D0          equ	3910	;# 
  1981   000F47                     TXB0D1          equ	3911	;# 
  1982   000F48                     TXB0D2          equ	3912	;# 
  1983   000F49                     TXB0D3          equ	3913	;# 
  1984   000F4A                     TXB0D4          equ	3914	;# 
  1985   000F4B                     TXB0D5          equ	3915	;# 
  1986   000F4C                     TXB0D6          equ	3916	;# 
  1987   000F4D                     TXB0D7          equ	3917	;# 
  1988   000F4E                     CANSTAT_RO1     equ	3918	;# 
  1989   000F4F                     CANCON_RO1      equ	3919	;# 
  1990   000F50                     RXB1CON         equ	3920	;# 
  1991   000F51                     RXB1SIDH        equ	3921	;# 
  1992   000F52                     RXB1SIDL        equ	3922	;# 
  1993   000F53                     RXB1EIDH        equ	3923	;# 
  1994   000F54                     RXB1EIDL        equ	3924	;# 
  1995   000F55                     RXB1DLC         equ	3925	;# 
  1996   000F56                     RXB1D0          equ	3926	;# 
  1997   000F57                     RXB1D1          equ	3927	;# 
  1998   000F58                     RXB1D2          equ	3928	;# 
  1999   000F59                     RXB1D3          equ	3929	;# 
  2000   000F5A                     RXB1D4          equ	3930	;# 
  2001   000F5B                     RXB1D5          equ	3931	;# 
  2002   000F5C                     RXB1D6          equ	3932	;# 
  2003   000F5D                     RXB1D7          equ	3933	;# 
  2004   000F5E                     CANSTAT_RO0     equ	3934	;# 
  2005   000F5F                     CANCON_RO0      equ	3935	;# 
  2006   000F60                     RXB0CON         equ	3936	;# 
  2007   000F61                     RXB0SIDH        equ	3937	;# 
  2008   000F62                     RXB0SIDL        equ	3938	;# 
  2009   000F63                     RXB0EIDH        equ	3939	;# 
  2010   000F64                     RXB0EIDL        equ	3940	;# 
  2011   000F65                     RXB0DLC         equ	3941	;# 
  2012   000F66                     RXB0D0          equ	3942	;# 
  2013   000F67                     RXB0D1          equ	3943	;# 
  2014   000F68                     RXB0D2          equ	3944	;# 
  2015   000F69                     RXB0D3          equ	3945	;# 
  2016   000F6A                     RXB0D4          equ	3946	;# 
  2017   000F6B                     RXB0D5          equ	3947	;# 
  2018   000F6C                     RXB0D6          equ	3948	;# 
  2019   000F6D                     RXB0D7          equ	3949	;# 
  2020   000F6E                     CANSTAT         equ	3950	;# 
  2021   000F6F                     CANCON          equ	3951	;# 
  2022   000F70                     BRGCON1         equ	3952	;# 
  2023   000F71                     BRGCON2         equ	3953	;# 
  2024   000F72                     BRGCON3         equ	3954	;# 
  2025   000F73                     CIOCON          equ	3955	;# 
  2026   000F74                     COMSTAT         equ	3956	;# 
  2027   000F75                     RXERRCNT        equ	3957	;# 
  2028   000F76                     TXERRCNT        equ	3958	;# 
  2029   000F77                     ECANCON         equ	3959	;# 
  2030   000F80                     PORTA           equ	3968	;# 
  2031   000F81                     PORTB           equ	3969	;# 
  2032   000F82                     PORTC           equ	3970	;# 
  2033   000F83                     PORTD           equ	3971	;# 
  2034   000F84                     PORTE           equ	3972	;# 
  2035   000F89                     LATA            equ	3977	;# 
  2036   000F8A                     LATB            equ	3978	;# 
  2037   000F8B                     LATC            equ	3979	;# 
  2038   000F8C                     LATD            equ	3980	;# 
  2039   000F8D                     LATE            equ	3981	;# 
  2040   000F92                     TRISA           equ	3986	;# 
  2041   000F92                     DDRA            equ	3986	;# 
  2042   000F93                     TRISB           equ	3987	;# 
  2043   000F93                     DDRB            equ	3987	;# 
  2044   000F94                     TRISC           equ	3988	;# 
  2045   000F94                     DDRC            equ	3988	;# 
  2046   000F95                     TRISD           equ	3989	;# 
  2047   000F95                     DDRD            equ	3989	;# 
  2048   000F96                     TRISE           equ	3990	;# 
  2049   000F96                     DDRE            equ	3990	;# 
  2050   000F9B                     OSCTUNE         equ	3995	;# 
  2051   000F9D                     PIE1            equ	3997	;# 
  2052   000F9E                     PIR1            equ	3998	;# 
  2053   000F9F                     IPR1            equ	3999	;# 
  2054   000FA0                     PIE2            equ	4000	;# 
  2055   000FA1                     PIR2            equ	4001	;# 
  2056   000FA2                     IPR2            equ	4002	;# 
  2057   000FA3                     PIE3            equ	4003	;# 
  2058   000FA4                     PIR3            equ	4004	;# 
  2059   000FA5                     IPR3            equ	4005	;# 
  2060   000FA6                     EECON1          equ	4006	;# 
  2061   000FA7                     EECON2          equ	4007	;# 
  2062   000FA8                     EEDATA          equ	4008	;# 
  2063   000FA9                     EEADR           equ	4009	;# 
  2064   000FAB                     RCSTA           equ	4011	;# 
  2065   000FAB                     RCSTA1          equ	4011	;# 
  2066   000FAC                     TXSTA           equ	4012	;# 
  2067   000FAC                     TXSTA1          equ	4012	;# 
  2068   000FAD                     TXREG           equ	4013	;# 
  2069   000FAD                     TXREG1          equ	4013	;# 
  2070   000FAE                     RCREG           equ	4014	;# 
  2071   000FAE                     RCREG1          equ	4014	;# 
  2072   000FAF                     SPBRG           equ	4015	;# 
  2073   000FAF                     SPBRG1          equ	4015	;# 
  2074   000FB0                     SPBRGH          equ	4016	;# 
  2075   000FB1                     T3CON           equ	4017	;# 
  2076   000FB2                     TMR3            equ	4018	;# 
  2077   000FB2                     TMR3L           equ	4018	;# 
  2078   000FB3                     TMR3H           equ	4019	;# 
  2079   000FB4                     CMCON           equ	4020	;# 
  2080   000FB5                     CVRCON          equ	4021	;# 
  2081   000FB6                     ECCP1AS         equ	4022	;# 
  2082   000FB7                     ECCP1DEL        equ	4023	;# 
  2083   000FB8                     BAUDCON         equ	4024	;# 
  2084   000FB8                     BAUDCTL         equ	4024	;# 
  2085   000FBA                     ECCP1CON        equ	4026	;# 
  2086   000FBB                     ECCPR1          equ	4027	;# 
  2087   000FBB                     ECCPR1L         equ	4027	;# 
  2088   000FBC                     ECCPR1H         equ	4028	;# 
  2089   000FBD                     CCP1CON         equ	4029	;# 
  2090   000FBE                     CCPR1           equ	4030	;# 
  2091   000FBE                     CCPR1L          equ	4030	;# 
  2092   000FBF                     CCPR1H          equ	4031	;# 
  2093   000FC0                     ADCON2          equ	4032	;# 
  2094   000FC1                     ADCON1          equ	4033	;# 
  2095   000FC2                     ADCON0          equ	4034	;# 
  2096   000FC3                     ADRES           equ	4035	;# 
  2097   000FC3                     ADRESL          equ	4035	;# 
  2098   000FC4                     ADRESH          equ	4036	;# 
  2099   000FC5                     SSPCON2         equ	4037	;# 
  2100   000FC6                     SSPCON1         equ	4038	;# 
  2101   000FC7                     SSPSTAT         equ	4039	;# 
  2102   000FC8                     SSPADD          equ	4040	;# 
  2103   000FC9                     SSPBUF          equ	4041	;# 
  2104   000FCA                     T2CON           equ	4042	;# 
  2105   000FCB                     PR2             equ	4043	;# 
  2106   000FCB                     MEMCON          equ	4043	;# 
  2107   000FCC                     TMR2            equ	4044	;# 
  2108   000FCD                     T1CON           equ	4045	;# 
  2109   000FCE                     TMR1            equ	4046	;# 
  2110   000FCE                     TMR1L           equ	4046	;# 
  2111   000FCF                     TMR1H           equ	4047	;# 
  2112   000FD0                     RCON            equ	4048	;# 
  2113   000FD1                     WDTCON          equ	4049	;# 
  2114   000FD2                     HLVDCON         equ	4050	;# 
  2115   000FD2                     LVDCON          equ	4050	;# 
  2116   000FD3                     OSCCON          equ	4051	;# 
  2117   000FD5                     T0CON           equ	4053	;# 
  2118   000FD6                     TMR0            equ	4054	;# 
  2119   000FD6                     TMR0L           equ	4054	;# 
  2120   000FD7                     TMR0H           equ	4055	;# 
  2121   000FD8                     STATUS          equ	4056	;# 
  2122   000FD9                     FSR2            equ	4057	;# 
  2123   000FD9                     FSR2L           equ	4057	;# 
  2124   000FDA                     FSR2H           equ	4058	;# 
  2125   000FDB                     PLUSW2          equ	4059	;# 
  2126   000FDC                     PREINC2         equ	4060	;# 
  2127   000FDD                     POSTDEC2        equ	4061	;# 
  2128   000FDE                     POSTINC2        equ	4062	;# 
  2129   000FDF                     INDF2           equ	4063	;# 
  2130   000FE0                     BSR             equ	4064	;# 
  2131   000FE1                     FSR1            equ	4065	;# 
  2132   000FE1                     FSR1L           equ	4065	;# 
  2133   000FE2                     FSR1H           equ	4066	;# 
  2134   000FE3                     PLUSW1          equ	4067	;# 
  2135   000FE4                     PREINC1         equ	4068	;# 
  2136   000FE5                     POSTDEC1        equ	4069	;# 
  2137   000FE6                     POSTINC1        equ	4070	;# 
  2138   000FE7                     INDF1           equ	4071	;# 
  2139   000FE8                     WREG            equ	4072	;# 
  2140   000FE9                     FSR0            equ	4073	;# 
  2141   000FE9                     FSR0L           equ	4073	;# 
  2142   000FEA                     FSR0H           equ	4074	;# 
  2143   000FEB                     PLUSW0          equ	4075	;# 
  2144   000FEC                     PREINC0         equ	4076	;# 
  2145   000FED                     POSTDEC0        equ	4077	;# 
  2146   000FEE                     POSTINC0        equ	4078	;# 
  2147   000FEF                     INDF0           equ	4079	;# 
  2148   000FF0                     INTCON3         equ	4080	;# 
  2149   000FF1                     INTCON2         equ	4081	;# 
  2150   000FF2                     INTCON          equ	4082	;# 
  2151   000FF3                     PROD            equ	4083	;# 
  2152   000FF3                     PRODL           equ	4083	;# 
  2153   000FF4                     PRODH           equ	4084	;# 
  2154   000FF5                     TABLAT          equ	4085	;# 
  2155   000FF6                     TBLPTR          equ	4086	;# 
  2156   000FF6                     TBLPTRL         equ	4086	;# 
  2157   000FF7                     TBLPTRH         equ	4087	;# 
  2158   000FF8                     TBLPTRU         equ	4088	;# 
  2159   000FF9                     PCLAT           equ	4089	;# 
  2160   000FF9                     PC              equ	4089	;# 
  2161   000FF9                     PCL             equ	4089	;# 
  2162   000FFA                     PCLATH          equ	4090	;# 
  2163   000FFB                     PCLATU          equ	4091	;# 
  2164   000FFC                     STKPTR          equ	4092	;# 
  2165   000FFD                     TOS             equ	4093	;# 
  2166   000FFD                     TOSL            equ	4093	;# 
  2167   000FFE                     TOSH            equ	4094	;# 
  2168   000FFF                     TOSU            equ	4095	;# 
  2169   000D60                     RXF6SIDH        equ	3424	;# 
  2170   000D61                     RXF6SIDL        equ	3425	;# 
  2171   000D62                     RXF6EIDH        equ	3426	;# 
  2172   000D63                     RXF6EIDL        equ	3427	;# 
  2173   000D64                     RXF7SIDH        equ	3428	;# 
  2174   000D65                     RXF7SIDL        equ	3429	;# 
  2175   000D66                     RXF7EIDH        equ	3430	;# 
  2176   000D67                     RXF7EIDL        equ	3431	;# 
  2177   000D68                     RXF8SIDH        equ	3432	;# 
  2178   000D69                     RXF8SIDL        equ	3433	;# 
  2179   000D6A                     RXF8EIDH        equ	3434	;# 
  2180   000D6B                     RXF8EIDL        equ	3435	;# 
  2181   000D70                     RXF9SIDH        equ	3440	;# 
  2182   000D71                     RXF9SIDL        equ	3441	;# 
  2183   000D72                     RXF9EIDH        equ	3442	;# 
  2184   000D73                     RXF9EIDL        equ	3443	;# 
  2185   000D74                     RXF10SIDH       equ	3444	;# 
  2186   000D75                     RXF10SIDL       equ	3445	;# 
  2187   000D76                     RXF10EIDH       equ	3446	;# 
  2188   000D77                     RXF10EIDL       equ	3447	;# 
  2189   000D78                     RXF11SIDH       equ	3448	;# 
  2190   000D79                     RXF11SIDL       equ	3449	;# 
  2191   000D7A                     RXF11EIDH       equ	3450	;# 
  2192   000D7B                     RXF11EIDL       equ	3451	;# 
  2193   000D80                     RXF12SIDH       equ	3456	;# 
  2194   000D81                     RXF12SIDL       equ	3457	;# 
  2195   000D82                     RXF12EIDH       equ	3458	;# 
  2196   000D83                     RXF12EIDL       equ	3459	;# 
  2197   000D84                     RXF13SIDH       equ	3460	;# 
  2198   000D85                     RXF13SIDL       equ	3461	;# 
  2199   000D86                     RXF13EIDH       equ	3462	;# 
  2200   000D87                     RXF13EIDL       equ	3463	;# 
  2201   000D88                     RXF14SIDH       equ	3464	;# 
  2202   000D89                     RXF14SIDL       equ	3465	;# 
  2203   000D8A                     RXF14EIDH       equ	3466	;# 
  2204   000D8B                     RXF14EIDL       equ	3467	;# 
  2205   000D90                     RXF15SIDH       equ	3472	;# 
  2206   000D91                     RXF15SIDL       equ	3473	;# 
  2207   000D92                     RXF15EIDH       equ	3474	;# 
  2208   000D93                     RXF15EIDL       equ	3475	;# 
  2209   000DD4                     RXFCON0         equ	3540	;# 
  2210   000DD5                     RXFCON1         equ	3541	;# 
  2211   000DD8                     SDFLC           equ	3544	;# 
  2212   000DE0                     RXFBCON0        equ	3552	;# 
  2213   000DE1                     RXFBCON1        equ	3553	;# 
  2214   000DE2                     RXFBCON2        equ	3554	;# 
  2215   000DE3                     RXFBCON3        equ	3555	;# 
  2216   000DE4                     RXFBCON4        equ	3556	;# 
  2217   000DE5                     RXFBCON5        equ	3557	;# 
  2218   000DE6                     RXFBCON6        equ	3558	;# 
  2219   000DE7                     RXFBCON7        equ	3559	;# 
  2220   000DF0                     MSEL0           equ	3568	;# 
  2221   000DF1                     MSEL1           equ	3569	;# 
  2222   000DF2                     MSEL2           equ	3570	;# 
  2223   000DF3                     MSEL3           equ	3571	;# 
  2224   000DF8                     BSEL0           equ	3576	;# 
  2225   000DFA                     BIE0            equ	3578	;# 
  2226   000DFC                     TXBIE           equ	3580	;# 
  2227   000E20                     B0CON           equ	3616	;# 
  2228   000E21                     B0SIDH          equ	3617	;# 
  2229   000E22                     B0SIDL          equ	3618	;# 
  2230   000E23                     B0EIDH          equ	3619	;# 
  2231   000E24                     B0EIDL          equ	3620	;# 
  2232   000E25                     B0DLC           equ	3621	;# 
  2233   000E26                     B0D0            equ	3622	;# 
  2234   000E27                     B0D1            equ	3623	;# 
  2235   000E28                     B0D2            equ	3624	;# 
  2236   000E29                     B0D3            equ	3625	;# 
  2237   000E2A                     B0D4            equ	3626	;# 
  2238   000E2B                     B0D5            equ	3627	;# 
  2239   000E2C                     B0D6            equ	3628	;# 
  2240   000E2D                     B0D7            equ	3629	;# 
  2241   000E2E                     CANSTAT_RO9     equ	3630	;# 
  2242   000E2F                     CANCON_RO9      equ	3631	;# 
  2243   000E30                     B1CON           equ	3632	;# 
  2244   000E31                     B1SIDH          equ	3633	;# 
  2245   000E32                     B1SIDL          equ	3634	;# 
  2246   000E33                     B1EIDH          equ	3635	;# 
  2247   000E34                     B1EIDL          equ	3636	;# 
  2248   000E35                     B1DLC           equ	3637	;# 
  2249   000E36                     B1D0            equ	3638	;# 
  2250   000E37                     B1D1            equ	3639	;# 
  2251   000E38                     B1D2            equ	3640	;# 
  2252   000E39                     B1D3            equ	3641	;# 
  2253   000E3A                     B1D4            equ	3642	;# 
  2254   000E3B                     B1D5            equ	3643	;# 
  2255   000E3C                     B1D6            equ	3644	;# 
  2256   000E3D                     B1D7            equ	3645	;# 
  2257   000E3E                     CANSTAT_RO8     equ	3646	;# 
  2258   000E3F                     CANCON_RO8      equ	3647	;# 
  2259   000E40                     B2CON           equ	3648	;# 
  2260   000E41                     B2SIDH          equ	3649	;# 
  2261   000E42                     B2SIDL          equ	3650	;# 
  2262   000E43                     B2EIDH          equ	3651	;# 
  2263   000E44                     B2EIDL          equ	3652	;# 
  2264   000E45                     B2DLC           equ	3653	;# 
  2265   000E46                     B2D0            equ	3654	;# 
  2266   000E47                     B2D1            equ	3655	;# 
  2267   000E48                     B2D2            equ	3656	;# 
  2268   000E49                     B2D3            equ	3657	;# 
  2269   000E4A                     B2D4            equ	3658	;# 
  2270   000E4B                     B2D5            equ	3659	;# 
  2271   000E4C                     B2D6            equ	3660	;# 
  2272   000E4D                     B2D7            equ	3661	;# 
  2273   000E4E                     CANSTAT_RO7     equ	3662	;# 
  2274   000E4F                     CANCON_RO7      equ	3663	;# 
  2275   000E50                     B3CON           equ	3664	;# 
  2276   000E51                     B3SIDH          equ	3665	;# 
  2277   000E52                     B3SIDL          equ	3666	;# 
  2278   000E53                     B3EIDH          equ	3667	;# 
  2279   000E54                     B3EIDL          equ	3668	;# 
  2280   000E55                     B3DLC           equ	3669	;# 
  2281   000E56                     B3D0            equ	3670	;# 
  2282   000E57                     B3D1            equ	3671	;# 
  2283   000E58                     B3D2            equ	3672	;# 
  2284   000E59                     B3D3            equ	3673	;# 
  2285   000E5A                     B3D4            equ	3674	;# 
  2286   000E5B                     B3D5            equ	3675	;# 
  2287   000E5C                     B3D6            equ	3676	;# 
  2288   000E5D                     B3D7            equ	3677	;# 
  2289   000E5E                     CANSTAT_RO6     equ	3678	;# 
  2290   000E5F                     CANCON_RO6      equ	3679	;# 
  2291   000E60                     B4CON           equ	3680	;# 
  2292   000E61                     B4SIDH          equ	3681	;# 
  2293   000E62                     B4SIDL          equ	3682	;# 
  2294   000E63                     B4EIDH          equ	3683	;# 
  2295   000E64                     B4EIDL          equ	3684	;# 
  2296   000E65                     B4DLC           equ	3685	;# 
  2297   000E66                     B4D0            equ	3686	;# 
  2298   000E67                     B4D1            equ	3687	;# 
  2299   000E68                     B4D2            equ	3688	;# 
  2300   000E69                     B4D3            equ	3689	;# 
  2301   000E6A                     B4D4            equ	3690	;# 
  2302   000E6B                     B4D5            equ	3691	;# 
  2303   000E6C                     B4D6            equ	3692	;# 
  2304   000E6D                     B4D7            equ	3693	;# 
  2305   000E6E                     CANSTAT_RO5     equ	3694	;# 
  2306   000E6F                     CANCON_RO5      equ	3695	;# 
  2307   000E70                     B5CON           equ	3696	;# 
  2308   000E71                     B5SIDH          equ	3697	;# 
  2309   000E72                     B5SIDL          equ	3698	;# 
  2310   000E73                     B5EIDH          equ	3699	;# 
  2311   000E74                     B5EIDL          equ	3700	;# 
  2312   000E75                     B5DLC           equ	3701	;# 
  2313   000E76                     B5D0            equ	3702	;# 
  2314   000E77                     B5D1            equ	3703	;# 
  2315   000E78                     B5D2            equ	3704	;# 
  2316   000E79                     B5D3            equ	3705	;# 
  2317   000E7A                     B5D4            equ	3706	;# 
  2318   000E7B                     B5D5            equ	3707	;# 
  2319   000E7C                     B5D6            equ	3708	;# 
  2320   000E7D                     B5D7            equ	3709	;# 
  2321   000E7E                     CANSTAT_RO4     equ	3710	;# 
  2322   000E7F                     CANCON_RO4      equ	3711	;# 
  2323   000F00                     RXF0SIDH        equ	3840	;# 
  2324   000F01                     RXF0SIDL        equ	3841	;# 
  2325   000F02                     RXF0EIDH        equ	3842	;# 
  2326   000F03                     RXF0EIDL        equ	3843	;# 
  2327   000F04                     RXF1SIDH        equ	3844	;# 
  2328   000F05                     RXF1SIDL        equ	3845	;# 
  2329   000F06                     RXF1EIDH        equ	3846	;# 
  2330   000F07                     RXF1EIDL        equ	3847	;# 
  2331   000F08                     RXF2SIDH        equ	3848	;# 
  2332   000F09                     RXF2SIDL        equ	3849	;# 
  2333   000F0A                     RXF2EIDH        equ	3850	;# 
  2334   000F0B                     RXF2EIDL        equ	3851	;# 
  2335   000F0C                     RXF3SIDH        equ	3852	;# 
  2336   000F0D                     RXF3SIDL        equ	3853	;# 
  2337   000F0E                     RXF3EIDH        equ	3854	;# 
  2338   000F0F                     RXF3EIDL        equ	3855	;# 
  2339   000F10                     RXF4SIDH        equ	3856	;# 
  2340   000F11                     RXF4SIDL        equ	3857	;# 
  2341   000F12                     RXF4EIDH        equ	3858	;# 
  2342   000F13                     RXF4EIDL        equ	3859	;# 
  2343   000F14                     RXF5SIDH        equ	3860	;# 
  2344   000F15                     RXF5SIDL        equ	3861	;# 
  2345   000F16                     RXF5EIDH        equ	3862	;# 
  2346   000F17                     RXF5EIDL        equ	3863	;# 
  2347   000F18                     RXM0SIDH        equ	3864	;# 
  2348   000F19                     RXM0SIDL        equ	3865	;# 
  2349   000F1A                     RXM0EIDH        equ	3866	;# 
  2350   000F1B                     RXM0EIDL        equ	3867	;# 
  2351   000F1C                     RXM1SIDH        equ	3868	;# 
  2352   000F1D                     RXM1SIDL        equ	3869	;# 
  2353   000F1E                     RXM1EIDH        equ	3870	;# 
  2354   000F1F                     RXM1EIDL        equ	3871	;# 
  2355   000F20                     TXB2CON         equ	3872	;# 
  2356   000F21                     TXB2SIDH        equ	3873	;# 
  2357   000F22                     TXB2SIDL        equ	3874	;# 
  2358   000F23                     TXB2EIDH        equ	3875	;# 
  2359   000F24                     TXB2EIDL        equ	3876	;# 
  2360   000F25                     TXB2DLC         equ	3877	;# 
  2361   000F26                     TXB2D0          equ	3878	;# 
  2362   000F27                     TXB2D1          equ	3879	;# 
  2363   000F28                     TXB2D2          equ	3880	;# 
  2364   000F29                     TXB2D3          equ	3881	;# 
  2365   000F2A                     TXB2D4          equ	3882	;# 
  2366   000F2B                     TXB2D5          equ	3883	;# 
  2367   000F2C                     TXB2D6          equ	3884	;# 
  2368   000F2D                     TXB2D7          equ	3885	;# 
  2369   000F2E                     CANSTAT_RO3     equ	3886	;# 
  2370   000F2F                     CANCON_RO3      equ	3887	;# 
  2371   000F30                     TXB1CON         equ	3888	;# 
  2372   000F31                     TXB1SIDH        equ	3889	;# 
  2373   000F32                     TXB1SIDL        equ	3890	;# 
  2374   000F33                     TXB1EIDH        equ	3891	;# 
  2375   000F34                     TXB1EIDL        equ	3892	;# 
  2376   000F35                     TXB1DLC         equ	3893	;# 
  2377   000F36                     TXB1D0          equ	3894	;# 
  2378   000F37                     TXB1D1          equ	3895	;# 
  2379   000F38                     TXB1D2          equ	3896	;# 
  2380   000F39                     TXB1D3          equ	3897	;# 
  2381   000F3A                     TXB1D4          equ	3898	;# 
  2382   000F3B                     TXB1D5          equ	3899	;# 
  2383   000F3C                     TXB1D6          equ	3900	;# 
  2384   000F3D                     TXB1D7          equ	3901	;# 
  2385   000F3E                     CANSTAT_RO2     equ	3902	;# 
  2386   000F3F                     CANCON_RO2      equ	3903	;# 
  2387   000F40                     TXB0CON         equ	3904	;# 
  2388   000F41                     TXB0SIDH        equ	3905	;# 
  2389   000F42                     TXB0SIDL        equ	3906	;# 
  2390   000F43                     TXB0EIDH        equ	3907	;# 
  2391   000F44                     TXB0EIDL        equ	3908	;# 
  2392   000F45                     TXB0DLC         equ	3909	;# 
  2393   000F46                     TXB0D0          equ	3910	;# 
  2394   000F47                     TXB0D1          equ	3911	;# 
  2395   000F48                     TXB0D2          equ	3912	;# 
  2396   000F49                     TXB0D3          equ	3913	;# 
  2397   000F4A                     TXB0D4          equ	3914	;# 
  2398   000F4B                     TXB0D5          equ	3915	;# 
  2399   000F4C                     TXB0D6          equ	3916	;# 
  2400   000F4D                     TXB0D7          equ	3917	;# 
  2401   000F4E                     CANSTAT_RO1     equ	3918	;# 
  2402   000F4F                     CANCON_RO1      equ	3919	;# 
  2403   000F50                     RXB1CON         equ	3920	;# 
  2404   000F51                     RXB1SIDH        equ	3921	;# 
  2405   000F52                     RXB1SIDL        equ	3922	;# 
  2406   000F53                     RXB1EIDH        equ	3923	;# 
  2407   000F54                     RXB1EIDL        equ	3924	;# 
  2408   000F55                     RXB1DLC         equ	3925	;# 
  2409   000F56                     RXB1D0          equ	3926	;# 
  2410   000F57                     RXB1D1          equ	3927	;# 
  2411   000F58                     RXB1D2          equ	3928	;# 
  2412   000F59                     RXB1D3          equ	3929	;# 
  2413   000F5A                     RXB1D4          equ	3930	;# 
  2414   000F5B                     RXB1D5          equ	3931	;# 
  2415   000F5C                     RXB1D6          equ	3932	;# 
  2416   000F5D                     RXB1D7          equ	3933	;# 
  2417   000F5E                     CANSTAT_RO0     equ	3934	;# 
  2418   000F5F                     CANCON_RO0      equ	3935	;# 
  2419   000F60                     RXB0CON         equ	3936	;# 
  2420   000F61                     RXB0SIDH        equ	3937	;# 
  2421   000F62                     RXB0SIDL        equ	3938	;# 
  2422   000F63                     RXB0EIDH        equ	3939	;# 
  2423   000F64                     RXB0EIDL        equ	3940	;# 
  2424   000F65                     RXB0DLC         equ	3941	;# 
  2425   000F66                     RXB0D0          equ	3942	;# 
  2426   000F67                     RXB0D1          equ	3943	;# 
  2427   000F68                     RXB0D2          equ	3944	;# 
  2428   000F69                     RXB0D3          equ	3945	;# 
  2429   000F6A                     RXB0D4          equ	3946	;# 
  2430   000F6B                     RXB0D5          equ	3947	;# 
  2431   000F6C                     RXB0D6          equ	3948	;# 
  2432   000F6D                     RXB0D7          equ	3949	;# 
  2433   000F6E                     CANSTAT         equ	3950	;# 
  2434   000F6F                     CANCON          equ	3951	;# 
  2435   000F70                     BRGCON1         equ	3952	;# 
  2436   000F71                     BRGCON2         equ	3953	;# 
  2437   000F72                     BRGCON3         equ	3954	;# 
  2438   000F73                     CIOCON          equ	3955	;# 
  2439   000F74                     COMSTAT         equ	3956	;# 
  2440   000F75                     RXERRCNT        equ	3957	;# 
  2441   000F76                     TXERRCNT        equ	3958	;# 
  2442   000F77                     ECANCON         equ	3959	;# 
  2443   000F80                     PORTA           equ	3968	;# 
  2444   000F81                     PORTB           equ	3969	;# 
  2445   000F82                     PORTC           equ	3970	;# 
  2446   000F83                     PORTD           equ	3971	;# 
  2447   000F84                     PORTE           equ	3972	;# 
  2448   000F89                     LATA            equ	3977	;# 
  2449   000F8A                     LATB            equ	3978	;# 
  2450   000F8B                     LATC            equ	3979	;# 
  2451   000F8C                     LATD            equ	3980	;# 
  2452   000F8D                     LATE            equ	3981	;# 
  2453   000F92                     TRISA           equ	3986	;# 
  2454   000F92                     DDRA            equ	3986	;# 
  2455   000F93                     TRISB           equ	3987	;# 
  2456   000F93                     DDRB            equ	3987	;# 
  2457   000F94                     TRISC           equ	3988	;# 
  2458   000F94                     DDRC            equ	3988	;# 
  2459   000F95                     TRISD           equ	3989	;# 
  2460   000F95                     DDRD            equ	3989	;# 
  2461   000F96                     TRISE           equ	3990	;# 
  2462   000F96                     DDRE            equ	3990	;# 
  2463   000F9B                     OSCTUNE         equ	3995	;# 
  2464   000F9D                     PIE1            equ	3997	;# 
  2465   000F9E                     PIR1            equ	3998	;# 
  2466   000F9F                     IPR1            equ	3999	;# 
  2467   000FA0                     PIE2            equ	4000	;# 
  2468   000FA1                     PIR2            equ	4001	;# 
  2469   000FA2                     IPR2            equ	4002	;# 
  2470   000FA3                     PIE3            equ	4003	;# 
  2471   000FA4                     PIR3            equ	4004	;# 
  2472   000FA5                     IPR3            equ	4005	;# 
  2473   000FA6                     EECON1          equ	4006	;# 
  2474   000FA7                     EECON2          equ	4007	;# 
  2475   000FA8                     EEDATA          equ	4008	;# 
  2476   000FA9                     EEADR           equ	4009	;# 
  2477   000FAB                     RCSTA           equ	4011	;# 
  2478   000FAB                     RCSTA1          equ	4011	;# 
  2479   000FAC                     TXSTA           equ	4012	;# 
  2480   000FAC                     TXSTA1          equ	4012	;# 
  2481   000FAD                     TXREG           equ	4013	;# 
  2482   000FAD                     TXREG1          equ	4013	;# 
  2483   000FAE                     RCREG           equ	4014	;# 
  2484   000FAE                     RCREG1          equ	4014	;# 
  2485   000FAF                     SPBRG           equ	4015	;# 
  2486   000FAF                     SPBRG1          equ	4015	;# 
  2487   000FB0                     SPBRGH          equ	4016	;# 
  2488   000FB1                     T3CON           equ	4017	;# 
  2489   000FB2                     TMR3            equ	4018	;# 
  2490   000FB2                     TMR3L           equ	4018	;# 
  2491   000FB3                     TMR3H           equ	4019	;# 
  2492   000FB4                     CMCON           equ	4020	;# 
  2493   000FB5                     CVRCON          equ	4021	;# 
  2494   000FB6                     ECCP1AS         equ	4022	;# 
  2495   000FB7                     ECCP1DEL        equ	4023	;# 
  2496   000FB8                     BAUDCON         equ	4024	;# 
  2497   000FB8                     BAUDCTL         equ	4024	;# 
  2498   000FBA                     ECCP1CON        equ	4026	;# 
  2499   000FBB                     ECCPR1          equ	4027	;# 
  2500   000FBB                     ECCPR1L         equ	4027	;# 
  2501   000FBC                     ECCPR1H         equ	4028	;# 
  2502   000FBD                     CCP1CON         equ	4029	;# 
  2503   000FBE                     CCPR1           equ	4030	;# 
  2504   000FBE                     CCPR1L          equ	4030	;# 
  2505   000FBF                     CCPR1H          equ	4031	;# 
  2506   000FC0                     ADCON2          equ	4032	;# 
  2507   000FC1                     ADCON1          equ	4033	;# 
  2508   000FC2                     ADCON0          equ	4034	;# 
  2509   000FC3                     ADRES           equ	4035	;# 
  2510   000FC3                     ADRESL          equ	4035	;# 
  2511   000FC4                     ADRESH          equ	4036	;# 
  2512   000FC5                     SSPCON2         equ	4037	;# 
  2513   000FC6                     SSPCON1         equ	4038	;# 
  2514   000FC7                     SSPSTAT         equ	4039	;# 
  2515   000FC8                     SSPADD          equ	4040	;# 
  2516   000FC9                     SSPBUF          equ	4041	;# 
  2517   000FCA                     T2CON           equ	4042	;# 
  2518   000FCB                     PR2             equ	4043	;# 
  2519   000FCB                     MEMCON          equ	4043	;# 
  2520   000FCC                     TMR2            equ	4044	;# 
  2521   000FCD                     T1CON           equ	4045	;# 
  2522   000FCE                     TMR1            equ	4046	;# 
  2523   000FCE                     TMR1L           equ	4046	;# 
  2524   000FCF                     TMR1H           equ	4047	;# 
  2525   000FD0                     RCON            equ	4048	;# 
  2526   000FD1                     WDTCON          equ	4049	;# 
  2527   000FD2                     HLVDCON         equ	4050	;# 
  2528   000FD2                     LVDCON          equ	4050	;# 
  2529   000FD3                     OSCCON          equ	4051	;# 
  2530   000FD5                     T0CON           equ	4053	;# 
  2531   000FD6                     TMR0            equ	4054	;# 
  2532   000FD6                     TMR0L           equ	4054	;# 
  2533   000FD7                     TMR0H           equ	4055	;# 
  2534   000FD8                     STATUS          equ	4056	;# 
  2535   000FD9                     FSR2            equ	4057	;# 
  2536   000FD9                     FSR2L           equ	4057	;# 
  2537   000FDA                     FSR2H           equ	4058	;# 
  2538   000FDB                     PLUSW2          equ	4059	;# 
  2539   000FDC                     PREINC2         equ	4060	;# 
  2540   000FDD                     POSTDEC2        equ	4061	;# 
  2541   000FDE                     POSTINC2        equ	4062	;# 
  2542   000FDF                     INDF2           equ	4063	;# 
  2543   000FE0                     BSR             equ	4064	;# 
  2544   000FE1                     FSR1            equ	4065	;# 
  2545   000FE1                     FSR1L           equ	4065	;# 
  2546   000FE2                     FSR1H           equ	4066	;# 
  2547   000FE3                     PLUSW1          equ	4067	;# 
  2548   000FE4                     PREINC1         equ	4068	;# 
  2549   000FE5                     POSTDEC1        equ	4069	;# 
  2550   000FE6                     POSTINC1        equ	4070	;# 
  2551   000FE7                     INDF1           equ	4071	;# 
  2552   000FE8                     WREG            equ	4072	;# 
  2553   000FE9                     FSR0            equ	4073	;# 
  2554   000FE9                     FSR0L           equ	4073	;# 
  2555   000FEA                     FSR0H           equ	4074	;# 
  2556   000FEB                     PLUSW0          equ	4075	;# 
  2557   000FEC                     PREINC0         equ	4076	;# 
  2558   000FED                     POSTDEC0        equ	4077	;# 
  2559   000FEE                     POSTINC0        equ	4078	;# 
  2560   000FEF                     INDF0           equ	4079	;# 
  2561   000FF0                     INTCON3         equ	4080	;# 
  2562   000FF1                     INTCON2         equ	4081	;# 
  2563   000FF2                     INTCON          equ	4082	;# 
  2564   000FF3                     PROD            equ	4083	;# 
  2565   000FF3                     PRODL           equ	4083	;# 
  2566   000FF4                     PRODH           equ	4084	;# 
  2567   000FF5                     TABLAT          equ	4085	;# 
  2568   000FF6                     TBLPTR          equ	4086	;# 
  2569   000FF6                     TBLPTRL         equ	4086	;# 
  2570   000FF7                     TBLPTRH         equ	4087	;# 
  2571   000FF8                     TBLPTRU         equ	4088	;# 
  2572   000FF9                     PCLAT           equ	4089	;# 
  2573   000FF9                     PC              equ	4089	;# 
  2574   000FF9                     PCL             equ	4089	;# 
  2575   000FFA                     PCLATH          equ	4090	;# 
  2576   000FFB                     PCLATU          equ	4091	;# 
  2577   000FFC                     STKPTR          equ	4092	;# 
  2578   000FFD                     TOS             equ	4093	;# 
  2579   000FFD                     TOSL            equ	4093	;# 
  2580   000FFE                     TOSH            equ	4094	;# 
  2581   000FFF                     TOSU            equ	4095	;# 
  2582                           
  2583                           	psect	idataCOMRAM
  2584   0010FE                     __pidataCOMRAM:
  2585                           	callstack 0
  2586                           
  2587                           ;initializer for read_digital_keypad@once
  2588   0010FE  01                 	db	1
  2589                           
  2590                           ;initializer for process_indicator@flag
  2591   0010FF  03                 	db	3
  2592   000DD4                     _RXFCON0        set	3540
  2593   000F45                     _TXB0DLC        set	3909
  2594   000F44                     _TXB0EIDL       set	3908
  2595   000F43                     _TXB0EIDH       set	3907
  2596   000F41                     _TXB0SIDH       set	3905
  2597   000F42                     _TXB0SIDL       set	3906
  2598   000F46                     _TXB0D0         set	3910
  2599   007A03                     _TXB0REQ        set	31235
  2600   000FAE                     _RCREG          set	4014
  2601   000FAD                     _TXREG          set	4013
  2602   000FAF                     _SPBRG          set	4015
  2603   000F82                     _PORTC          set	3970
  2604   000F94                     _TRISC          set	3988
  2605   000FC2                     _ADCON0         set	4034
  2606   000FC3                     _ADRESL         set	4035
  2607   000FC4                     _ADRESH         set	4036
  2608   000F65                     _RXB0DLC        set	3941
  2609   000F61                     _RXB0SIDH       set	3937
  2610   000F62                     _RXB0SIDL       set	3938
  2611   000F60                     _RXB0CON        set	3936
  2612   000F72                     _BRGCON3        set	3954
  2613   000F71                     _BRGCON2        set	3953
  2614   000F70                     _BRGCON1        set	3952
  2615   000F77                     _ECANCON        set	3959
  2616   000F6E                     _CANSTAT        set	3950
  2617   000F6F                     _CANCON         set	3951
  2618   000F66                     _RXB0D0         set	3942
  2619   007CF5                     _RCIF           set	31989
  2620   007CF4                     _TXIF           set	31988
  2621   007DC3                     _BRG16          set	32195
  2622   007D5C                     _CREN           set	32092
  2623   007D5E                     _RX9            set	32094
  2624   007D5F                     _SPEN           set	32095
  2625   007D62                     _BRGH           set	32098
  2626   007D63                     _SENDB          set	32099
  2627   007D64                     _SYNC           set	32100
  2628   007D65                     _TXEN           set	32101
  2629   007D66                     _TX9            set	32102
  2630   007CA6                     _TRISC6         set	31910
  2631   007CA7                     _TRISC7         set	31911
  2632   007E11                     _GO             set	32273
  2633   007E10                     _ADON           set	32272
  2634   007E0C                     _VCFG0          set	32268
  2635   007E0D                     _VCFG1          set	32269
  2636   007E11                     _GODONE         set	32273
  2637   007E02                     _ADCS2          set	32258
  2638   007E01                     _ADCS1          set	32257
  2639   007E00                     _ADCS0          set	32256
  2640   007E03                     _ACQT0          set	32259
  2641   007E04                     _ACQT1          set	32260
  2642   007E05                     _ACQT2          set	32261
  2643   007E07                     _ADFM           set	32263
  2644   007D20                     _RXB0IF         set	32032
  2645   007B07                     _RXB0FUL        set	31495
  2646   007C9B                     _TRISB3         set	31899
  2647   007C9A                     _TRISB2         set	31898
  2648                           
  2649                           ; #config settings
  2650                           
  2651                           	psect	cinit
  2652   0010BC                     __pcinit:
  2653                           	callstack 0
  2654   0010BC                     start_initialization:
  2655                           	callstack 0
  2656   0010BC                     __initialization:
  2657                           	callstack 0
  2658                           
  2659                           ; Initialize objects allocated to COMRAM (2 bytes)
  2660                           ; load TBLPTR registers with __pidataCOMRAM
  2661   0010BC  0EFE               	movlw	low __pidataCOMRAM
  2662   0010BE  6EF6               	movwf	tblptrl,c
  2663   0010C0  0E10               	movlw	high __pidataCOMRAM
  2664   0010C2  6EF7               	movwf	tblptrh,c
  2665   0010C4  0E00               	movlw	low (__pidataCOMRAM shr (0+16))
  2666   0010C6  6EF8               	movwf	tblptru,c
  2667   0010C8  0009               	tblrd		*+	;fetch initializer
  2668   0010CA  CFF5 F03F          	movff	tablat,__pdataCOMRAM
  2669   0010CE  0009               	tblrd		*+	;fetch initializer
  2670   0010D0  CFF5 F040          	movff	tablat,__pdataCOMRAM+1
  2671   0010D4                     end_of_initialization:
  2672                           	callstack 0
  2673   0010D4                     __end_of__initialization:
  2674                           	callstack 0
  2675   0010D4  0100               	movlb	0
  2676   0010D6  EFA2  F005         	goto	_main	;jump to C main() function
  2677                           
  2678                           	psect	dataCOMRAM
  2679   00003F                     __pdataCOMRAM:
  2680                           	callstack 0
  2681   00003F                     read_digital_keypad@once:
  2682                           	callstack 0
  2683   00003F                     	ds	1
  2684   000040                     process_indicator@flag:
  2685                           	callstack 0
  2686   000040                     	ds	1
  2687                           
  2688                           	psect	cstackCOMRAM
  2689   000001                     __pcstackCOMRAM:
  2690                           	callstack 0
  2691   000001                     ?_read_adc:
  2692                           	callstack 0
  2693   000001                     ?___lwdiv:
  2694                           	callstack 0
  2695   000001                     ?___xxtofl:
  2696                           	callstack 0
  2697   000001                     read_digital_keypad@detection_type:
  2698                           	callstack 0
  2699   000001                     set_msg_id_std@id:
  2700                           	callstack 0
  2701   000001                     ___lwdiv@dividend:
  2702                           	callstack 0
  2703   000001                     ___xxtofl@val:
  2704                           	callstack 0
  2705   000001                     
  2706                           ; 1 bytes @ 0x0
  2707   000001                     	ds	1
  2708   000002                     process_indicator@key:
  2709                           	callstack 0
  2710   000002                     
  2711                           ; 1 bytes @ 0x1
  2712   000002                     	ds	1
  2713   000003                     ___lwdiv@divisor:
  2714                           	callstack 0
  2715   000003                     ??_read_adc:
  2716   000003                     ??_set_msg_id_std:
  2717                           
  2718                           ; 1 bytes @ 0x2
  2719   000003                     	ds	2
  2720   000005                     can_transmit@msg_id:
  2721                           	callstack 0
  2722   000005                     read_adc@reg_val:
  2723                           	callstack 0
  2724   000005                     ___lwdiv@quotient:
  2725                           	callstack 0
  2726   000005                     ??___xxtofl:
  2727                           
  2728                           ; 1 bytes @ 0x4
  2729   000005                     	ds	2
  2730   000007                     can_transmit@data:
  2731                           	callstack 0
  2732   000007                     read_adc@channel:
  2733                           	callstack 0
  2734   000007                     ___lwdiv@counter:
  2735                           	callstack 0
  2736                           
  2737                           ; 1 bytes @ 0x6
  2738   000007                     	ds	1
  2739   000008                     ?___lwmod:
  2740                           	callstack 0
  2741   000008                     can_transmit@len:
  2742                           	callstack 0
  2743   000008                     ___lwmod@dividend:
  2744                           	callstack 0
  2745                           
  2746                           ; 2 bytes @ 0x7
  2747   000008                     	ds	1
  2748   000009                     ___xxtofl@sign:
  2749                           	callstack 0
  2750   000009                     ??_can_transmit:
  2751                           
  2752                           ; 1 bytes @ 0x8
  2753   000009                     	ds	1
  2754   00000A                     ___xxtofl@exp:
  2755                           	callstack 0
  2756   00000A                     ___lwmod@divisor:
  2757                           	callstack 0
  2758                           
  2759                           ; 2 bytes @ 0x9
  2760   00000A                     	ds	1
  2761   00000B                     ___xxtofl@arg:
  2762                           	callstack 0
  2763                           
  2764                           ; 4 bytes @ 0xA
  2765   00000B                     	ds	1
  2766   00000C                     ___lwmod@counter:
  2767                           	callstack 0
  2768   00000C                     can_transmit@ptr:
  2769                           	callstack 0
  2770   00000C                     
  2771                           ; 1 bytes @ 0xB
  2772   00000C                     	ds	2
  2773   00000E                     can_transmit@i:
  2774                           	callstack 0
  2775                           
  2776                           ; 2 bytes @ 0xD
  2777   00000E                     	ds	1
  2778   00000F                     ?___fldiv:
  2779                           	callstack 0
  2780   00000F                     ___fldiv@b:
  2781                           	callstack 0
  2782                           
  2783                           ; 4 bytes @ 0xE
  2784   00000F                     	ds	4
  2785   000013                     ___fldiv@a:
  2786                           	callstack 0
  2787                           
  2788                           ; 4 bytes @ 0x12
  2789   000013                     	ds	4
  2790   000017                     ??___fldiv:
  2791                           
  2792                           ; 1 bytes @ 0x16
  2793   000017                     	ds	4
  2794   00001B                     ___fldiv@rem:
  2795                           	callstack 0
  2796                           
  2797                           ; 4 bytes @ 0x1A
  2798   00001B                     	ds	4
  2799   00001F                     ___fldiv@sign:
  2800                           	callstack 0
  2801                           
  2802                           ; 1 bytes @ 0x1E
  2803   00001F                     	ds	1
  2804   000020                     ___fldiv@new_exp:
  2805                           	callstack 0
  2806                           
  2807                           ; 2 bytes @ 0x1F
  2808   000020                     	ds	2
  2809   000022                     ___fldiv@grs:
  2810                           	callstack 0
  2811                           
  2812                           ; 4 bytes @ 0x21
  2813   000022                     	ds	4
  2814   000026                     ___fldiv@bexp:
  2815                           	callstack 0
  2816                           
  2817                           ; 1 bytes @ 0x25
  2818   000026                     	ds	1
  2819   000027                     ___fldiv@aexp:
  2820                           	callstack 0
  2821                           
  2822                           ; 1 bytes @ 0x26
  2823   000027                     	ds	1
  2824   000028                     ?___fltol:
  2825                           	callstack 0
  2826   000028                     ___fltol@f1:
  2827                           	callstack 0
  2828                           
  2829                           ; 4 bytes @ 0x27
  2830   000028                     	ds	4
  2831   00002C                     ??___fltol:
  2832                           
  2833                           ; 1 bytes @ 0x2B
  2834   00002C                     	ds	4
  2835   000030                     ___fltol@sign1:
  2836                           	callstack 0
  2837                           
  2838                           ; 1 bytes @ 0x2F
  2839   000030                     	ds	1
  2840   000031                     ___fltol@exp1:
  2841                           	callstack 0
  2842                           
  2843                           ; 1 bytes @ 0x30
  2844   000031                     	ds	1
  2845   000032                     ?_get_rpm:
  2846                           	callstack 0
  2847                           
  2848                           ; 2 bytes @ 0x31
  2849   000032                     	ds	2
  2850   000034                     get_rpm@rpm:
  2851                           	callstack 0
  2852   000034                     
  2853                           ; 1 bytes @ 0x33
  2854   000034                     	ds	2
  2855   000036                     ??_main:
  2856                           
  2857                           ; 1 bytes @ 0x35
  2858   000036                     	ds	1
  2859   000037                     main@str:
  2860                           	callstack 0
  2861                           
  2862                           ; 5 bytes @ 0x36
  2863   000037                     	ds	5
  2864   00003C                     main@indicator:
  2865                           	callstack 0
  2866                           
  2867                           ; 1 bytes @ 0x3B
  2868   00003C                     	ds	1
  2869   00003D                     main@rpm:
  2870                           	callstack 0
  2871                           
  2872                           ; 2 bytes @ 0x3C
  2873   00003D                     	ds	2
  2874                           
  2875 ;;
  2876 ;;Main: autosize = 0, tempsize = 1, incstack = 0, save=0
  2877 ;;
  2878 ;; *************** function _main *****************
  2879 ;; Defined at:
  2880 ;;		line 10 in file "main.c"
  2881 ;; Parameters:    Size  Location     Type
  2882 ;;		None
  2883 ;; Auto vars:     Size  Location     Type
  2884 ;;  rpm             2   60[COMRAM] unsigned short 
  2885 ;;  str             5   54[COMRAM] unsigned char [5]
  2886 ;;  indicator       1   59[COMRAM] unsigned char 
  2887 ;; Return value:  Size  Location     Type
  2888 ;;                  1    wreg      void 
  2889 ;; Registers used:
  2890 ;;		wreg, fsr1l, fsr1h, fsr2l, fsr2h, status,2, status,0, cstack
  2891 ;; Tracked objects:
  2892 ;;		On entry : 0/0
  2893 ;;		On exit  : 0/0
  2894 ;;		Unchanged: 0/0
  2895 ;; Data sizes:     COMRAM   BANK0   BANK1   BANK2   BANK3   BANK4   BANK5
  2896 ;;      Params:         0       0       0       0       0       0       0
  2897 ;;      Locals:         8       0       0       0       0       0       0
  2898 ;;      Temps:          1       0       0       0       0       0       0
  2899 ;;      Totals:         9       0       0       0       0       0       0
  2900 ;;Total ram usage:        9 bytes
  2901 ;; Hardware stack levels required when called: 2
  2902 ;; This function calls:
  2903 ;;		___lwdiv
  2904 ;;		___lwmod
  2905 ;;		_can_transmit
  2906 ;;		_get_rpm
  2907 ;;		_init_adc
  2908 ;;		_init_can
  2909 ;;		_init_digital_keypad
  2910 ;;		_init_uart
  2911 ;;		_process_indicator
  2912 ;; This function is called by:
  2913 ;;		Startup code after reset
  2914 ;; This function uses a non-reentrant model
  2915 ;;
  2916                           
  2917                           	psect	text0
  2918   000B44                     __ptext0:
  2919                           	callstack 0
  2920   000B44                     _main:
  2921                           	callstack 29
  2922   000B44                     
  2923                           ;main.c: 13:     init_digital_keypad();
  2924   000B44  EC7B  F008         	call	_init_digital_keypad	;wreg free
  2925   000B48                     
  2926                           ;main.c: 16:     init_adc();
  2927   000B48  EC6D  F008         	call	_init_adc	;wreg free
  2928   000B4C                     
  2929                           ;main.c: 19:     init_uart();
  2930   000B4C  EC4E  F008         	call	_init_uart	;wreg free
  2931   000B50                     
  2932                           ;main.c: 22:     init_can();
  2933   000B50  EC32  F008         	call	_init_can	;wreg free
  2934   000B54                     l1774:
  2935                           
  2936                           ;main.c: 31:     {;main.c: 33:         uint16_t rpm = get_rpm();
  2937   000B54  EC8A  F007         	call	_get_rpm	;wreg free
  2938   000B58  C032  F03D         	movff	?_get_rpm,main@rpm
  2939   000B5C  C033  F03E         	movff	?_get_rpm+1,main@rpm+1
  2940   000B60                     
  2941                           ;main.c: 36:         indicator = process_indicator();
  2942   000B60  EC1C  F007         	call	_process_indicator	;wreg free
  2943   000B64  6E3C               	movwf	main@indicator^0,c
  2944   000B66                     
  2945                           ;main.c: 39:         str[0] = ((rpm / 1000) % 10) + '0';
  2946   000B66  0E03               	movlw	3
  2947   000B68  6E04               	movwf	(___lwdiv@divisor+1)^0,c
  2948   000B6A  0EE8               	movlw	232
  2949   000B6C  6E03               	movwf	___lwdiv@divisor^0,c
  2950   000B6E  C03D  F001         	movff	main@rpm,___lwdiv@dividend
  2951   000B72  C03E  F002         	movff	main@rpm+1,___lwdiv@dividend+1
  2952   000B76  ECE3  F006         	call	___lwdiv	;wreg free
  2953   000B7A  C001  F008         	movff	?___lwdiv,___lwmod@dividend
  2954   000B7E  C002  F009         	movff	?___lwdiv+1,___lwmod@dividend+1
  2955   000B82  6A0B               	clrf	(___lwmod@divisor+1)^0,c
  2956   000B84  0E0A               	movlw	10
  2957   000B86  6E0A               	movwf	___lwmod@divisor^0,c
  2958   000B88  ECBF  F007         	call	___lwmod	;wreg free
  2959   000B8C  5008               	movf	?___lwmod^0,w,c
  2960   000B8E  0F30               	addlw	48
  2961   000B90  6E37               	movwf	main@str^0,c
  2962   000B92                     
  2963                           ;main.c: 40:         str[1] = ((rpm / 100) % 10) + '0';
  2964   000B92  6A04               	clrf	(___lwdiv@divisor+1)^0,c
  2965   000B94  0E64               	movlw	100
  2966   000B96  6E03               	movwf	___lwdiv@divisor^0,c
  2967   000B98  C03D  F001         	movff	main@rpm,___lwdiv@dividend
  2968   000B9C  C03E  F002         	movff	main@rpm+1,___lwdiv@dividend+1
  2969   000BA0  ECE3  F006         	call	___lwdiv	;wreg free
  2970   000BA4  C001  F008         	movff	?___lwdiv,___lwmod@dividend
  2971   000BA8  C002  F009         	movff	?___lwdiv+1,___lwmod@dividend+1
  2972   000BAC  6A0B               	clrf	(___lwmod@divisor+1)^0,c
  2973   000BAE  0E0A               	movlw	10
  2974   000BB0  6E0A               	movwf	___lwmod@divisor^0,c
  2975   000BB2  ECBF  F007         	call	___lwmod	;wreg free
  2976   000BB6  5008               	movf	?___lwmod^0,w,c
  2977   000BB8  0F30               	addlw	48
  2978   000BBA  6E38               	movwf	(main@str+1)^0,c
  2979   000BBC                     
  2980                           ;main.c: 41:         str[2] = ((rpm / 10) % 10) + '0';
  2981   000BBC  6A04               	clrf	(___lwdiv@divisor+1)^0,c
  2982   000BBE  0E0A               	movlw	10
  2983   000BC0  6E03               	movwf	___lwdiv@divisor^0,c
  2984   000BC2  C03D  F001         	movff	main@rpm,___lwdiv@dividend
  2985   000BC6  C03E  F002         	movff	main@rpm+1,___lwdiv@dividend+1
  2986   000BCA  ECE3  F006         	call	___lwdiv	;wreg free
  2987   000BCE  C001  F008         	movff	?___lwdiv,___lwmod@dividend
  2988   000BD2  C002  F009         	movff	?___lwdiv+1,___lwmod@dividend+1
  2989   000BD6  6A0B               	clrf	(___lwmod@divisor+1)^0,c
  2990   000BD8  0E0A               	movlw	10
  2991   000BDA  6E0A               	movwf	___lwmod@divisor^0,c
  2992   000BDC  ECBF  F007         	call	___lwmod	;wreg free
  2993   000BE0  5008               	movf	?___lwmod^0,w,c
  2994   000BE2  0F30               	addlw	48
  2995   000BE4  6E39               	movwf	(main@str+2)^0,c
  2996   000BE6                     
  2997                           ;main.c: 42:         str[3] = (rpm % 10) + '0';
  2998   000BE6  C03D  F008         	movff	main@rpm,___lwmod@dividend
  2999   000BEA  C03E  F009         	movff	main@rpm+1,___lwmod@dividend+1
  3000   000BEE  6A0B               	clrf	(___lwmod@divisor+1)^0,c
  3001   000BF0  0E0A               	movlw	10
  3002   000BF2  6E0A               	movwf	___lwmod@divisor^0,c
  3003   000BF4  ECBF  F007         	call	___lwmod	;wreg free
  3004   000BF8  5008               	movf	?___lwmod^0,w,c
  3005   000BFA  0F30               	addlw	48
  3006   000BFC  6E3A               	movwf	(main@str+3)^0,c
  3007   000BFE                     
  3008                           ;main.c: 43:         str[4] = '\0';
  3009   000BFE  6A3B               	clrf	(main@str+4)^0,c
  3010   000C00                     
  3011                           ;main.c: 46:         can_transmit(0x30, str, 4);
  3012   000C00  6A06               	clrf	(can_transmit@msg_id+1)^0,c
  3013   000C02  0E30               	movlw	48
  3014   000C04  6E05               	movwf	can_transmit@msg_id^0,c
  3015   000C06  0E37               	movlw	low main@str
  3016   000C08  6E07               	movwf	can_transmit@data^0,c
  3017   000C0A  0E04               	movlw	4
  3018   000C0C  6E08               	movwf	can_transmit@len^0,c
  3019   000C0E  EC53  F007         	call	_can_transmit	;wreg free
  3020   000C12                     
  3021                           ;main.c: 47:         _delay((unsigned long)((1000)*(200000000/4000000.0)));
  3022   000C12  0E41               	movlw	65
  3023   000C14  6E36               	movwf	??_main^0,c
  3024   000C16  0EEE               	movlw	238
  3025   000C18                     u1147:
  3026   000C18  2EE8               	decfsz	wreg,f,c
  3027   000C1A  D7FE               	bra	u1147
  3028   000C1C  2E36               	decfsz	??_main^0,f,c
  3029   000C1E  D7FC               	bra	u1147
  3030   000C20  D000               	nop2	
  3031   000C22                     
  3032                           ;main.c: 50:         can_transmit(0x50, &indicator, 1);
  3033   000C22  6A06               	clrf	(can_transmit@msg_id+1)^0,c
  3034   000C24  0E50               	movlw	80
  3035   000C26  6E05               	movwf	can_transmit@msg_id^0,c
  3036   000C28  0E3C               	movlw	low main@indicator
  3037   000C2A  6E07               	movwf	can_transmit@data^0,c
  3038   000C2C  0E01               	movlw	1
  3039   000C2E  6E08               	movwf	can_transmit@len^0,c
  3040   000C30  EC53  F007         	call	_can_transmit	;wreg free
  3041   000C34                     
  3042                           ;main.c: 51:         _delay((unsigned long)((1000)*(200000000/4000000.0)));
  3043   000C34  0E41               	movlw	65
  3044   000C36  6E36               	movwf	??_main^0,c
  3045   000C38  0EEE               	movlw	238
  3046   000C3A                     u1157:
  3047   000C3A  2EE8               	decfsz	wreg,f,c
  3048   000C3C  D7FE               	bra	u1157
  3049   000C3E  2E36               	decfsz	??_main^0,f,c
  3050   000C40  D7FC               	bra	u1157
  3051   000C42  D000               	nop2	
  3052   000C44  EFAA  F005         	goto	l1774
  3053   000C48  EFFE  F017         	goto	start
  3054   000C4C                     __end_of_main:
  3055                           	callstack 0
  3056                           
  3057 ;; *************** function _process_indicator *****************
  3058 ;; Defined at:
  3059 ;;		line 23 in file "ecu_sensor.c"
  3060 ;; Parameters:    Size  Location     Type
  3061 ;;		None
  3062 ;; Auto vars:     Size  Location     Type
  3063 ;;  key             1    1[COMRAM] unsigned char 
  3064 ;; Return value:  Size  Location     Type
  3065 ;;                  1    wreg      enum E10483
  3066 ;; Registers used:
  3067 ;;		wreg, status,2, status,0, cstack
  3068 ;; Tracked objects:
  3069 ;;		On entry : 0/0
  3070 ;;		On exit  : 0/0
  3071 ;;		Unchanged: 0/0
  3072 ;; Data sizes:     COMRAM   BANK0   BANK1   BANK2   BANK3   BANK4   BANK5
  3073 ;;      Params:         0       0       0       0       0       0       0
  3074 ;;      Locals:         1       0       0       0       0       0       0
  3075 ;;      Temps:          0       0       0       0       0       0       0
  3076 ;;      Totals:         1       0       0       0       0       0       0
  3077 ;;Total ram usage:        1 bytes
  3078 ;; Hardware stack levels used: 1
  3079 ;; Hardware stack levels required when called: 1
  3080 ;; This function calls:
  3081 ;;		_read_digital_keypad
  3082 ;; This function is called by:
  3083 ;;		_main
  3084 ;; This function uses a non-reentrant model
  3085 ;;
  3086                           
  3087                           	psect	text1
  3088   000E38                     __ptext1:
  3089                           	callstack 0
  3090   000E38                     _process_indicator:
  3091                           	callstack 29
  3092   000E38                     
  3093                           ;ecu_sensor.c: 26:     unsigned char key = read_digital_keypad(1);
  3094   000E38  0E01               	movlw	1
  3095   000E3A  ECA9  F006         	call	_read_digital_keypad
  3096   000E3E  6E02               	movwf	process_indicator@key^0,c
  3097   000E40                     
  3098                           ;ecu_sensor.c: 29:     static IndicatorStatus flag = 3;;ecu_sensor.c: 32:     if (key ==
      +                           0x0E)
  3099   000E40  0E0E               	movlw	14
  3100   000E42  1802               	xorwf	process_indicator@key^0,w,c
  3101   000E44  A4D8               	btfss	status,2,c
  3102   000E46  EF27  F007         	goto	u491
  3103   000E4A  EF29  F007         	goto	u490
  3104   000E4E                     u491:
  3105   000E4E  EF2C  F007         	goto	l1322
  3106   000E52                     u490:
  3107   000E52                     
  3108                           ;ecu_sensor.c: 33:     {;ecu_sensor.c: 34:         flag = 0;
  3109   000E52  6A40               	clrf	process_indicator@flag^0,c
  3110                           
  3111                           ;ecu_sensor.c: 35:     }
  3112   000E54  EF51  F007         	goto	l37
  3113   000E58                     l1322:
  3114   000E58  0E0D               	movlw	13
  3115   000E5A  1802               	xorwf	process_indicator@key^0,w,c
  3116   000E5C  A4D8               	btfss	status,2,c
  3117   000E5E  EF33  F007         	goto	u501
  3118   000E62  EF35  F007         	goto	u500
  3119   000E66                     u501:
  3120   000E66  EF39  F007         	goto	l1326
  3121   000E6A                     u500:
  3122   000E6A                     
  3123                           ;ecu_sensor.c: 38:     {;ecu_sensor.c: 39:         flag = 1;
  3124   000E6A  0E01               	movlw	1
  3125   000E6C  6E40               	movwf	process_indicator@flag^0,c
  3126                           
  3127                           ;ecu_sensor.c: 40:     }
  3128   000E6E  EF51  F007         	goto	l37
  3129   000E72                     l1326:
  3130   000E72  0E0B               	movlw	11
  3131   000E74  1802               	xorwf	process_indicator@key^0,w,c
  3132   000E76  A4D8               	btfss	status,2,c
  3133   000E78  EF40  F007         	goto	u511
  3134   000E7C  EF42  F007         	goto	u510
  3135   000E80                     u511:
  3136   000E80  EF46  F007         	goto	l1330
  3137   000E84                     u510:
  3138   000E84                     
  3139                           ;ecu_sensor.c: 43:     {;ecu_sensor.c: 44:         flag = 2;
  3140   000E84  0E02               	movlw	2
  3141   000E86  6E40               	movwf	process_indicator@flag^0,c
  3142                           
  3143                           ;ecu_sensor.c: 45:     }
  3144   000E88  EF51  F007         	goto	l37
  3145   000E8C                     l1330:
  3146   000E8C  0E07               	movlw	7
  3147   000E8E  1802               	xorwf	process_indicator@key^0,w,c
  3148   000E90  A4D8               	btfss	status,2,c
  3149   000E92  EF4D  F007         	goto	u521
  3150   000E96  EF4F  F007         	goto	u520
  3151   000E9A                     u521:
  3152   000E9A  EF51  F007         	goto	l37
  3153   000E9E                     u520:
  3154   000E9E                     
  3155                           ;ecu_sensor.c: 48:     {;ecu_sensor.c: 49:         flag = 3;
  3156   000E9E  0E03               	movlw	3
  3157   000EA0  6E40               	movwf	process_indicator@flag^0,c
  3158   000EA2                     l37:
  3159                           
  3160                           ;ecu_sensor.c: 53:     return flag;
  3161   000EA2  5040               	movf	process_indicator@flag^0,w,c
  3162   000EA4  0012               	return		;funcret
  3163   000EA6                     __end_of_process_indicator:
  3164                           	callstack 0
  3165                           
  3166 ;; *************** function _read_digital_keypad *****************
  3167 ;; Defined at:
  3168 ;;		line 12 in file "digital_keypad.c"
  3169 ;; Parameters:    Size  Location     Type
  3170 ;;  detection_ty    1    wreg     unsigned char 
  3171 ;; Auto vars:     Size  Location     Type
  3172 ;;  detection_ty    1    0[COMRAM] unsigned char 
  3173 ;; Return value:  Size  Location     Type
  3174 ;;                  1    wreg      unsigned char 
  3175 ;; Registers used:
  3176 ;;		wreg, status,2, status,0
  3177 ;; Tracked objects:
  3178 ;;		On entry : 0/0
  3179 ;;		On exit  : 0/0
  3180 ;;		Unchanged: 0/0
  3181 ;; Data sizes:     COMRAM   BANK0   BANK1   BANK2   BANK3   BANK4   BANK5
  3182 ;;      Params:         0       0       0       0       0       0       0
  3183 ;;      Locals:         1       0       0       0       0       0       0
  3184 ;;      Temps:          0       0       0       0       0       0       0
  3185 ;;      Totals:         1       0       0       0       0       0       0
  3186 ;;Total ram usage:        1 bytes
  3187 ;; Hardware stack levels used: 1
  3188 ;; This function calls:
  3189 ;;		Nothing
  3190 ;; This function is called by:
  3191 ;;		_process_indicator
  3192 ;; This function uses a non-reentrant model
  3193 ;;
  3194                           
  3195                           	psect	text2
  3196   000D52                     __ptext2:
  3197                           	callstack 0
  3198   000D52                     _read_digital_keypad:
  3199                           	callstack 29
  3200                           
  3201                           ;incstack = 0
  3202                           ;read_digital_keypad@detection_type stored from wreg
  3203   000D52  6E01               	movwf	read_digital_keypad@detection_type^0,c
  3204   000D54                     
  3205                           ;digital_keypad.c: 12: unsigned char read_digital_keypad(unsigned char detection_type);d
      +                          igital_keypad.c: 13: {;digital_keypad.c: 15:     static unsigned char once = 1;;digital_
      +                          keypad.c: 18:     if (detection_type == 1)
  3206   000D54  0401               	decf	read_digital_keypad@detection_type^0,w,c
  3207   000D56  A4D8               	btfss	status,2,c
  3208   000D58  EFB0  F006         	goto	u21
  3209   000D5C  EFB2  F006         	goto	u20
  3210   000D60                     u21:
  3211   000D60  EFD7  F006         	goto	l1042
  3212   000D64                     u20:
  3213   000D64                     
  3214                           ;digital_keypad.c: 19:     {;digital_keypad.c: 21:         if (((PORTC & 0x0F) != 0x0F) 
      +                          && once)
  3215   000D64  5082               	movf	130,w,c	;volatile
  3216   000D66  0B0F               	andlw	15
  3217   000D68  0A0F               	xorlw	15
  3218   000D6A  B4D8               	btfsc	status,2,c
  3219   000D6C  EFBA  F006         	goto	u31
  3220   000D70  EFBC  F006         	goto	u30
  3221   000D74                     u31:
  3222   000D74  EFC9  F006         	goto	l1038
  3223   000D78                     u30:
  3224   000D78  503F               	movf	read_digital_keypad@once^0,w,c
  3225   000D7A  B4D8               	btfsc	status,2,c
  3226   000D7C  EFC2  F006         	goto	u41
  3227   000D80  EFC4  F006         	goto	u40
  3228   000D84                     u41:
  3229   000D84  EFC9  F006         	goto	l1038
  3230   000D88                     u40:
  3231   000D88                     
  3232                           ;digital_keypad.c: 22:         {;digital_keypad.c: 23:             once = 0;
  3233   000D88  6A3F               	clrf	read_digital_keypad@once^0,c
  3234   000D8A                     l1032:
  3235                           
  3236                           ;digital_keypad.c: 26:             return (PORTC & 0x0F);
  3237   000D8A  5082               	movf	130,w,c	;volatile
  3238   000D8C  0B0F               	andlw	15
  3239   000D8E  EFE2  F006         	goto	l168
  3240   000D92                     l1038:
  3241   000D92  5082               	movf	130,w,c	;volatile
  3242   000D94  0B0F               	andlw	15
  3243   000D96  0A0F               	xorlw	15
  3244   000D98  A4D8               	btfss	status,2,c
  3245   000D9A  EFD1  F006         	goto	u51
  3246   000D9E  EFD3  F006         	goto	u50
  3247   000DA2                     u51:
  3248   000DA2  EFE1  F006         	goto	l1048
  3249   000DA6                     u50:
  3250   000DA6                     
  3251                           ;digital_keypad.c: 30:         {;digital_keypad.c: 31:             once = 1;
  3252   000DA6  0E01               	movlw	1
  3253   000DA8  6E3F               	movwf	read_digital_keypad@once^0,c
  3254   000DAA  EFE1  F006         	goto	l1048
  3255   000DAE                     l1042:
  3256   000DAE  5001               	movf	read_digital_keypad@detection_type^0,w,c
  3257   000DB0  A4D8               	btfss	status,2,c
  3258   000DB2  EFDD  F006         	goto	u61
  3259   000DB6  EFDF  F006         	goto	u60
  3260   000DBA                     u61:
  3261   000DBA  EFE1  F006         	goto	l1048
  3262   000DBE                     u60:
  3263   000DBE  EFC5  F006         	goto	l1032
  3264   000DC2                     l1048:
  3265                           
  3266                           ;digital_keypad.c: 42:     return 0xFF;
  3267   000DC2  0EFF               	movlw	255
  3268   000DC4                     l168:
  3269   000DC4  0012               	return		;funcret
  3270   000DC6                     __end_of_read_digital_keypad:
  3271                           	callstack 0
  3272                           
  3273 ;; *************** function _init_uart *****************
  3274 ;; Defined at:
  3275 ;;		line 3 in file "uart.c"
  3276 ;; Parameters:    Size  Location     Type
  3277 ;;		None
  3278 ;; Auto vars:     Size  Location     Type
  3279 ;;		None
  3280 ;; Return value:  Size  Location     Type
  3281 ;;                  1    wreg      void 
  3282 ;; Registers used:
  3283 ;;		wreg, status,2
  3284 ;; Tracked objects:
  3285 ;;		On entry : 0/0
  3286 ;;		On exit  : 0/0
  3287 ;;		Unchanged: 0/0
  3288 ;; Data sizes:     COMRAM   BANK0   BANK1   BANK2   BANK3   BANK4   BANK5
  3289 ;;      Params:         0       0       0       0       0       0       0
  3290 ;;      Locals:         0       0       0       0       0       0       0
  3291 ;;      Temps:          0       0       0       0       0       0       0
  3292 ;;      Totals:         0       0       0       0       0       0       0
  3293 ;;Total ram usage:        0 bytes
  3294 ;; Hardware stack levels used: 1
  3295 ;; This function calls:
  3296 ;;		Nothing
  3297 ;; This function is called by:
  3298 ;;		_main
  3299 ;; This function uses a non-reentrant model
  3300 ;;
  3301                           
  3302                           	psect	text3
  3303   00109C                     __ptext3:
  3304                           	callstack 0
  3305   00109C                     _init_uart:
  3306                           	callstack 30
  3307   00109C                     
  3308                           ;uart.c: 6:  TRISC7 = 1;
  3309   00109C  8E94               	bsf	3988,7,c	;volatile
  3310                           
  3311                           ;uart.c: 7:  TRISC6 = 0;
  3312   00109E  9C94               	bcf	3988,6,c	;volatile
  3313                           
  3314                           ;uart.c: 11:  TX9 = 0;
  3315   0010A0  9CAC               	bcf	4012,6,c	;volatile
  3316                           
  3317                           ;uart.c: 13:  TXEN = 1;
  3318   0010A2  8AAC               	bsf	4012,5,c	;volatile
  3319                           
  3320                           ;uart.c: 16:  SYNC = 0;
  3321   0010A4  98AC               	bcf	4012,4,c	;volatile
  3322                           
  3323                           ;uart.c: 18:  SENDB = 0;
  3324   0010A6  96AC               	bcf	4012,3,c	;volatile
  3325                           
  3326                           ;uart.c: 21:  BRGH = 1;
  3327   0010A8  84AC               	bsf	4012,2,c	;volatile
  3328                           
  3329                           ;uart.c: 25:  SPEN = 1;
  3330   0010AA  8EAB               	bsf	4011,7,c	;volatile
  3331                           
  3332                           ;uart.c: 27:  RX9 = 0;
  3333   0010AC  9CAB               	bcf	4011,6,c	;volatile
  3334                           
  3335                           ;uart.c: 29:  CREN = 1;
  3336   0010AE  88AB               	bsf	4011,4,c	;volatile
  3337                           
  3338                           ;uart.c: 34:  BRG16 = 0;
  3339   0010B0  96B8               	bcf	4024,3,c	;volatile
  3340   0010B2                     
  3341                           ;uart.c: 39:  SPBRG = 129;
  3342   0010B2  0E81               	movlw	129
  3343   0010B4  6EAF               	movwf	175,c	;volatile
  3344   0010B6                     
  3345                           ;uart.c: 43:  TXIF = 0;
  3346   0010B6  989E               	bcf	3998,4,c	;volatile
  3347   0010B8                     
  3348                           ;uart.c: 46:  RCIF = 0;
  3349   0010B8  9A9E               	bcf	3998,5,c	;volatile
  3350   0010BA  0012               	return		;funcret
  3351   0010BC                     __end_of_init_uart:
  3352                           	callstack 0
  3353                           
  3354 ;; *************** function _init_digital_keypad *****************
  3355 ;; Defined at:
  3356 ;;		line 5 in file "digital_keypad.c"
  3357 ;; Parameters:    Size  Location     Type
  3358 ;;		None
  3359 ;; Auto vars:     Size  Location     Type
  3360 ;;		None
  3361 ;; Return value:  Size  Location     Type
  3362 ;;                  1    wreg      void 
  3363 ;; Registers used:
  3364 ;;		wreg, status,2, status,0
  3365 ;; Tracked objects:
  3366 ;;		On entry : 0/0
  3367 ;;		On exit  : 0/0
  3368 ;;		Unchanged: 0/0
  3369 ;; Data sizes:     COMRAM   BANK0   BANK1   BANK2   BANK3   BANK4   BANK5
  3370 ;;      Params:         0       0       0       0       0       0       0
  3371 ;;      Locals:         0       0       0       0       0       0       0
  3372 ;;      Temps:          0       0       0       0       0       0       0
  3373 ;;      Totals:         0       0       0       0       0       0       0
  3374 ;;Total ram usage:        0 bytes
  3375 ;; Hardware stack levels used: 1
  3376 ;; This function calls:
  3377 ;;		Nothing
  3378 ;; This function is called by:
  3379 ;;		_main
  3380 ;; This function uses a non-reentrant model
  3381 ;;
  3382                           
  3383                           	psect	text4
  3384   0010F6                     __ptext4:
  3385                           	callstack 0
  3386   0010F6                     _init_digital_keypad:
  3387                           	callstack 30
  3388   0010F6                     
  3389                           ;digital_keypad.c: 8:     TRISC = TRISC | 0x0F;
  3390   0010F6  5094               	movf	148,w,c	;volatile
  3391   0010F8  090F               	iorlw	15
  3392   0010FA  6E94               	movwf	148,c	;volatile
  3393   0010FC  0012               	return		;funcret
  3394   0010FE                     __end_of_init_digital_keypad:
  3395                           	callstack 0
  3396                           
  3397 ;; *************** function _init_can *****************
  3398 ;; Defined at:
  3399 ;;		line 14 in file "can.c"
  3400 ;; Parameters:    Size  Location     Type
  3401 ;;		None
  3402 ;; Auto vars:     Size  Location     Type
  3403 ;;		None
  3404 ;; Return value:  Size  Location     Type
  3405 ;;                  1    wreg      void 
  3406 ;; Registers used:
  3407 ;;		wreg, status,2, status,0
  3408 ;; Tracked objects:
  3409 ;;		On entry : 0/0
  3410 ;;		On exit  : 0/0
  3411 ;;		Unchanged: 0/0
  3412 ;; Data sizes:     COMRAM   BANK0   BANK1   BANK2   BANK3   BANK4   BANK5
  3413 ;;      Params:         0       0       0       0       0       0       0
  3414 ;;      Locals:         0       0       0       0       0       0       0
  3415 ;;      Temps:          0       0       0       0       0       0       0
  3416 ;;      Totals:         0       0       0       0       0       0       0
  3417 ;;Total ram usage:        0 bytes
  3418 ;; Hardware stack levels used: 1
  3419 ;; This function calls:
  3420 ;;		Nothing
  3421 ;; This function is called by:
  3422 ;;		_main
  3423 ;; This function uses a non-reentrant model
  3424 ;;
  3425                           
  3426                           	psect	text5
  3427   001064                     __ptext5:
  3428                           	callstack 0
  3429   001064                     _init_can:
  3430                           	callstack 30
  3431   001064                     
  3432                           ;can.c: 16:     TRISB2 = 0;
  3433   001064  9493               	bcf	3987,2,c	;volatile
  3434                           
  3435                           ;can.c: 17:     TRISB3 = 1;
  3436   001066  8693               	bsf	3987,3,c	;volatile
  3437   001068                     
  3438                           ;can.c: 21:     { CANCON &= 0x1F; CANCON |= e_can_op_mode_config; };
  3439   001068  0E1F               	movlw	31
  3440   00106A  166F               	andwf	111,f,c	;volatile
  3441   00106C  8E6F               	bsf	111,7,c	;volatile
  3442   00106E                     l1298:
  3443   00106E  0E80               	movlw	128
  3444   001070  186E               	xorwf	110,w,c	;volatile
  3445   001072  A4D8               	btfss	status,2,c
  3446   001074  EF3E  F008         	goto	u481
  3447   001078  EF40  F008         	goto	u480
  3448   00107C                     u481:
  3449   00107C  EF37  F008         	goto	l1298
  3450   001080                     u480:
  3451   001080                     
  3452                           ;can.c: 27:     ECANCON = 0x00;
  3453   001080  6A77               	clrf	119,c	;volatile
  3454   001082                     
  3455                           ;can.c: 30:     BRGCON1 = 0xE1;
  3456   001082  0EE1               	movlw	225
  3457   001084  6E70               	movwf	112,c	;volatile
  3458                           
  3459                           ;can.c: 31:     BRGCON2 = 0x1B;
  3460   001086  0E1B               	movlw	27
  3461   001088  6E71               	movwf	113,c	;volatile
  3462                           
  3463                           ;can.c: 32:     BRGCON3 = 0x03;
  3464   00108A  0E03               	movlw	3
  3465   00108C  6E72               	movwf	114,c	;volatile
  3466   00108E                     
  3467                           ;can.c: 38:     RXFCON0 = 0x00;
  3468   00108E  010D               	movlb	13	; () banked
  3469   001090  6BD4               	clrf	212,b	;volatile
  3470   001092                     
  3471                           ; BSR set to: 13
  3472                           ;can.c: 40:     { CANCON &= 0x1F; CANCON |= e_can_op_mode_normal; };
  3473   001092  0E1F               	movlw	31
  3474   001094  166F               	andwf	111,f,c	;volatile
  3475   001096                     
  3476                           ; BSR set to: 13
  3477   001096  506F               	movf	111,w,c	;volatile
  3478   001098                     
  3479                           ; BSR set to: 13
  3480                           ;can.c: 43:     RXB0CON = 0x00;
  3481   001098  6A60               	clrf	96,c	;volatile
  3482   00109A                     
  3483                           ; BSR set to: 13
  3484   00109A  0012               	return		;funcret
  3485   00109C                     __end_of_init_can:
  3486                           	callstack 0
  3487                           
  3488 ;; *************** function _init_adc *****************
  3489 ;; Defined at:
  3490 ;;		line 4 in file "adc.c"
  3491 ;; Parameters:    Size  Location     Type
  3492 ;;		None
  3493 ;; Auto vars:     Size  Location     Type
  3494 ;;		None
  3495 ;; Return value:  Size  Location     Type
  3496 ;;                  1    wreg      void 
  3497 ;; Registers used:
  3498 ;;		None
  3499 ;; Tracked objects:
  3500 ;;		On entry : 0/0
  3501 ;;		On exit  : 0/0
  3502 ;;		Unchanged: 0/0
  3503 ;; Data sizes:     COMRAM   BANK0   BANK1   BANK2   BANK3   BANK4   BANK5
  3504 ;;      Params:         0       0       0       0       0       0       0
  3505 ;;      Locals:         0       0       0       0       0       0       0
  3506 ;;      Temps:          0       0       0       0       0       0       0
  3507 ;;      Totals:         0       0       0       0       0       0       0
  3508 ;;Total ram usage:        0 bytes
  3509 ;; Hardware stack levels used: 1
  3510 ;; This function calls:
  3511 ;;		Nothing
  3512 ;; This function is called by:
  3513 ;;		_main
  3514 ;; This function uses a non-reentrant model
  3515 ;;
  3516                           
  3517                           	psect	text6
  3518   0010DA                     __ptext6:
  3519                           	callstack 0
  3520   0010DA                     _init_adc:
  3521                           	callstack 30
  3522   0010DA                     
  3523                           ;adc.c: 7:  ADFM = 1;
  3524   0010DA  8EC0               	bsf	4032,7,c	;volatile
  3525                           
  3526                           ;adc.c: 13:  ACQT2 = 0;
  3527   0010DC  9AC0               	bcf	4032,5,c	;volatile
  3528                           
  3529                           ;adc.c: 14:  ACQT1 = 1;
  3530   0010DE  88C0               	bsf	4032,4,c	;volatile
  3531                           
  3532                           ;adc.c: 15:  ACQT0 = 0;
  3533   0010E0  96C0               	bcf	4032,3,c	;volatile
  3534                           
  3535                           ;adc.c: 21:  ADCS0 = 0;
  3536   0010E2  90C0               	bcf	4032,0,c	;volatile
  3537                           
  3538                           ;adc.c: 22:  ADCS1 = 1;
  3539   0010E4  82C0               	bsf	4032,1,c	;volatile
  3540                           
  3541                           ;adc.c: 23:  ADCS2 = 0;
  3542   0010E6  94C0               	bcf	4032,2,c	;volatile
  3543                           
  3544                           ;adc.c: 26:  GODONE = 0;
  3545   0010E8  92C2               	bcf	4034,1,c	;volatile
  3546                           
  3547                           ;adc.c: 31:  VCFG1 = 0;
  3548   0010EA  9AC1               	bcf	4033,5,c	;volatile
  3549                           
  3550                           ;adc.c: 33:  VCFG0 = 0;
  3551   0010EC  98C1               	bcf	4033,4,c	;volatile
  3552                           
  3553                           ;adc.c: 36:  ADRESH = 0;
  3554   0010EE  6AC4               	clrf	196,c	;volatile
  3555                           
  3556                           ;adc.c: 37:  ADRESL = 0;
  3557   0010F0  6AC3               	clrf	195,c	;volatile
  3558                           
  3559                           ;adc.c: 40:  ADON = 1;
  3560   0010F2  80C2               	bsf	4034,0,c	;volatile
  3561   0010F4  0012               	return		;funcret
  3562   0010F6                     __end_of_init_adc:
  3563                           	callstack 0
  3564                           
  3565 ;; *************** function _get_rpm *****************
  3566 ;; Defined at:
  3567 ;;		line 8 in file "ecu_sensor.c"
  3568 ;; Parameters:    Size  Location     Type
  3569 ;;		None
  3570 ;; Auto vars:     Size  Location     Type
  3571 ;;  rpm             2   51[COMRAM] unsigned short 
  3572 ;; Return value:  Size  Location     Type
  3573 ;;                  2   49[COMRAM] unsigned short 
  3574 ;; Registers used:
  3575 ;;		wreg, status,2, status,0, cstack
  3576 ;; Tracked objects:
  3577 ;;		On entry : 0/0
  3578 ;;		On exit  : 0/0
  3579 ;;		Unchanged: 0/0
  3580 ;; Data sizes:     COMRAM   BANK0   BANK1   BANK2   BANK3   BANK4   BANK5
  3581 ;;      Params:         2       0       0       0       0       0       0
  3582 ;;      Locals:         2       0       0       0       0       0       0
  3583 ;;      Temps:          0       0       0       0       0       0       0
  3584 ;;      Totals:         4       0       0       0       0       0       0
  3585 ;;Total ram usage:        4 bytes
  3586 ;; Hardware stack levels used: 1
  3587 ;; Hardware stack levels required when called: 1
  3588 ;; This function calls:
  3589 ;;		___fldiv
  3590 ;;		___fltol
  3591 ;;		___xxtofl
  3592 ;;		_read_adc
  3593 ;; This function is called by:
  3594 ;;		_main
  3595 ;; This function uses a non-reentrant model
  3596 ;;
  3597                           
  3598                           	psect	text7
  3599   000F14                     __ptext7:
  3600                           	callstack 0
  3601   000F14                     _get_rpm:
  3602                           	callstack 29
  3603   000F14                     
  3604                           ;ecu_sensor.c: 10:     uint16_t rpm;;ecu_sensor.c: 13:     rpm = read_adc(0x04);
  3605   000F14  0E04               	movlw	4
  3606   000F16  ECF1  F007         	call	_read_adc
  3607   000F1A  C001  F034         	movff	?_read_adc,get_rpm@rpm
  3608   000F1E  C002  F035         	movff	?_read_adc+1,get_rpm@rpm+1
  3609                           
  3610                           ;ecu_sensor.c: 16:     rpm = (uint16_t)(rpm / 0.1705);
  3611   000F22  0E8D               	movlw	141
  3612   000F24  6E13               	movwf	___fldiv@a^0,c
  3613   000F26  0E97               	movlw	151
  3614   000F28  6E14               	movwf	(___fldiv@a+1)^0,c
  3615   000F2A  0E2E               	movlw	46
  3616   000F2C  6E15               	movwf	(___fldiv@a+2)^0,c
  3617   000F2E  0E3E               	movlw	62
  3618   000F30  6E16               	movwf	(___fldiv@a+3)^0,c
  3619   000F32  C034  F001         	movff	get_rpm@rpm,___xxtofl@val
  3620   000F36  C035  F002         	movff	get_rpm@rpm+1,___xxtofl@val+1
  3621   000F3A  6A03               	clrf	(___xxtofl@val+2)^0,c
  3622   000F3C  6A04               	clrf	(___xxtofl@val+3)^0,c
  3623   000F3E  0E00               	movlw	0
  3624   000F40  ECC8  F004         	call	___xxtofl
  3625   000F44  C001  F00F         	movff	?___xxtofl,___fldiv@b
  3626   000F48  C002  F010         	movff	?___xxtofl+1,___fldiv@b+1
  3627   000F4C  C003  F011         	movff	?___xxtofl+2,___fldiv@b+2
  3628   000F50  C004  F012         	movff	?___xxtofl+3,___fldiv@b+3
  3629   000F54  EC01  F003         	call	___fldiv	;wreg free
  3630   000F58  C00F  F028         	movff	?___fldiv,___fltol@f1
  3631   000F5C  C010  F029         	movff	?___fldiv+1,___fltol@f1+1
  3632   000F60  C011  F02A         	movff	?___fldiv+2,___fltol@f1+2
  3633   000F64  C012  F02B         	movff	?___fldiv+3,___fltol@f1+3
  3634   000F68  EC26  F006         	call	___fltol	;wreg free
  3635   000F6C  C028  F034         	movff	?___fltol,get_rpm@rpm
  3636   000F70  C029  F035         	movff	?___fltol+1,get_rpm@rpm+1
  3637   000F74                     
  3638                           ;ecu_sensor.c: 19:     return rpm;
  3639   000F74  C034  F032         	movff	get_rpm@rpm,?_get_rpm
  3640   000F78  C035  F033         	movff	get_rpm@rpm+1,?_get_rpm+1
  3641   000F7C  0012               	return		;funcret
  3642   000F7E                     __end_of_get_rpm:
  3643                           	callstack 0
  3644                           
  3645 ;; *************** function _read_adc *****************
  3646 ;; Defined at:
  3647 ;;		line 43 in file "adc.c"
  3648 ;; Parameters:    Size  Location     Type
  3649 ;;  channel         1    wreg     unsigned char 
  3650 ;; Auto vars:     Size  Location     Type
  3651 ;;  channel         1    6[COMRAM] unsigned char 
  3652 ;;  reg_val         2    4[COMRAM] unsigned short 
  3653 ;; Return value:  Size  Location     Type
  3654 ;;                  2    0[COMRAM] unsigned short 
  3655 ;; Registers used:
  3656 ;;		wreg, status,2, status,0
  3657 ;; Tracked objects:
  3658 ;;		On entry : 0/0
  3659 ;;		On exit  : 0/0
  3660 ;;		Unchanged: 0/0
  3661 ;; Data sizes:     COMRAM   BANK0   BANK1   BANK2   BANK3   BANK4   BANK5
  3662 ;;      Params:         2       0       0       0       0       0       0
  3663 ;;      Locals:         3       0       0       0       0       0       0
  3664 ;;      Temps:          2       0       0       0       0       0       0
  3665 ;;      Totals:         7       0       0       0       0       0       0
  3666 ;;Total ram usage:        7 bytes
  3667 ;; Hardware stack levels used: 1
  3668 ;; This function calls:
  3669 ;;		Nothing
  3670 ;; This function is called by:
  3671 ;;		_get_rpm
  3672 ;; This function uses a non-reentrant model
  3673 ;;
  3674                           
  3675                           	psect	text8
  3676   000FE2                     __ptext8:
  3677                           	callstack 0
  3678   000FE2                     _read_adc:
  3679                           	callstack 29
  3680                           
  3681                           ;incstack = 0
  3682                           ;read_adc@channel stored from wreg
  3683   000FE2  6E07               	movwf	read_adc@channel^0,c
  3684   000FE4                     
  3685                           ;adc.c: 43: unsigned short read_adc(unsigned char channel);adc.c: 44: {;adc.c: 45:  unsi
      +                          gned short reg_val;;adc.c: 48:  ADCON0 = (ADCON0 & 0xC3) | (channel << 2);
  3686   000FE4  C007  F003         	movff	read_adc@channel,??_read_adc
  3687   000FE8  90D8               	bcf	status,0,c
  3688   000FEA  3603               	rlcf	??_read_adc^0,f,c
  3689   000FEC  90D8               	bcf	status,0,c
  3690   000FEE  3603               	rlcf	??_read_adc^0,f,c
  3691   000FF0  50C2               	movf	194,w,c	;volatile
  3692   000FF2  0BC3               	andlw	195
  3693   000FF4  1003               	iorwf	??_read_adc^0,w,c
  3694   000FF6  6EC2               	movwf	194,c	;volatile
  3695   000FF8                     
  3696                           ;adc.c: 51:  GO = 1;
  3697   000FF8  82C2               	bsf	4034,1,c	;volatile
  3698   000FFA                     l151:
  3699   000FFA  B2C2               	btfsc	4034,1,c	;volatile
  3700   000FFC  EF02  F008         	goto	u651
  3701   001000  EF04  F008         	goto	u650
  3702   001004                     u651:
  3703   001004  EFFD  F007         	goto	l151
  3704   001008                     u650:
  3705   001008                     
  3706                           ;adc.c: 53:  reg_val = (ADRESH << 8) | ADRESL;
  3707   001008  50C3               	movf	195,w,c	;volatile
  3708   00100A  CFC4 F003          	movff	4036,??_read_adc	;volatile
  3709   00100E  6A04               	clrf	(??_read_adc+1)^0,c
  3710   001010  C003  F004         	movff	??_read_adc,??_read_adc+1
  3711   001014  6A03               	clrf	??_read_adc^0,c
  3712   001016  1003               	iorwf	??_read_adc^0,w,c
  3713   001018  6E05               	movwf	read_adc@reg_val^0,c
  3714   00101A  5004               	movf	(??_read_adc+1)^0,w,c
  3715   00101C  6E06               	movwf	(read_adc@reg_val+1)^0,c
  3716   00101E                     
  3717                           ;adc.c: 55:  return reg_val;
  3718   00101E  C005  F001         	movff	read_adc@reg_val,?_read_adc
  3719   001022  C006  F002         	movff	read_adc@reg_val+1,?_read_adc+1
  3720   001026  0012               	return		;funcret
  3721   001028                     __end_of_read_adc:
  3722                           	callstack 0
  3723                           
  3724 ;; *************** function ___xxtofl *****************
  3725 ;; Defined at:
  3726 ;;		line 10 in file "C:\Program Files\Microchip\xc8\v3.10\pic\sources\c99\common\xxtofl.c"
  3727 ;; Parameters:    Size  Location     Type
  3728 ;;  sign            1    wreg     unsigned char 
  3729 ;;  val             4    0[COMRAM] long 
  3730 ;; Auto vars:     Size  Location     Type
  3731 ;;  sign            1    8[COMRAM] unsigned char 
  3732 ;;  arg             4   10[COMRAM] unsigned long 
  3733 ;;  exp             1    9[COMRAM] unsigned char 
  3734 ;; Return value:  Size  Location     Type
  3735 ;;                  4    0[COMRAM] unsigned char 
  3736 ;; Registers used:
  3737 ;;		wreg, status,2, status,0
  3738 ;; Tracked objects:
  3739 ;;		On entry : 0/0
  3740 ;;		On exit  : 0/0
  3741 ;;		Unchanged: 0/0
  3742 ;; Data sizes:     COMRAM   BANK0   BANK1   BANK2   BANK3   BANK4   BANK5
  3743 ;;      Params:         4       0       0       0       0       0       0
  3744 ;;      Locals:         6       0       0       0       0       0       0
  3745 ;;      Temps:          4       0       0       0       0       0       0
  3746 ;;      Totals:        14       0       0       0       0       0       0
  3747 ;;Total ram usage:       14 bytes
  3748 ;; Hardware stack levels used: 1
  3749 ;; This function calls:
  3750 ;;		Nothing
  3751 ;; This function is called by:
  3752 ;;		_get_rpm
  3753 ;; This function uses a non-reentrant model
  3754 ;;
  3755                           
  3756                           	psect	text9
  3757   000990                     __ptext9:
  3758                           	callstack 0
  3759   000990                     ___xxtofl:
  3760                           	callstack 29
  3761                           
  3762                           ;incstack = 0
  3763                           ;___xxtofl@sign stored from wreg
  3764   000990  6E09               	movwf	___xxtofl@sign^0,c
  3765   000992  5009               	movf	___xxtofl@sign^0,w,c
  3766   000994  B4D8               	btfsc	status,2,c
  3767   000996  EFCF  F004         	goto	u971
  3768   00099A  EFD1  F004         	goto	u970
  3769   00099E                     u971:
  3770   00099E  EFF3  F004         	goto	l996
  3771   0009A2                     u970:
  3772   0009A2  BE04               	btfsc	(___xxtofl@val+3)^0,7,c
  3773   0009A4  EFD8  F004         	goto	u980
  3774   0009A8  EFD6  F004         	goto	u981
  3775   0009AC                     u981:
  3776   0009AC  EFF3  F004         	goto	l996
  3777   0009B0                     u980:
  3778   0009B0  C001  F005         	movff	___xxtofl@val,??___xxtofl
  3779   0009B4  C002  F006         	movff	___xxtofl@val+1,??___xxtofl+1
  3780   0009B8  C003  F007         	movff	___xxtofl@val+2,??___xxtofl+2
  3781   0009BC  C004  F008         	movff	___xxtofl@val+3,??___xxtofl+3
  3782   0009C0  1E05               	comf	??___xxtofl^0,f,c
  3783   0009C2  1E06               	comf	(??___xxtofl+1)^0,f,c
  3784   0009C4  1E07               	comf	(??___xxtofl+2)^0,f,c
  3785   0009C6  1E08               	comf	(??___xxtofl+3)^0,f,c
  3786   0009C8  2A05               	incf	??___xxtofl^0,f,c
  3787   0009CA  0E00               	movlw	0
  3788   0009CC  2206               	addwfc	(??___xxtofl+1)^0,f,c
  3789   0009CE  2207               	addwfc	(??___xxtofl+2)^0,f,c
  3790   0009D0  2208               	addwfc	(??___xxtofl+3)^0,f,c
  3791   0009D2  C005  F00B         	movff	??___xxtofl,___xxtofl@arg
  3792   0009D6  C006  F00C         	movff	??___xxtofl+1,___xxtofl@arg+1
  3793   0009DA  C007  F00D         	movff	??___xxtofl+2,___xxtofl@arg+2
  3794   0009DE  C008  F00E         	movff	??___xxtofl+3,___xxtofl@arg+3
  3795   0009E2  EFFB  F004         	goto	l1666
  3796   0009E6                     l996:
  3797   0009E6  C001  F00B         	movff	___xxtofl@val,___xxtofl@arg
  3798   0009EA  C002  F00C         	movff	___xxtofl@val+1,___xxtofl@arg+1
  3799   0009EE  C003  F00D         	movff	___xxtofl@val+2,___xxtofl@arg+2
  3800   0009F2  C004  F00E         	movff	___xxtofl@val+3,___xxtofl@arg+3
  3801   0009F6                     l1666:
  3802   0009F6  5001               	movf	___xxtofl@val^0,w,c
  3803   0009F8  1002               	iorwf	(___xxtofl@val+1)^0,w,c
  3804   0009FA  1003               	iorwf	(___xxtofl@val+2)^0,w,c
  3805   0009FC  1004               	iorwf	(___xxtofl@val+3)^0,w,c
  3806   0009FE  A4D8               	btfss	status,2,c
  3807   000A00  EF04  F005         	goto	u991
  3808   000A04  EF06  F005         	goto	u990
  3809   000A08                     u991:
  3810   000A08  EF10  F005         	goto	l1672
  3811   000A0C                     u990:
  3812   000A0C  0E00               	movlw	0
  3813   000A0E  6E01               	movwf	?___xxtofl^0,c
  3814   000A10  0E00               	movlw	0
  3815   000A12  6E02               	movwf	(?___xxtofl+1)^0,c
  3816   000A14  0E00               	movlw	0
  3817   000A16  6E03               	movwf	(?___xxtofl+2)^0,c
  3818   000A18  0E00               	movlw	0
  3819   000A1A  6E04               	movwf	(?___xxtofl+3)^0,c
  3820   000A1C  EFA1  F005         	goto	l999
  3821   000A20                     l1672:
  3822   000A20  0E96               	movlw	150
  3823   000A22  6E0A               	movwf	___xxtofl@exp^0,c
  3824   000A24  EF1A  F005         	goto	l1676
  3825   000A28                     l1674:
  3826   000A28  2A0A               	incf	___xxtofl@exp^0,f,c
  3827   000A2A  90D8               	bcf	status,0,c
  3828   000A2C  320E               	rrcf	(___xxtofl@arg+3)^0,f,c
  3829   000A2E  320D               	rrcf	(___xxtofl@arg+2)^0,f,c
  3830   000A30  320C               	rrcf	(___xxtofl@arg+1)^0,f,c
  3831   000A32  320B               	rrcf	___xxtofl@arg^0,f,c
  3832   000A34                     l1676:
  3833   000A34  0E00               	movlw	0
  3834   000A36  140B               	andwf	___xxtofl@arg^0,w,c
  3835   000A38  6E05               	movwf	??___xxtofl^0,c
  3836   000A3A  0E00               	movlw	0
  3837   000A3C  140C               	andwf	(___xxtofl@arg+1)^0,w,c
  3838   000A3E  6E06               	movwf	(??___xxtofl+1)^0,c
  3839   000A40  0E00               	movlw	0
  3840   000A42  140D               	andwf	(___xxtofl@arg+2)^0,w,c
  3841   000A44  6E07               	movwf	(??___xxtofl+2)^0,c
  3842   000A46  0EFE               	movlw	254
  3843   000A48  140E               	andwf	(___xxtofl@arg+3)^0,w,c
  3844   000A4A  6E08               	movwf	(??___xxtofl+3)^0,c
  3845   000A4C  5005               	movf	??___xxtofl^0,w,c
  3846   000A4E  1006               	iorwf	(??___xxtofl+1)^0,w,c
  3847   000A50  1007               	iorwf	(??___xxtofl+2)^0,w,c
  3848   000A52  1008               	iorwf	(??___xxtofl+3)^0,w,c
  3849   000A54  A4D8               	btfss	status,2,c
  3850   000A56  EF2F  F005         	goto	u1001
  3851   000A5A  EF31  F005         	goto	u1000
  3852   000A5E                     u1001:
  3853   000A5E  EF14  F005         	goto	l1674
  3854   000A62                     u1000:
  3855   000A62  EF3F  F005         	goto	l1003
  3856   000A66                     l1678:
  3857   000A66  2A0A               	incf	___xxtofl@exp^0,f,c
  3858   000A68  0E01               	movlw	1
  3859   000A6A  260B               	addwf	___xxtofl@arg^0,f,c
  3860   000A6C  0E00               	movlw	0
  3861   000A6E  220C               	addwfc	(___xxtofl@arg+1)^0,f,c
  3862   000A70  220D               	addwfc	(___xxtofl@arg+2)^0,f,c
  3863   000A72  220E               	addwfc	(___xxtofl@arg+3)^0,f,c
  3864   000A74  90D8               	bcf	status,0,c
  3865   000A76  320E               	rrcf	(___xxtofl@arg+3)^0,f,c
  3866   000A78  320D               	rrcf	(___xxtofl@arg+2)^0,f,c
  3867   000A7A  320C               	rrcf	(___xxtofl@arg+1)^0,f,c
  3868   000A7C  320B               	rrcf	___xxtofl@arg^0,f,c
  3869   000A7E                     l1003:
  3870   000A7E  0E00               	movlw	0
  3871   000A80  140B               	andwf	___xxtofl@arg^0,w,c
  3872   000A82  6E05               	movwf	??___xxtofl^0,c
  3873   000A84  0E00               	movlw	0
  3874   000A86  140C               	andwf	(___xxtofl@arg+1)^0,w,c
  3875   000A88  6E06               	movwf	(??___xxtofl+1)^0,c
  3876   000A8A  0E00               	movlw	0
  3877   000A8C  140D               	andwf	(___xxtofl@arg+2)^0,w,c
  3878   000A8E  6E07               	movwf	(??___xxtofl+2)^0,c
  3879   000A90  0EFF               	movlw	255
  3880   000A92  140E               	andwf	(___xxtofl@arg+3)^0,w,c
  3881   000A94  6E08               	movwf	(??___xxtofl+3)^0,c
  3882   000A96  5005               	movf	??___xxtofl^0,w,c
  3883   000A98  1006               	iorwf	(??___xxtofl+1)^0,w,c
  3884   000A9A  1007               	iorwf	(??___xxtofl+2)^0,w,c
  3885   000A9C  1008               	iorwf	(??___xxtofl+3)^0,w,c
  3886   000A9E  A4D8               	btfss	status,2,c
  3887   000AA0  EF54  F005         	goto	u1011
  3888   000AA4  EF56  F005         	goto	u1010
  3889   000AA8                     u1011:
  3890   000AA8  EF33  F005         	goto	l1678
  3891   000AAC                     u1010:
  3892   000AAC  EF5E  F005         	goto	l1686
  3893   000AB0                     l1684:
  3894   000AB0  060A               	decf	___xxtofl@exp^0,f,c
  3895   000AB2  90D8               	bcf	status,0,c
  3896   000AB4  360B               	rlcf	___xxtofl@arg^0,f,c
  3897   000AB6  360C               	rlcf	(___xxtofl@arg+1)^0,f,c
  3898   000AB8  360D               	rlcf	(___xxtofl@arg+2)^0,f,c
  3899   000ABA  360E               	rlcf	(___xxtofl@arg+3)^0,f,c
  3900   000ABC                     l1686:
  3901   000ABC  BE0D               	btfsc	(___xxtofl@arg+2)^0,7,c
  3902   000ABE  EF63  F005         	goto	u1021
  3903   000AC2  EF65  F005         	goto	u1020
  3904   000AC6                     u1021:
  3905   000AC6  EF6D  F005         	goto	l1010
  3906   000ACA                     u1020:
  3907   000ACA  0E02               	movlw	2
  3908   000ACC  600A               	cpfslt	___xxtofl@exp^0,c
  3909   000ACE  EF6B  F005         	goto	u1031
  3910   000AD2  EF6D  F005         	goto	u1030
  3911   000AD6                     u1031:
  3912   000AD6  EF58  F005         	goto	l1684
  3913   000ADA                     u1030:
  3914   000ADA                     l1010:
  3915   000ADA  B00A               	btfsc	___xxtofl@exp^0,0,c
  3916   000ADC  EF72  F005         	goto	u1041
  3917   000AE0  EF74  F005         	goto	u1040
  3918   000AE4                     u1041:
  3919   000AE4  EF75  F005         	goto	l1692
  3920   000AE8                     u1040:
  3921   000AE8  9E0D               	bcf	(___xxtofl@arg+2)^0,7,c
  3922   000AEA                     l1692:
  3923   000AEA  90D8               	bcf	status,0,c
  3924   000AEC  320A               	rrcf	___xxtofl@exp^0,f,c
  3925   000AEE  C00A  F005         	movff	___xxtofl@exp,??___xxtofl
  3926   000AF2  6A06               	clrf	(??___xxtofl+1)^0,c
  3927   000AF4  6A07               	clrf	(??___xxtofl+2)^0,c
  3928   000AF6  6A08               	clrf	(??___xxtofl+3)^0,c
  3929   000AF8  C005  F008         	movff	??___xxtofl,??___xxtofl+3
  3930   000AFC  6A07               	clrf	(??___xxtofl+2)^0,c
  3931   000AFE  6A06               	clrf	(??___xxtofl+1)^0,c
  3932   000B00  6A05               	clrf	??___xxtofl^0,c
  3933   000B02  5005               	movf	??___xxtofl^0,w,c
  3934   000B04  120B               	iorwf	___xxtofl@arg^0,f,c
  3935   000B06  5006               	movf	(??___xxtofl+1)^0,w,c
  3936   000B08  120C               	iorwf	(___xxtofl@arg+1)^0,f,c
  3937   000B0A  5007               	movf	(??___xxtofl+2)^0,w,c
  3938   000B0C  120D               	iorwf	(___xxtofl@arg+2)^0,f,c
  3939   000B0E  5008               	movf	(??___xxtofl+3)^0,w,c
  3940   000B10  120E               	iorwf	(___xxtofl@arg+3)^0,f,c
  3941   000B12  5009               	movf	___xxtofl@sign^0,w,c
  3942   000B14  B4D8               	btfsc	status,2,c
  3943   000B16  EF8F  F005         	goto	u1051
  3944   000B1A  EF91  F005         	goto	u1050
  3945   000B1E                     u1051:
  3946   000B1E  EF99  F005         	goto	l1702
  3947   000B22                     u1050:
  3948   000B22  BE04               	btfsc	(___xxtofl@val+3)^0,7,c
  3949   000B24  EF98  F005         	goto	u1060
  3950   000B28  EF96  F005         	goto	u1061
  3951   000B2C                     u1061:
  3952   000B2C  EF99  F005         	goto	l1702
  3953   000B30                     u1060:
  3954   000B30  8E0E               	bsf	(___xxtofl@arg+3)^0,7,c
  3955   000B32                     l1702:
  3956   000B32  C00B  F001         	movff	___xxtofl@arg,?___xxtofl
  3957   000B36  C00C  F002         	movff	___xxtofl@arg+1,?___xxtofl+1
  3958   000B3A  C00D  F003         	movff	___xxtofl@arg+2,?___xxtofl+2
  3959   000B3E  C00E  F004         	movff	___xxtofl@arg+3,?___xxtofl+3
  3960   000B42                     l999:
  3961   000B42  0012               	return		;funcret
  3962   000B44                     __end_of___xxtofl:
  3963                           	callstack 0
  3964                           
  3965 ;; *************** function ___fltol *****************
  3966 ;; Defined at:
  3967 ;;		line 43 in file "C:\Program Files\Microchip\xc8\v3.10\pic\sources\c99\common\fltol.c"
  3968 ;; Parameters:    Size  Location     Type
  3969 ;;  f1              4   39[COMRAM] unsigned char 
  3970 ;; Auto vars:     Size  Location     Type
  3971 ;;  exp1            1   48[COMRAM] unsigned char 
  3972 ;;  sign1           1   47[COMRAM] unsigned char 
  3973 ;; Return value:  Size  Location     Type
  3974 ;;                  4   39[COMRAM] long 
  3975 ;; Registers used:
  3976 ;;		wreg, status,2, status,0
  3977 ;; Tracked objects:
  3978 ;;		On entry : 0/0
  3979 ;;		On exit  : 0/0
  3980 ;;		Unchanged: 0/0
  3981 ;; Data sizes:     COMRAM   BANK0   BANK1   BANK2   BANK3   BANK4   BANK5
  3982 ;;      Params:         4       0       0       0       0       0       0
  3983 ;;      Locals:         2       0       0       0       0       0       0
  3984 ;;      Temps:          4       0       0       0       0       0       0
  3985 ;;      Totals:        10       0       0       0       0       0       0
  3986 ;;Total ram usage:       10 bytes
  3987 ;; Hardware stack levels used: 1
  3988 ;; This function calls:
  3989 ;;		Nothing
  3990 ;; This function is called by:
  3991 ;;		_get_rpm
  3992 ;; This function uses a non-reentrant model
  3993 ;;
  3994                           
  3995                           	psect	text10
  3996   000C4C                     __ptext10:
  3997                           	callstack 0
  3998   000C4C                     ___fltol:
  3999                           	callstack 29
  4000   000C4C  342A               	rlcf	(___fltol@f1+2)^0,w,c
  4001   000C4E  342B               	rlcf	(___fltol@f1+3)^0,w,c
  4002   000C50  6E31               	movwf	___fltol@exp1^0,c
  4003   000C52  5031               	movf	___fltol@exp1^0,w,c
  4004   000C54  A4D8               	btfss	status,2,c
  4005   000C56  EF2F  F006         	goto	u901
  4006   000C5A  EF31  F006         	goto	u900
  4007   000C5E                     u901:
  4008   000C5E  EF3B  F006         	goto	l1622
  4009   000C62                     u900:
  4010   000C62                     l1618:
  4011   000C62  0E00               	movlw	0
  4012   000C64  6E28               	movwf	?___fltol^0,c
  4013   000C66  0E00               	movlw	0
  4014   000C68  6E29               	movwf	(?___fltol+1)^0,c
  4015   000C6A  0E00               	movlw	0
  4016   000C6C  6E2A               	movwf	(?___fltol+2)^0,c
  4017   000C6E  0E00               	movlw	0
  4018   000C70  6E2B               	movwf	(?___fltol+3)^0,c
  4019   000C72  EFA8  F006         	goto	l638
  4020   000C76                     l1622:
  4021   000C76  C028  F02C         	movff	___fltol@f1,??___fltol
  4022   000C7A  C029  F02D         	movff	___fltol@f1+1,??___fltol+1
  4023   000C7E  C02A  F02E         	movff	___fltol@f1+2,??___fltol+2
  4024   000C82  C02B  F02F         	movff	___fltol@f1+3,??___fltol+3
  4025   000C86  0E20               	movlw	32
  4026   000C88  EF4B  F006         	goto	u910
  4027   000C8C                     u915:
  4028   000C8C  90D8               	bcf	status,0,c
  4029   000C8E  322F               	rrcf	(??___fltol+3)^0,f,c
  4030   000C90  322E               	rrcf	(??___fltol+2)^0,f,c
  4031   000C92  322D               	rrcf	(??___fltol+1)^0,f,c
  4032   000C94  322C               	rrcf	??___fltol^0,f,c
  4033   000C96                     u910:
  4034   000C96  2EE8               	decfsz	wreg,f,c
  4035   000C98  EF46  F006         	goto	u915
  4036   000C9C  502C               	movf	??___fltol^0,w,c
  4037   000C9E  6E30               	movwf	___fltol@sign1^0,c
  4038   000CA0  8E2A               	bsf	(___fltol@f1+2)^0,7,c
  4039   000CA2  0EFF               	movlw	255
  4040   000CA4  1628               	andwf	___fltol@f1^0,f,c
  4041   000CA6  0EFF               	movlw	255
  4042   000CA8  1629               	andwf	(___fltol@f1+1)^0,f,c
  4043   000CAA  0EFF               	movlw	255
  4044   000CAC  162A               	andwf	(___fltol@f1+2)^0,f,c
  4045   000CAE  0E00               	movlw	0
  4046   000CB0  162B               	andwf	(___fltol@f1+3)^0,f,c
  4047   000CB2  0E96               	movlw	150
  4048   000CB4  5E31               	subwf	___fltol@exp1^0,f,c
  4049   000CB6  BE31               	btfsc	___fltol@exp1^0,7,c
  4050   000CB8  EF62  F006         	goto	u920
  4051   000CBC  EF60  F006         	goto	u921
  4052   000CC0                     u921:
  4053   000CC0  EF78  F006         	goto	l1642
  4054   000CC4                     u920:
  4055   000CC4  5031               	movf	___fltol@exp1^0,w,c
  4056   000CC6  0A80               	xorlw	128
  4057   000CC8  0F97               	addlw	151
  4058   000CCA  B0D8               	btfsc	status,0,c
  4059   000CCC  EF6A  F006         	goto	u931
  4060   000CD0  EF6C  F006         	goto	u930
  4061   000CD4                     u931:
  4062   000CD4  EF6E  F006         	goto	l1638
  4063   000CD8                     u930:
  4064   000CD8  EF31  F006         	goto	l1618
  4065   000CDC                     l1638:
  4066   000CDC  90D8               	bcf	status,0,c
  4067   000CDE  322B               	rrcf	(___fltol@f1+3)^0,f,c
  4068   000CE0  322A               	rrcf	(___fltol@f1+2)^0,f,c
  4069   000CE2  3229               	rrcf	(___fltol@f1+1)^0,f,c
  4070   000CE4  3228               	rrcf	___fltol@f1^0,f,c
  4071   000CE6  3E31               	incfsz	___fltol@exp1^0,f,c
  4072   000CE8  EF6E  F006         	goto	l1638
  4073   000CEC  EF90  F006         	goto	l1652
  4074   000CF0                     l1642:
  4075   000CF0  0E1F               	movlw	31
  4076   000CF2  6431               	cpfsgt	___fltol@exp1^0,c
  4077   000CF4  EF7E  F006         	goto	u941
  4078   000CF8  EF80  F006         	goto	u940
  4079   000CFC                     u941:
  4080   000CFC  EF88  F006         	goto	l1650
  4081   000D00                     u940:
  4082   000D00  EF31  F006         	goto	l1618
  4083   000D04                     l1648:
  4084   000D04  90D8               	bcf	status,0,c
  4085   000D06  3628               	rlcf	___fltol@f1^0,f,c
  4086   000D08  3629               	rlcf	(___fltol@f1+1)^0,f,c
  4087   000D0A  362A               	rlcf	(___fltol@f1+2)^0,f,c
  4088   000D0C  362B               	rlcf	(___fltol@f1+3)^0,f,c
  4089   000D0E  0631               	decf	___fltol@exp1^0,f,c
  4090   000D10                     l1650:
  4091   000D10  5031               	movf	___fltol@exp1^0,w,c
  4092   000D12  A4D8               	btfss	status,2,c
  4093   000D14  EF8E  F006         	goto	u951
  4094   000D18  EF90  F006         	goto	u950
  4095   000D1C                     u951:
  4096   000D1C  EF82  F006         	goto	l1648
  4097   000D20                     u950:
  4098   000D20                     l1652:
  4099   000D20  5030               	movf	___fltol@sign1^0,w,c
  4100   000D22  B4D8               	btfsc	status,2,c
  4101   000D24  EF96  F006         	goto	u961
  4102   000D28  EF98  F006         	goto	u960
  4103   000D2C                     u961:
  4104   000D2C  EFA0  F006         	goto	l1656
  4105   000D30                     u960:
  4106   000D30  1E2B               	comf	(___fltol@f1+3)^0,f,c
  4107   000D32  1E2A               	comf	(___fltol@f1+2)^0,f,c
  4108   000D34  1E29               	comf	(___fltol@f1+1)^0,f,c
  4109   000D36  6C28               	negf	___fltol@f1^0,c
  4110   000D38  0E00               	movlw	0
  4111   000D3A  2229               	addwfc	(___fltol@f1+1)^0,f,c
  4112   000D3C  222A               	addwfc	(___fltol@f1+2)^0,f,c
  4113   000D3E  222B               	addwfc	(___fltol@f1+3)^0,f,c
  4114   000D40                     l1656:
  4115   000D40  C028  F028         	movff	___fltol@f1,?___fltol
  4116   000D44  C029  F029         	movff	___fltol@f1+1,?___fltol+1
  4117   000D48  C02A  F02A         	movff	___fltol@f1+2,?___fltol+2
  4118   000D4C  C02B  F02B         	movff	___fltol@f1+3,?___fltol+3
  4119   000D50                     l638:
  4120   000D50  0012               	return		;funcret
  4121   000D52                     __end_of___fltol:
  4122                           	callstack 0
  4123                           
  4124 ;; *************** function ___fldiv *****************
  4125 ;; Defined at:
  4126 ;;		line 11 in file "C:\Program Files\Microchip\xc8\v3.10\pic\sources\c99\common\sprcdiv.c"
  4127 ;; Parameters:    Size  Location     Type
  4128 ;;  b               4   14[COMRAM] long 
  4129 ;;  a               4   18[COMRAM] long 
  4130 ;; Auto vars:     Size  Location     Type
  4131 ;;  grs             4   33[COMRAM] unsigned long 
  4132 ;;  rem             4   26[COMRAM] unsigned long 
  4133 ;;  new_exp         2   31[COMRAM] short 
  4134 ;;  aexp            1   38[COMRAM] unsigned char 
  4135 ;;  bexp            1   37[COMRAM] unsigned char 
  4136 ;;  sign            1   30[COMRAM] unsigned char 
  4137 ;; Return value:  Size  Location     Type
  4138 ;;                  4   14[COMRAM] unsigned char 
  4139 ;; Registers used:
  4140 ;;		wreg, status,2, status,0
  4141 ;; Tracked objects:
  4142 ;;		On entry : 0/0
  4143 ;;		On exit  : 0/0
  4144 ;;		Unchanged: 0/0
  4145 ;; Data sizes:     COMRAM   BANK0   BANK1   BANK2   BANK3   BANK4   BANK5
  4146 ;;      Params:         8       0       0       0       0       0       0
  4147 ;;      Locals:        13       0       0       0       0       0       0
  4148 ;;      Temps:          4       0       0       0       0       0       0
  4149 ;;      Totals:        25       0       0       0       0       0       0
  4150 ;;Total ram usage:       25 bytes
  4151 ;; Hardware stack levels used: 1
  4152 ;; This function calls:
  4153 ;;		Nothing
  4154 ;; This function is called by:
  4155 ;;		_get_rpm
  4156 ;; This function uses a non-reentrant model
  4157 ;;
  4158                           
  4159                           	psect	text11
  4160   000602                     __ptext11:
  4161                           	callstack 0
  4162   000602                     ___fldiv:
  4163                           	callstack 29
  4164   000602  5012               	movf	(___fldiv@b+3)^0,w,c
  4165   000604  0B80               	andlw	128
  4166   000606  6E1F               	movwf	___fldiv@sign^0,c
  4167   000608  5012               	movf	(___fldiv@b+3)^0,w,c
  4168   00060A  2412               	addwf	(___fldiv@b+3)^0,w,c
  4169   00060C  6E26               	movwf	___fldiv@bexp^0,c
  4170   00060E  AE11               	btfss	(___fldiv@b+2)^0,7,c
  4171   000610  EF0C  F003         	goto	u671
  4172   000614  EF0E  F003         	goto	u670
  4173   000618                     u671:
  4174   000618  EF0F  F003         	goto	l1486
  4175   00061C                     u670:
  4176   00061C  8026               	bsf	___fldiv@bexp^0,0,c
  4177   00061E                     l1486:
  4178   00061E  5026               	movf	___fldiv@bexp^0,w,c
  4179   000620  B4D8               	btfsc	status,2,c
  4180   000622  EF15  F003         	goto	u681
  4181   000626  EF17  F003         	goto	u680
  4182   00062A                     u681:
  4183   00062A  EF2B  F003         	goto	l1496
  4184   00062E                     u680:
  4185   00062E  2826               	incf	___fldiv@bexp^0,w,c
  4186   000630  A4D8               	btfss	status,2,c
  4187   000632  EF1D  F003         	goto	u691
  4188   000636  EF1F  F003         	goto	u690
  4189   00063A                     u691:
  4190   00063A  EF27  F003         	goto	l1492
  4191   00063E                     u690:
  4192   00063E  0E00               	movlw	0
  4193   000640  6E0F               	movwf	___fldiv@b^0,c
  4194   000642  0E00               	movlw	0
  4195   000644  6E10               	movwf	(___fldiv@b+1)^0,c
  4196   000646  0E00               	movlw	0
  4197   000648  6E11               	movwf	(___fldiv@b+2)^0,c
  4198   00064A  0E00               	movlw	0
  4199   00064C  6E12               	movwf	(___fldiv@b+3)^0,c
  4200   00064E                     l1492:
  4201   00064E  8E11               	bsf	(___fldiv@b+2)^0,7,c
  4202   000650  6A12               	clrf	(___fldiv@b+3)^0,c
  4203   000652  EF33  F003         	goto	l1498
  4204   000656                     l1496:
  4205   000656  0E00               	movlw	0
  4206   000658  6E0F               	movwf	___fldiv@b^0,c
  4207   00065A  0E00               	movlw	0
  4208   00065C  6E10               	movwf	(___fldiv@b+1)^0,c
  4209   00065E  0E00               	movlw	0
  4210   000660  6E11               	movwf	(___fldiv@b+2)^0,c
  4211   000662  0E00               	movlw	0
  4212   000664  6E12               	movwf	(___fldiv@b+3)^0,c
  4213   000666                     l1498:
  4214   000666  5016               	movf	(___fldiv@a+3)^0,w,c
  4215   000668  0B80               	andlw	128
  4216   00066A  1A1F               	xorwf	___fldiv@sign^0,f,c
  4217   00066C  5016               	movf	(___fldiv@a+3)^0,w,c
  4218   00066E  2416               	addwf	(___fldiv@a+3)^0,w,c
  4219   000670  6E27               	movwf	___fldiv@aexp^0,c
  4220   000672  AE15               	btfss	(___fldiv@a+2)^0,7,c
  4221   000674  EF3E  F003         	goto	u701
  4222   000678  EF40  F003         	goto	u700
  4223   00067C                     u701:
  4224   00067C  EF41  F003         	goto	l1506
  4225   000680                     u700:
  4226   000680  8027               	bsf	___fldiv@aexp^0,0,c
  4227   000682                     l1506:
  4228   000682  5027               	movf	___fldiv@aexp^0,w,c
  4229   000684  B4D8               	btfsc	status,2,c
  4230   000686  EF47  F003         	goto	u711
  4231   00068A  EF49  F003         	goto	u710
  4232   00068E                     u711:
  4233   00068E  EF5D  F003         	goto	l1516
  4234   000692                     u710:
  4235   000692  2827               	incf	___fldiv@aexp^0,w,c
  4236   000694  A4D8               	btfss	status,2,c
  4237   000696  EF4F  F003         	goto	u721
  4238   00069A  EF51  F003         	goto	u720
  4239   00069E                     u721:
  4240   00069E  EF59  F003         	goto	l1512
  4241   0006A2                     u720:
  4242   0006A2  0E00               	movlw	0
  4243   0006A4  6E13               	movwf	___fldiv@a^0,c
  4244   0006A6  0E00               	movlw	0
  4245   0006A8  6E14               	movwf	(___fldiv@a+1)^0,c
  4246   0006AA  0E00               	movlw	0
  4247   0006AC  6E15               	movwf	(___fldiv@a+2)^0,c
  4248   0006AE  0E00               	movlw	0
  4249   0006B0  6E16               	movwf	(___fldiv@a+3)^0,c
  4250   0006B2                     l1512:
  4251   0006B2  8E15               	bsf	(___fldiv@a+2)^0,7,c
  4252   0006B4  6A16               	clrf	(___fldiv@a+3)^0,c
  4253   0006B6  EF65  F003         	goto	l1518
  4254   0006BA                     l1516:
  4255   0006BA  0E00               	movlw	0
  4256   0006BC  6E13               	movwf	___fldiv@a^0,c
  4257   0006BE  0E00               	movlw	0
  4258   0006C0  6E14               	movwf	(___fldiv@a+1)^0,c
  4259   0006C2  0E00               	movlw	0
  4260   0006C4  6E15               	movwf	(___fldiv@a+2)^0,c
  4261   0006C6  0E00               	movlw	0
  4262   0006C8  6E16               	movwf	(___fldiv@a+3)^0,c
  4263   0006CA                     l1518:
  4264   0006CA  5013               	movf	___fldiv@a^0,w,c
  4265   0006CC  1014               	iorwf	(___fldiv@a+1)^0,w,c
  4266   0006CE  1015               	iorwf	(___fldiv@a+2)^0,w,c
  4267   0006D0  1016               	iorwf	(___fldiv@a+3)^0,w,c
  4268   0006D2  A4D8               	btfss	status,2,c
  4269   0006D4  EF6E  F003         	goto	u731
  4270   0006D8  EF70  F003         	goto	u730
  4271   0006DC                     u731:
  4272   0006DC  EF88  F003         	goto	l1530
  4273   0006E0                     u730:
  4274   0006E0  0E00               	movlw	0
  4275   0006E2  6E0F               	movwf	___fldiv@b^0,c
  4276   0006E4  0E00               	movlw	0
  4277   0006E6  6E10               	movwf	(___fldiv@b+1)^0,c
  4278   0006E8  0E00               	movlw	0
  4279   0006EA  6E11               	movwf	(___fldiv@b+2)^0,c
  4280   0006EC  0E00               	movlw	0
  4281   0006EE  6E12               	movwf	(___fldiv@b+3)^0,c
  4282   0006F0  0E80               	movlw	128
  4283   0006F2  1211               	iorwf	(___fldiv@b+2)^0,f,c
  4284   0006F4  0E7F               	movlw	127
  4285   0006F6  1212               	iorwf	(___fldiv@b+3)^0,f,c
  4286   0006F8                     l1524:
  4287   0006F8  501F               	movf	___fldiv@sign^0,w,c
  4288   0006FA  1212               	iorwf	(___fldiv@b+3)^0,f,c
  4289   0006FC  C00F  F00F         	movff	___fldiv@b,?___fldiv
  4290   000700  C010  F010         	movff	___fldiv@b+1,?___fldiv+1
  4291   000704  C011  F011         	movff	___fldiv@b+2,?___fldiv+2
  4292   000708  C012  F012         	movff	___fldiv@b+3,?___fldiv+3
  4293   00070C  EFC7  F004         	goto	l923
  4294   000710                     l1530:
  4295   000710  5026               	movf	___fldiv@bexp^0,w,c
  4296   000712  A4D8               	btfss	status,2,c
  4297   000714  EF8E  F003         	goto	u741
  4298   000718  EF90  F003         	goto	u740
  4299   00071C                     u741:
  4300   00071C  EF9A  F003         	goto	l1538
  4301   000720                     u740:
  4302   000720  0E00               	movlw	0
  4303   000722  6E0F               	movwf	?___fldiv^0,c
  4304   000724  0E00               	movlw	0
  4305   000726  6E10               	movwf	(?___fldiv+1)^0,c
  4306   000728  0E00               	movlw	0
  4307   00072A  6E11               	movwf	(?___fldiv+2)^0,c
  4308   00072C  0E00               	movlw	0
  4309   00072E  6E12               	movwf	(?___fldiv+3)^0,c
  4310   000730  EFC7  F004         	goto	l923
  4311   000734                     l1538:
  4312   000734  5027               	movf	___fldiv@aexp^0,w,c
  4313   000736  C026  F017         	movff	___fldiv@bexp,??___fldiv
  4314   00073A  6A18               	clrf	(??___fldiv+1)^0,c
  4315   00073C  5E17               	subwf	??___fldiv^0,f,c
  4316   00073E  0E00               	movlw	0
  4317   000740  5A18               	subwfb	(??___fldiv+1)^0,f,c
  4318   000742  0E7F               	movlw	127
  4319   000744  2417               	addwf	??___fldiv^0,w,c
  4320   000746  6E20               	movwf	___fldiv@new_exp^0,c
  4321   000748  0E00               	movlw	0
  4322   00074A  2018               	addwfc	(??___fldiv+1)^0,w,c
  4323   00074C  6E21               	movwf	(___fldiv@new_exp+1)^0,c
  4324   00074E  C00F  F01B         	movff	___fldiv@b,___fldiv@rem
  4325   000752  C010  F01C         	movff	___fldiv@b+1,___fldiv@rem+1
  4326   000756  C011  F01D         	movff	___fldiv@b+2,___fldiv@rem+2
  4327   00075A  C012  F01E         	movff	___fldiv@b+3,___fldiv@rem+3
  4328   00075E  0E00               	movlw	0
  4329   000760  6E0F               	movwf	___fldiv@b^0,c
  4330   000762  0E00               	movlw	0
  4331   000764  6E10               	movwf	(___fldiv@b+1)^0,c
  4332   000766  0E00               	movlw	0
  4333   000768  6E11               	movwf	(___fldiv@b+2)^0,c
  4334   00076A  0E00               	movlw	0
  4335   00076C  6E12               	movwf	(___fldiv@b+3)^0,c
  4336   00076E  0E00               	movlw	0
  4337   000770  6E22               	movwf	___fldiv@grs^0,c
  4338   000772  0E00               	movlw	0
  4339   000774  6E23               	movwf	(___fldiv@grs+1)^0,c
  4340   000776  0E00               	movlw	0
  4341   000778  6E24               	movwf	(___fldiv@grs+2)^0,c
  4342   00077A  0E00               	movlw	0
  4343   00077C  6E25               	movwf	(___fldiv@grs+3)^0,c
  4344   00077E  6A27               	clrf	___fldiv@aexp^0,c
  4345   000780  EFFA  F003         	goto	l925
  4346   000784                     l1548:
  4347   000784  5027               	movf	___fldiv@aexp^0,w,c
  4348   000786  B4D8               	btfsc	status,2,c
  4349   000788  EFC8  F003         	goto	u751
  4350   00078C  EFCA  F003         	goto	u750
  4351   000790                     u751:
  4352   000790  EFE1  F003         	goto	l1556
  4353   000794                     u750:
  4354   000794  90D8               	bcf	status,0,c
  4355   000796  361B               	rlcf	___fldiv@rem^0,f,c
  4356   000798  361C               	rlcf	(___fldiv@rem+1)^0,f,c
  4357   00079A  361D               	rlcf	(___fldiv@rem+2)^0,f,c
  4358   00079C  361E               	rlcf	(___fldiv@rem+3)^0,f,c
  4359   00079E  90D8               	bcf	status,0,c
  4360   0007A0  360F               	rlcf	___fldiv@b^0,f,c
  4361   0007A2  3610               	rlcf	(___fldiv@b+1)^0,f,c
  4362   0007A4  3611               	rlcf	(___fldiv@b+2)^0,f,c
  4363   0007A6  3612               	rlcf	(___fldiv@b+3)^0,f,c
  4364   0007A8  AE25               	btfss	(___fldiv@grs+3)^0,7,c
  4365   0007AA  EFD9  F003         	goto	u761
  4366   0007AE  EFDB  F003         	goto	u760
  4367   0007B2                     u761:
  4368   0007B2  EFDC  F003         	goto	l928
  4369   0007B6                     u760:
  4370   0007B6  800F               	bsf	___fldiv@b^0,0,c
  4371   0007B8                     l928:
  4372   0007B8  90D8               	bcf	status,0,c
  4373   0007BA  3622               	rlcf	___fldiv@grs^0,f,c
  4374   0007BC  3623               	rlcf	(___fldiv@grs+1)^0,f,c
  4375   0007BE  3624               	rlcf	(___fldiv@grs+2)^0,f,c
  4376   0007C0  3625               	rlcf	(___fldiv@grs+3)^0,f,c
  4377   0007C2                     l1556:
  4378   0007C2  5013               	movf	___fldiv@a^0,w,c
  4379   0007C4  5C1B               	subwf	___fldiv@rem^0,w,c
  4380   0007C6  5014               	movf	(___fldiv@a+1)^0,w,c
  4381   0007C8  581C               	subwfb	(___fldiv@rem+1)^0,w,c
  4382   0007CA  5015               	movf	(___fldiv@a+2)^0,w,c
  4383   0007CC  581D               	subwfb	(___fldiv@rem+2)^0,w,c
  4384   0007CE  5016               	movf	(___fldiv@a+3)^0,w,c
  4385   0007D0  581E               	subwfb	(___fldiv@rem+3)^0,w,c
  4386   0007D2  A0D8               	btfss	status,0,c
  4387   0007D4  EFEE  F003         	goto	u771
  4388   0007D8  EFF0  F003         	goto	u770
  4389   0007DC                     u771:
  4390   0007DC  EFF9  F003         	goto	l1562
  4391   0007E0                     u770:
  4392   0007E0  8C25               	bsf	(___fldiv@grs+3)^0,6,c
  4393   0007E2  5013               	movf	___fldiv@a^0,w,c
  4394   0007E4  5E1B               	subwf	___fldiv@rem^0,f,c
  4395   0007E6  5014               	movf	(___fldiv@a+1)^0,w,c
  4396   0007E8  5A1C               	subwfb	(___fldiv@rem+1)^0,f,c
  4397   0007EA  5015               	movf	(___fldiv@a+2)^0,w,c
  4398   0007EC  5A1D               	subwfb	(___fldiv@rem+2)^0,f,c
  4399   0007EE  5016               	movf	(___fldiv@a+3)^0,w,c
  4400   0007F0  5A1E               	subwfb	(___fldiv@rem+3)^0,f,c
  4401   0007F2                     l1562:
  4402   0007F2  2A27               	incf	___fldiv@aexp^0,f,c
  4403   0007F4                     l925:
  4404   0007F4  0E19               	movlw	25
  4405   0007F6  6427               	cpfsgt	___fldiv@aexp^0,c
  4406   0007F8  EF00  F004         	goto	u781
  4407   0007FC  EF02  F004         	goto	u780
  4408   000800                     u781:
  4409   000800  EFC2  F003         	goto	l1548
  4410   000804                     u780:
  4411   000804  501B               	movf	___fldiv@rem^0,w,c
  4412   000806  101C               	iorwf	(___fldiv@rem+1)^0,w,c
  4413   000808  101D               	iorwf	(___fldiv@rem+2)^0,w,c
  4414   00080A  101E               	iorwf	(___fldiv@rem+3)^0,w,c
  4415   00080C  B4D8               	btfsc	status,2,c
  4416   00080E  EF0B  F004         	goto	u791
  4417   000812  EF0D  F004         	goto	u790
  4418   000816                     u791:
  4419   000816  EF25  F004         	goto	l1574
  4420   00081A                     u790:
  4421   00081A  8022               	bsf	___fldiv@grs^0,0,c
  4422   00081C  EF25  F004         	goto	l1574
  4423   000820                     l1568:
  4424   000820  90D8               	bcf	status,0,c
  4425   000822  360F               	rlcf	___fldiv@b^0,f,c
  4426   000824  3610               	rlcf	(___fldiv@b+1)^0,f,c
  4427   000826  3611               	rlcf	(___fldiv@b+2)^0,f,c
  4428   000828  3612               	rlcf	(___fldiv@b+3)^0,f,c
  4429   00082A  AE25               	btfss	(___fldiv@grs+3)^0,7,c
  4430   00082C  EF1A  F004         	goto	u801
  4431   000830  EF1C  F004         	goto	u800
  4432   000834                     u801:
  4433   000834  EF1D  F004         	goto	l934
  4434   000838                     u800:
  4435   000838  800F               	bsf	___fldiv@b^0,0,c
  4436   00083A                     l934:
  4437   00083A  90D8               	bcf	status,0,c
  4438   00083C  3622               	rlcf	___fldiv@grs^0,f,c
  4439   00083E  3623               	rlcf	(___fldiv@grs+1)^0,f,c
  4440   000840  3624               	rlcf	(___fldiv@grs+2)^0,f,c
  4441   000842  3625               	rlcf	(___fldiv@grs+3)^0,f,c
  4442   000844  0620               	decf	___fldiv@new_exp^0,f,c
  4443   000846  A0D8               	btfss	status,0,c
  4444   000848  0621               	decf	(___fldiv@new_exp+1)^0,f,c
  4445   00084A                     l1574:
  4446   00084A  AE11               	btfss	(___fldiv@b+2)^0,7,c
  4447   00084C  EF2A  F004         	goto	u811
  4448   000850  EF2C  F004         	goto	u810
  4449   000854                     u811:
  4450   000854  EF10  F004         	goto	l1568
  4451   000858                     u810:
  4452   000858  6A27               	clrf	___fldiv@aexp^0,c
  4453   00085A  AE25               	btfss	(___fldiv@grs+3)^0,7,c
  4454   00085C  EF32  F004         	goto	u821
  4455   000860  EF34  F004         	goto	u820
  4456   000864                     u821:
  4457   000864  EF58  F004         	goto	l936
  4458   000868                     u820:
  4459   000868  0EFF               	movlw	255
  4460   00086A  1422               	andwf	___fldiv@grs^0,w,c
  4461   00086C  6E17               	movwf	??___fldiv^0,c
  4462   00086E  0EFF               	movlw	255
  4463   000870  1423               	andwf	(___fldiv@grs+1)^0,w,c
  4464   000872  6E18               	movwf	(??___fldiv+1)^0,c
  4465   000874  0EFF               	movlw	255
  4466   000876  1424               	andwf	(___fldiv@grs+2)^0,w,c
  4467   000878  6E19               	movwf	(??___fldiv+2)^0,c
  4468   00087A  0E7F               	movlw	127
  4469   00087C  1425               	andwf	(___fldiv@grs+3)^0,w,c
  4470   00087E  6E1A               	movwf	(??___fldiv+3)^0,c
  4471   000880  5017               	movf	??___fldiv^0,w,c
  4472   000882  1018               	iorwf	(??___fldiv+1)^0,w,c
  4473   000884  1019               	iorwf	(??___fldiv+2)^0,w,c
  4474   000886  101A               	iorwf	(??___fldiv+3)^0,w,c
  4475   000888  B4D8               	btfsc	status,2,c
  4476   00088A  EF49  F004         	goto	u831
  4477   00088E  EF4B  F004         	goto	u830
  4478   000892                     u831:
  4479   000892  EF4F  F004         	goto	l937
  4480   000896                     u830:
  4481   000896                     l1578:
  4482   000896  0E01               	movlw	1
  4483   000898  6E27               	movwf	___fldiv@aexp^0,c
  4484   00089A  EF58  F004         	goto	l936
  4485   00089E                     l937:
  4486   00089E  A00F               	btfss	___fldiv@b^0,0,c
  4487   0008A0  EF54  F004         	goto	u841
  4488   0008A4  EF56  F004         	goto	u840
  4489   0008A8                     u841:
  4490   0008A8  EF58  F004         	goto	l936
  4491   0008AC                     u840:
  4492   0008AC  EF4B  F004         	goto	l1578
  4493   0008B0                     l936:
  4494   0008B0  5027               	movf	___fldiv@aexp^0,w,c
  4495   0008B2  B4D8               	btfsc	status,2,c
  4496   0008B4  EF5E  F004         	goto	u851
  4497   0008B8  EF60  F004         	goto	u850
  4498   0008BC                     u851:
  4499   0008BC  EF84  F004         	goto	l1590
  4500   0008C0                     u850:
  4501   0008C0  0E01               	movlw	1
  4502   0008C2  260F               	addwf	___fldiv@b^0,f,c
  4503   0008C4  0E00               	movlw	0
  4504   0008C6  2210               	addwfc	(___fldiv@b+1)^0,f,c
  4505   0008C8  2211               	addwfc	(___fldiv@b+2)^0,f,c
  4506   0008CA  2212               	addwfc	(___fldiv@b+3)^0,f,c
  4507   0008CC  A012               	btfss	(___fldiv@b+3)^0,0,c
  4508   0008CE  EF6B  F004         	goto	u861
  4509   0008D2  EF6D  F004         	goto	u860
  4510   0008D6                     u861:
  4511   0008D6  EF84  F004         	goto	l1590
  4512   0008DA                     u860:
  4513   0008DA  C00F  F017         	movff	___fldiv@b,??___fldiv
  4514   0008DE  C010  F018         	movff	___fldiv@b+1,??___fldiv+1
  4515   0008E2  C011  F019         	movff	___fldiv@b+2,??___fldiv+2
  4516   0008E6  C012  F01A         	movff	___fldiv@b+3,??___fldiv+3
  4517   0008EA  341A               	rlcf	(??___fldiv+3)^0,w,c
  4518   0008EC  321A               	rrcf	(??___fldiv+3)^0,f,c
  4519   0008EE  3219               	rrcf	(??___fldiv+2)^0,f,c
  4520   0008F0  3218               	rrcf	(??___fldiv+1)^0,f,c
  4521   0008F2  3217               	rrcf	??___fldiv^0,f,c
  4522   0008F4  C017  F00F         	movff	??___fldiv,___fldiv@b
  4523   0008F8  C018  F010         	movff	??___fldiv+1,___fldiv@b+1
  4524   0008FC  C019  F011         	movff	??___fldiv+2,___fldiv@b+2
  4525   000900  C01A  F012         	movff	??___fldiv+3,___fldiv@b+3
  4526   000904  4A20               	infsnz	___fldiv@new_exp^0,f,c
  4527   000906  2A21               	incf	(___fldiv@new_exp+1)^0,f,c
  4528   000908                     l1590:
  4529   000908  BE21               	btfsc	(___fldiv@new_exp+1)^0,7,c
  4530   00090A  EF8F  F004         	goto	u871
  4531   00090E  5021               	movf	(___fldiv@new_exp+1)^0,w,c
  4532   000910  E108               	bnz	u870
  4533   000912  2820               	incf	___fldiv@new_exp^0,w,c
  4534   000914  A0D8               	btfss	status,0,c
  4535   000916  EF8F  F004         	goto	u871
  4536   00091A  EF91  F004         	goto	u870
  4537   00091E                     u871:
  4538   00091E  EF9C  F004         	goto	l1594
  4539   000922                     u870:
  4540   000922  0E00               	movlw	0
  4541   000924  6E21               	movwf	(___fldiv@new_exp+1)^0,c
  4542   000926  6820               	setf	___fldiv@new_exp^0,c
  4543   000928  0E00               	movlw	0
  4544   00092A  6E0F               	movwf	___fldiv@b^0,c
  4545   00092C  0E00               	movlw	0
  4546   00092E  6E10               	movwf	(___fldiv@b+1)^0,c
  4547   000930  0E00               	movlw	0
  4548   000932  6E11               	movwf	(___fldiv@b+2)^0,c
  4549   000934  0E00               	movlw	0
  4550   000936  6E12               	movwf	(___fldiv@b+3)^0,c
  4551   000938                     l1594:
  4552   000938  BE21               	btfsc	(___fldiv@new_exp+1)^0,7,c
  4553   00093A  EFA9  F004         	goto	u880
  4554   00093E  5021               	movf	(___fldiv@new_exp+1)^0,w,c
  4555   000940  E106               	bnz	u881
  4556   000942  0420               	decf	___fldiv@new_exp^0,w,c
  4557   000944  B0D8               	btfsc	status,0,c
  4558   000946  EFA7  F004         	goto	u881
  4559   00094A  EFA9  F004         	goto	u880
  4560   00094E                     u881:
  4561   00094E  EFB5  F004         	goto	l1600
  4562   000952                     u880:
  4563   000952  6A21               	clrf	(___fldiv@new_exp+1)^0,c
  4564   000954  0E00               	movlw	0
  4565   000956  6E20               	movwf	___fldiv@new_exp^0,c
  4566   000958  0E00               	movlw	0
  4567   00095A  6E0F               	movwf	___fldiv@b^0,c
  4568   00095C  0E00               	movlw	0
  4569   00095E  6E10               	movwf	(___fldiv@b+1)^0,c
  4570   000960  0E00               	movlw	0
  4571   000962  6E11               	movwf	(___fldiv@b+2)^0,c
  4572   000964  0E00               	movlw	0
  4573   000966  6E12               	movwf	(___fldiv@b+3)^0,c
  4574   000968  6A1F               	clrf	___fldiv@sign^0,c
  4575   00096A                     l1600:
  4576   00096A  C020  F026         	movff	___fldiv@new_exp,___fldiv@bexp
  4577   00096E  A026               	btfss	___fldiv@bexp^0,0,c
  4578   000970  EFBC  F004         	goto	u891
  4579   000974  EFBE  F004         	goto	u890
  4580   000978                     u891:
  4581   000978  EFC1  F004         	goto	l1606
  4582   00097C                     u890:
  4583   00097C  8E11               	bsf	(___fldiv@b+2)^0,7,c
  4584   00097E  EFC2  F004         	goto	l1608
  4585   000982                     l1606:
  4586   000982  9E11               	bcf	(___fldiv@b+2)^0,7,c
  4587   000984                     l1608:
  4588   000984  90D8               	bcf	status,0,c
  4589   000986  3026               	rrcf	___fldiv@bexp^0,w,c
  4590   000988  6E12               	movwf	(___fldiv@b+3)^0,c
  4591   00098A  EF7C  F003         	goto	l1524
  4592   00098E                     l923:
  4593   00098E  0012               	return		;funcret
  4594   000990                     __end_of___fldiv:
  4595                           	callstack 0
  4596                           
  4597 ;; *************** function _can_transmit *****************
  4598 ;; Defined at:
  4599 ;;		line 60 in file "can.c"
  4600 ;; Parameters:    Size  Location     Type
  4601 ;;  msg_id          2    4[COMRAM] unsigned short 
  4602 ;;  data            1    6[COMRAM] PTR const unsigned char 
  4603 ;;		 -> main@str(5), main@indicator(1), 
  4604 ;;  len             1    7[COMRAM] unsigned char 
  4605 ;; Auto vars:     Size  Location     Type
  4606 ;;  i               2   13[COMRAM] int 
  4607 ;;  ptr             2   11[COMRAM] PTR unsigned char 
  4608 ;;		 -> TXB0D0(1), 
  4609 ;; Return value:  Size  Location     Type
  4610 ;;                  1    wreg      void 
  4611 ;; Registers used:
  4612 ;;		wreg, fsr1l, fsr1h, fsr2l, fsr2h, status,2, status,0, cstack
  4613 ;; Tracked objects:
  4614 ;;		On entry : 0/0
  4615 ;;		On exit  : 0/0
  4616 ;;		Unchanged: 0/0
  4617 ;; Data sizes:     COMRAM   BANK0   BANK1   BANK2   BANK3   BANK4   BANK5
  4618 ;;      Params:         4       0       0       0       0       0       0
  4619 ;;      Locals:         4       0       0       0       0       0       0
  4620 ;;      Temps:          3       0       0       0       0       0       0
  4621 ;;      Totals:        11       0       0       0       0       0       0
  4622 ;;Total ram usage:       11 bytes
  4623 ;; Hardware stack levels used: 1
  4624 ;; Hardware stack levels required when called: 1
  4625 ;; This function calls:
  4626 ;;		_set_msg_id_std
  4627 ;; This function is called by:
  4628 ;;		_main
  4629 ;; This function uses a non-reentrant model
  4630 ;;
  4631                           
  4632                           	psect	text12
  4633   000EA6                     __ptext12:
  4634                           	callstack 0
  4635   000EA6                     _can_transmit:
  4636                           	callstack 29
  4637   000EA6                     
  4638                           ;can.c: 61:     uint8_t *ptr;;can.c: 62:     TXB0EIDH = 0x00;
  4639   000EA6  010F               	movlb	15	; () banked
  4640   000EA8  6B43               	clrf	67,b	;volatile
  4641                           
  4642                           ;can.c: 63:     TXB0EIDL = 0x00;
  4643   000EAA  6B44               	clrf	68,b	;volatile
  4644   000EAC                     
  4645                           ; BSR set to: 15
  4646                           ;can.c: 66:     set_msg_id_std(msg_id);
  4647   000EAC  C005  F001         	movff	can_transmit@msg_id,set_msg_id_std@id
  4648   000EB0  C006  F002         	movff	can_transmit@msg_id+1,set_msg_id_std@id+1
  4649   000EB4  EC14  F008         	call	_set_msg_id_std	;wreg free
  4650   000EB8                     
  4651                           ;can.c: 69:     TXB0DLC = len;
  4652   000EB8  C008  FF45         	movff	can_transmit@len,3909	;volatile
  4653   000EBC                     
  4654                           ;can.c: 74:     ptr = (uint8_t *) & TXB0D0;
  4655   000EBC  0E46               	movlw	70
  4656   000EBE  6E0C               	movwf	can_transmit@ptr^0,c
  4657   000EC0  0E0F               	movlw	15
  4658   000EC2  6E0D               	movwf	(can_transmit@ptr+1)^0,c
  4659   000EC4                     
  4660                           ;can.c: 75:     for (int i = 0; i < len; i++) {
  4661   000EC4  6A0F               	clrf	(can_transmit@i+1)^0,c
  4662   000EC6  0E00               	movlw	0
  4663   000EC8  6E0E               	movwf	can_transmit@i^0,c
  4664   000ECA  EF75  F007         	goto	l1726
  4665   000ECE                     l1722:
  4666                           
  4667                           ;can.c: 76:         ptr[i] = data[i];
  4668   000ECE  5007               	movf	can_transmit@data^0,w,c
  4669   000ED0  240E               	addwf	can_transmit@i^0,w,c
  4670   000ED2  6ED9               	movwf	fsr2l,c
  4671   000ED4  6ADA               	clrf	fsr2h,c
  4672   000ED6  500E               	movf	can_transmit@i^0,w,c
  4673   000ED8  240C               	addwf	can_transmit@ptr^0,w,c
  4674   000EDA  6EE1               	movwf	fsr1l,c
  4675   000EDC  500F               	movf	(can_transmit@i+1)^0,w,c
  4676   000EDE  200D               	addwfc	(can_transmit@ptr+1)^0,w,c
  4677   000EE0  6EE2               	movwf	fsr1h,c
  4678   000EE2  CFDF FFE7          	movff	indf2,indf1
  4679   000EE6                     
  4680                           ;can.c: 77:     }
  4681   000EE6  4A0E               	infsnz	can_transmit@i^0,f,c
  4682   000EE8  2A0F               	incf	(can_transmit@i+1)^0,f,c
  4683   000EEA                     l1726:
  4684   000EEA  5008               	movf	can_transmit@len^0,w,c
  4685   000EEC  6E09               	movwf	??_can_transmit^0,c
  4686   000EEE  6A0A               	clrf	(??_can_transmit+1)^0,c
  4687   000EF0  5009               	movf	??_can_transmit^0,w,c
  4688   000EF2  5C0E               	subwf	can_transmit@i^0,w,c
  4689   000EF4  500F               	movf	(can_transmit@i+1)^0,w,c
  4690   000EF6  0A80               	xorlw	128
  4691   000EF8  6E0B               	movwf	(??_can_transmit+2)^0,c
  4692   000EFA  500A               	movf	(??_can_transmit+1)^0,w,c
  4693   000EFC  0A80               	xorlw	128
  4694   000EFE  580B               	subwfb	(??_can_transmit+2)^0,w,c
  4695   000F00  A0D8               	btfss	status,0,c
  4696   000F02  EF85  F007         	goto	u1071
  4697   000F06  EF87  F007         	goto	u1070
  4698   000F0A                     u1071:
  4699   000F0A  EF67  F007         	goto	l1722
  4700   000F0E                     u1070:
  4701   000F0E                     
  4702                           ;can.c: 78:     TXB0REQ = 1;
  4703   000F0E  010F               	movlb	15	; () banked
  4704   000F10  8740               	bsf	64,3,b	;volatile
  4705   000F12                     
  4706                           ; BSR set to: 15
  4707   000F12  0012               	return		;funcret
  4708   000F14                     __end_of_can_transmit:
  4709                           	callstack 0
  4710                           
  4711 ;; *************** function _set_msg_id_std *****************
  4712 ;; Defined at:
  4713 ;;		line 53 in file "can.c"
  4714 ;; Parameters:    Size  Location     Type
  4715 ;;  id              2    0[COMRAM] unsigned int 
  4716 ;; Auto vars:     Size  Location     Type
  4717 ;;		None
  4718 ;; Return value:  Size  Location     Type
  4719 ;;                  1    wreg      void 
  4720 ;; Registers used:
  4721 ;;		wreg, status,2, status,0
  4722 ;; Tracked objects:
  4723 ;;		On entry : 0/0
  4724 ;;		On exit  : 0/0
  4725 ;;		Unchanged: 0/0
  4726 ;; Data sizes:     COMRAM   BANK0   BANK1   BANK2   BANK3   BANK4   BANK5
  4727 ;;      Params:         2       0       0       0       0       0       0
  4728 ;;      Locals:         0       0       0       0       0       0       0
  4729 ;;      Temps:          2       0       0       0       0       0       0
  4730 ;;      Totals:         4       0       0       0       0       0       0
  4731 ;;Total ram usage:        4 bytes
  4732 ;; Hardware stack levels used: 1
  4733 ;; This function calls:
  4734 ;;		Nothing
  4735 ;; This function is called by:
  4736 ;;		_can_transmit
  4737 ;; This function uses a non-reentrant model
  4738 ;;
  4739                           
  4740                           	psect	text13
  4741   001028                     __ptext13:
  4742                           	callstack 0
  4743   001028                     _set_msg_id_std:
  4744                           	callstack 29
  4745   001028                     
  4746                           ;can.c: 54:     TXB0SIDL = (id & 0x7) << 5;
  4747   001028  C001  F003         	movff	set_msg_id_std@id,??_set_msg_id_std
  4748   00102C  0E07               	movlw	7
  4749   00102E  1603               	andwf	??_set_msg_id_std^0,f,c
  4750   001030  0E05               	movlw	5
  4751   001032  6E04               	movwf	(??_set_msg_id_std+1)^0,c
  4752   001034                     u665:
  4753   001034  90D8               	bcf	status,0,c
  4754   001036  3603               	rlcf	??_set_msg_id_std^0,f,c
  4755   001038  2E04               	decfsz	(??_set_msg_id_std+1)^0,f,c
  4756   00103A  EF1A  F008         	goto	u665
  4757   00103E  5003               	movf	??_set_msg_id_std^0,w,c
  4758   001040  010F               	movlb	15	; () banked
  4759   001042  6F42               	movwf	66,b	;volatile
  4760                           
  4761                           ;can.c: 55:     TXB0SIDH = (id >> 3);
  4762   001044  C001  F003         	movff	set_msg_id_std@id,??_set_msg_id_std
  4763   001048  C002  F004         	movff	set_msg_id_std@id+1,??_set_msg_id_std+1
  4764   00104C  90D8               	bcf	status,0,c
  4765   00104E  3204               	rrcf	(??_set_msg_id_std+1)^0,f,c
  4766   001050  3203               	rrcf	??_set_msg_id_std^0,f,c
  4767   001052  90D8               	bcf	status,0,c
  4768   001054  3204               	rrcf	(??_set_msg_id_std+1)^0,f,c
  4769   001056  3203               	rrcf	??_set_msg_id_std^0,f,c
  4770   001058  90D8               	bcf	status,0,c
  4771   00105A  3204               	rrcf	(??_set_msg_id_std+1)^0,f,c
  4772   00105C  3203               	rrcf	??_set_msg_id_std^0,f,c
  4773   00105E  5003               	movf	??_set_msg_id_std^0,w,c
  4774   001060  6F41               	movwf	65,b	;volatile
  4775   001062                     
  4776                           ; BSR set to: 15
  4777   001062  0012               	return		;funcret
  4778   001064                     __end_of_set_msg_id_std:
  4779                           	callstack 0
  4780                           
  4781 ;; *************** function ___lwmod *****************
  4782 ;; Defined at:
  4783 ;;		line 7 in file "C:\Program Files\Microchip\xc8\v3.10\pic\sources\c99\common\lwmod.c"
  4784 ;; Parameters:    Size  Location     Type
  4785 ;;  dividend        2    7[COMRAM] unsigned int 
  4786 ;;  divisor         2    9[COMRAM] unsigned int 
  4787 ;; Auto vars:     Size  Location     Type
  4788 ;;  counter         1   11[COMRAM] unsigned char 
  4789 ;; Return value:  Size  Location     Type
  4790 ;;                  2    7[COMRAM] unsigned int 
  4791 ;; Registers used:
  4792 ;;		wreg, status,2, status,0
  4793 ;; Tracked objects:
  4794 ;;		On entry : 0/0
  4795 ;;		On exit  : 0/0
  4796 ;;		Unchanged: 0/0
  4797 ;; Data sizes:     COMRAM   BANK0   BANK1   BANK2   BANK3   BANK4   BANK5
  4798 ;;      Params:         4       0       0       0       0       0       0
  4799 ;;      Locals:         1       0       0       0       0       0       0
  4800 ;;      Temps:          0       0       0       0       0       0       0
  4801 ;;      Totals:         5       0       0       0       0       0       0
  4802 ;;Total ram usage:        5 bytes
  4803 ;; Hardware stack levels used: 1
  4804 ;; This function calls:
  4805 ;;		Nothing
  4806 ;; This function is called by:
  4807 ;;		_main
  4808 ;; This function uses a non-reentrant model
  4809 ;;
  4810                           
  4811                           	psect	text14
  4812   000F7E                     __ptext14:
  4813                           	callstack 0
  4814   000F7E                     ___lwmod:
  4815                           	callstack 30
  4816   000F7E  500A               	movf	___lwmod@divisor^0,w,c
  4817   000F80  100B               	iorwf	(___lwmod@divisor+1)^0,w,c
  4818   000F82  B4D8               	btfsc	status,2,c
  4819   000F84  EFC6  F007         	goto	u1111
  4820   000F88  EFC8  F007         	goto	u1110
  4821   000F8C                     u1111:
  4822   000F8C  EFEC  F007         	goto	l842
  4823   000F90                     u1110:
  4824   000F90  0E01               	movlw	1
  4825   000F92  6E0C               	movwf	___lwmod@counter^0,c
  4826   000F94  EFD0  F007         	goto	l1756
  4827   000F98                     l1754:
  4828   000F98  90D8               	bcf	status,0,c
  4829   000F9A  360A               	rlcf	___lwmod@divisor^0,f,c
  4830   000F9C  360B               	rlcf	(___lwmod@divisor+1)^0,f,c
  4831   000F9E  2A0C               	incf	___lwmod@counter^0,f,c
  4832   000FA0                     l1756:
  4833   000FA0  AE0B               	btfss	(___lwmod@divisor+1)^0,7,c
  4834   000FA2  EFD5  F007         	goto	u1121
  4835   000FA6  EFD7  F007         	goto	u1120
  4836   000FAA                     u1121:
  4837   000FAA  EFCC  F007         	goto	l1754
  4838   000FAE                     u1120:
  4839   000FAE                     l1758:
  4840   000FAE  500A               	movf	___lwmod@divisor^0,w,c
  4841   000FB0  5C08               	subwf	___lwmod@dividend^0,w,c
  4842   000FB2  500B               	movf	(___lwmod@divisor+1)^0,w,c
  4843   000FB4  5809               	subwfb	(___lwmod@dividend+1)^0,w,c
  4844   000FB6  A0D8               	btfss	status,0,c
  4845   000FB8  EFE0  F007         	goto	u1131
  4846   000FBC  EFE2  F007         	goto	u1130
  4847   000FC0                     u1131:
  4848   000FC0  EFE6  F007         	goto	l1762
  4849   000FC4                     u1130:
  4850   000FC4  500A               	movf	___lwmod@divisor^0,w,c
  4851   000FC6  5E08               	subwf	___lwmod@dividend^0,f,c
  4852   000FC8  500B               	movf	(___lwmod@divisor+1)^0,w,c
  4853   000FCA  5A09               	subwfb	(___lwmod@dividend+1)^0,f,c
  4854   000FCC                     l1762:
  4855   000FCC  90D8               	bcf	status,0,c
  4856   000FCE  320B               	rrcf	(___lwmod@divisor+1)^0,f,c
  4857   000FD0  320A               	rrcf	___lwmod@divisor^0,f,c
  4858   000FD2  2E0C               	decfsz	___lwmod@counter^0,f,c
  4859   000FD4  EFD7  F007         	goto	l1758
  4860   000FD8                     l842:
  4861   000FD8  C008  F008         	movff	___lwmod@dividend,?___lwmod
  4862   000FDC  C009  F009         	movff	___lwmod@dividend+1,?___lwmod+1
  4863   000FE0  0012               	return		;funcret
  4864   000FE2                     __end_of___lwmod:
  4865                           	callstack 0
  4866                           
  4867 ;; *************** function ___lwdiv *****************
  4868 ;; Defined at:
  4869 ;;		line 7 in file "C:\Program Files\Microchip\xc8\v3.10\pic\sources\c99\common\lwdiv.c"
  4870 ;; Parameters:    Size  Location     Type
  4871 ;;  dividend        2    0[COMRAM] unsigned int 
  4872 ;;  divisor         2    2[COMRAM] unsigned int 
  4873 ;; Auto vars:     Size  Location     Type
  4874 ;;  quotient        2    4[COMRAM] unsigned int 
  4875 ;;  counter         1    6[COMRAM] unsigned char 
  4876 ;; Return value:  Size  Location     Type
  4877 ;;                  2    0[COMRAM] unsigned int 
  4878 ;; Registers used:
  4879 ;;		wreg, status,2, status,0
  4880 ;; Tracked objects:
  4881 ;;		On entry : 0/0
  4882 ;;		On exit  : 0/0
  4883 ;;		Unchanged: 0/0
  4884 ;; Data sizes:     COMRAM   BANK0   BANK1   BANK2   BANK3   BANK4   BANK5
  4885 ;;      Params:         4       0       0       0       0       0       0
  4886 ;;      Locals:         3       0       0       0       0       0       0
  4887 ;;      Temps:          0       0       0       0       0       0       0
  4888 ;;      Totals:         7       0       0       0       0       0       0
  4889 ;;Total ram usage:        7 bytes
  4890 ;; Hardware stack levels used: 1
  4891 ;; This function calls:
  4892 ;;		Nothing
  4893 ;; This function is called by:
  4894 ;;		_main
  4895 ;; This function uses a non-reentrant model
  4896 ;;
  4897                           
  4898                           	psect	text15
  4899   000DC6                     __ptext15:
  4900                           	callstack 0
  4901   000DC6                     ___lwdiv:
  4902                           	callstack 30
  4903   000DC6  6A06               	clrf	(___lwdiv@quotient+1)^0,c
  4904   000DC8  0E00               	movlw	0
  4905   000DCA  6E05               	movwf	___lwdiv@quotient^0,c
  4906   000DCC  5003               	movf	___lwdiv@divisor^0,w,c
  4907   000DCE  1004               	iorwf	(___lwdiv@divisor+1)^0,w,c
  4908   000DD0  B4D8               	btfsc	status,2,c
  4909   000DD2  EFED  F006         	goto	u1081
  4910   000DD6  EFEF  F006         	goto	u1080
  4911   000DDA                     u1081:
  4912   000DDA  EF17  F007         	goto	l832
  4913   000DDE                     u1080:
  4914   000DDE  0E01               	movlw	1
  4915   000DE0  6E07               	movwf	___lwdiv@counter^0,c
  4916   000DE2  EFF7  F006         	goto	l1736
  4917   000DE6                     l1734:
  4918   000DE6  90D8               	bcf	status,0,c
  4919   000DE8  3603               	rlcf	___lwdiv@divisor^0,f,c
  4920   000DEA  3604               	rlcf	(___lwdiv@divisor+1)^0,f,c
  4921   000DEC  2A07               	incf	___lwdiv@counter^0,f,c
  4922   000DEE                     l1736:
  4923   000DEE  AE04               	btfss	(___lwdiv@divisor+1)^0,7,c
  4924   000DF0  EFFC  F006         	goto	u1091
  4925   000DF4  EFFE  F006         	goto	u1090
  4926   000DF8                     u1091:
  4927   000DF8  EFF3  F006         	goto	l1734
  4928   000DFC                     u1090:
  4929   000DFC                     l1738:
  4930   000DFC  90D8               	bcf	status,0,c
  4931   000DFE  3605               	rlcf	___lwdiv@quotient^0,f,c
  4932   000E00  3606               	rlcf	(___lwdiv@quotient+1)^0,f,c
  4933   000E02  5003               	movf	___lwdiv@divisor^0,w,c
  4934   000E04  5C01               	subwf	___lwdiv@dividend^0,w,c
  4935   000E06  5004               	movf	(___lwdiv@divisor+1)^0,w,c
  4936   000E08  5802               	subwfb	(___lwdiv@dividend+1)^0,w,c
  4937   000E0A  A0D8               	btfss	status,0,c
  4938   000E0C  EF0A  F007         	goto	u1101
  4939   000E10  EF0C  F007         	goto	u1100
  4940   000E14                     u1101:
  4941   000E14  EF11  F007         	goto	l1746
  4942   000E18                     u1100:
  4943   000E18  5003               	movf	___lwdiv@divisor^0,w,c
  4944   000E1A  5E01               	subwf	___lwdiv@dividend^0,f,c
  4945   000E1C  5004               	movf	(___lwdiv@divisor+1)^0,w,c
  4946   000E1E  5A02               	subwfb	(___lwdiv@dividend+1)^0,f,c
  4947   000E20  8005               	bsf	___lwdiv@quotient^0,0,c
  4948   000E22                     l1746:
  4949   000E22  90D8               	bcf	status,0,c
  4950   000E24  3204               	rrcf	(___lwdiv@divisor+1)^0,f,c
  4951   000E26  3203               	rrcf	___lwdiv@divisor^0,f,c
  4952   000E28  2E07               	decfsz	___lwdiv@counter^0,f,c
  4953   000E2A  EFFE  F006         	goto	l1738
  4954   000E2E                     l832:
  4955   000E2E  C005  F001         	movff	___lwdiv@quotient,?___lwdiv
  4956   000E32  C006  F002         	movff	___lwdiv@quotient+1,?___lwdiv+1
  4957   000E36  0012               	return		;funcret
  4958   000E38                     __end_of___lwdiv:
  4959                           	callstack 0
  4960                           
  4961                           	psect	smallconst
  4962   000600                     __psmallconst:
  4963                           	callstack 0
  4964   000600  00                 	db	0
  4965   000601  00                 	db	0	; dummy byte at the end
  4966   000600                     __smallconst    set	__psmallconst
  4967   000600                     __mediumconst   set	__psmallconst
  4968   000000                     __activetblptr  equ	0
  4969                           
  4970                           	psect	rparam
  4971   000001                     ___rparam_used  equ	1
  4972   000000                     ___param_bank   equ	0
  4973   000000                     __Lparam        equ	__Lrparam
  4974   000000                     __Hparam        equ	__Hrparam
  4975                           tosu	equ	0xFFF
  4976                           tosh	equ	0xFFE
  4977                           tosl	equ	0xFFD
  4978                           stkptr	equ	0xFFC
  4979                           pclatu	equ	0xFFB
  4980                           pclath	equ	0xFFA
  4981                           pcl	equ	0xFF9
  4982                           tblptru	equ	0xFF8
  4983                           tblptrh	equ	0xFF7
  4984                           tblptrl	equ	0xFF6
  4985                           tablat	equ	0xFF5
  4986                           prodh	equ	0xFF4
  4987                           prodl	equ	0xFF3
  4988                           indf0	equ	0xFEF
  4989                           postinc0	equ	0xFEE
  4990                           postdec0	equ	0xFED
  4991                           preinc0	equ	0xFEC
  4992                           plusw0	equ	0xFEB
  4993                           fsr0h	equ	0xFEA
  4994                           fsr0l	equ	0xFE9
  4995                           wreg	equ	0xFE8
  4996                           indf1	equ	0xFE7
  4997                           postinc1	equ	0xFE6
  4998                           postdec1	equ	0xFE5
  4999                           preinc1	equ	0xFE4
  5000                           plusw1	equ	0xFE3
  5001                           fsr1h	equ	0xFE2
  5002                           fsr1l	equ	0xFE1
  5003                           bsr	equ	0xFE0
  5004                           indf2	equ	0xFDF
  5005                           postinc2	equ	0xFDE
  5006                           postdec2	equ	0xFDD
  5007                           preinc2	equ	0xFDC
  5008                           plusw2	equ	0xFDB
  5009                           fsr2h	equ	0xFDA
  5010                           fsr2l	equ	0xFD9
  5011                           status	equ	0xFD8

Data Sizes:
    Strings     0
    Constant    0
    Data        2
    BSS         0
    Persistent  0
    Stack       0

Auto Spaces:
    Space          Size  Autos    Used
    COMRAM           95     62      64
    BANK0           160      0       0
    BANK1           256      0       0
    BANK2           256      0       0
    BANK3           256      0       0
    BANK4           256      0       0
    BANK5           256      0       0

Pointer List with Targets:

    can_transmit@data	PTR const unsigned char  size(1) Largest target is 5
		 -> main@indicator(COMRAM[1]), main@str(COMRAM[5]), 

    can_transmit@ptr	PTR unsigned char  size(2) Largest target is 1
		 -> TXB0D0(SFR_2[1]), 


Critical Paths under _main in COMRAM

    _main->_get_rpm
    _process_indicator->_read_digital_keypad
    _get_rpm->___fltol
    ___fltol->___fldiv
    ___fldiv->___xxtofl
    _can_transmit->_set_msg_id_std
    ___lwmod->___lwdiv

Critical Paths under _main in BANK0

    None.

Critical Paths under _main in BANK1

    None.

Critical Paths under _main in BANK2

    None.

Critical Paths under _main in BANK3

    None.

Critical Paths under _main in BANK4

    None.

Critical Paths under _main in BANK5

    None.

Call Graph Tables:

 ---------------------------------------------------------------------------------
 (Depth) Function   	        Calls       Base Space   Used Autos Params    Refs
 ---------------------------------------------------------------------------------
 (0) _main                                                 9     9      0    2676
                                             53 COMRAM     9     9      0
                            ___lwdiv
                            ___lwmod
                       _can_transmit
                            _get_rpm
                           _init_adc
                           _init_can
                _init_digital_keypad
                          _init_uart
                  _process_indicator
 ---------------------------------------------------------------------------------
 (1) _process_indicator                                    1     1      0      90
                                              1 COMRAM     1     1      0
                _read_digital_keypad
 ---------------------------------------------------------------------------------
 (2) _read_digital_keypad                                  1     1      0      30
                                              0 COMRAM     1     1      0
 ---------------------------------------------------------------------------------
 (1) _init_uart                                            0     0      0       0
 ---------------------------------------------------------------------------------
 (1) _init_digital_keypad                                  0     0      0       0
 ---------------------------------------------------------------------------------
 (1) _init_can                                             0     0      0       0
 ---------------------------------------------------------------------------------
 (1) _init_adc                                             0     0      0       0
 ---------------------------------------------------------------------------------
 (1) _get_rpm                                              4     2      2    1788
                                             49 COMRAM     4     2      2
                            ___fldiv
                            ___fltol
                           ___xxtofl
                           _read_adc
 ---------------------------------------------------------------------------------
 (2) _read_adc                                             7     5      2      52
                                              0 COMRAM     7     5      2
 ---------------------------------------------------------------------------------
 (2) ___xxtofl                                            14    10      4     337
                                              0 COMRAM    14    10      4
 ---------------------------------------------------------------------------------
 (2) ___fltol                                             10     6      4     230
                                             39 COMRAM    10     6      4
                            ___fldiv (ARG)
                           ___xxtofl (ARG)
 ---------------------------------------------------------------------------------
 (2) ___fldiv                                             25    17      8    1123
                                             14 COMRAM    25    17      8
                           ___xxtofl (ARG)
 ---------------------------------------------------------------------------------
 (1) _can_transmit                                        11     7      4     230
                                              4 COMRAM    11     7      4
                     _set_msg_id_std
 ---------------------------------------------------------------------------------
 (2) _set_msg_id_std                                       4     2      2      45
                                              0 COMRAM     4     2      2
 ---------------------------------------------------------------------------------
 (1) ___lwmod                                              5     1      4     167
                                              7 COMRAM     5     1      4
                            ___lwdiv (ARG)
 ---------------------------------------------------------------------------------
 (1) ___lwdiv                                              7     3      4     168
                                              0 COMRAM     7     3      4
 ---------------------------------------------------------------------------------
 Estimated maximum stack depth 2
 ---------------------------------------------------------------------------------

 Call Graph Graphs:

 _main (ROOT)
   ___lwdiv
   ___lwmod
     ___lwdiv (ARG)
   _can_transmit
     _set_msg_id_std
   _get_rpm
     ___fldiv
       ___xxtofl (ARG)
     ___fltol
       ___fldiv (ARG)
       ___xxtofl (ARG)
     ___xxtofl
     _read_adc
   _init_adc
   _init_can
   _init_digital_keypad
   _init_uart
   _process_indicator
     _read_digital_keypad

Address spaces:
Name               Size   Autos  Total    Usage
BIGRAM            1535      0       0      0.0%
BITBIGSFRllh       410      0       0      0.0%
BITBANK5           256      0       0      0.0%
BANK5              256      0       0      0.0%
BITBANK4           256      0       0      0.0%
BANK4              256      0       0      0.0%
BITBANK3           256      0       0      0.0%
BANK3              256      0       0      0.0%
BITBANK2           256      0       0      0.0%
BANK2              256      0       0      0.0%
BITBANK1           256      0       0      0.0%
BANK1              256      0       0      0.0%
BITBIGSFRlll       212      0       0      0.0%
BITBANK0           160      0       0      0.0%
BANK0              160      0       0      0.0%
BITCOMRAM           95      0       0      0.0%
COMRAM              95     62      64     67.4%
BITBIGSFRh          82      0       0      0.0%
BITBIGSFRlh         61      0       0      0.0%
STACK                0      0       0      0.0%
DATA                 0      0      64      0.0%


Microchip Technology PIC18 Macro Assembler V3.10 build 20250813170317 
Symbol Table                                                                                   Sun Jul 12 22:19:26 2026

                     ___fldiv@aexp 0027                       ___fldiv@bexp 0026  
                     ___fldiv@sign 001F                                 l31 0F7C  
                               l43 0EA4                                 l37 0EA2  
                               l94 1080                                 l95 109A  
                               _GO 7E11                                 u20 0D64  
                               u21 0D60                                 u30 0D78  
                               u31 0D74                                 u40 0D88  
                               u41 0D84                                 u50 0DA6  
                               u51 0DA2                                 u60 0DBE  
                               u61 0DBA                                l101 1062  
                              l106 0F0E                                l107 0F12  
                              l151 0FFA                                l207 10BA  
                              l161 10FC                                l154 1026  
                              l148 10F4                                l168 0DC4  
                              l638 0D50                                l832 0E2E  
                              l842 0FD8                                l923 098E  
                              l925 07F4                                l934 083A  
                              l839 0E36                                l935 0858  
                              l936 08B0                                l928 07B8  
                              l849 0FE0                                l937 089E  
                              l996 09E6                                l999 0B42  
                              u500 0E6A                                u501 0E66  
                              u510 0E84                                u511 0E80  
                              u520 0E9E                                u521 0E9A  
                              u700 0680                                u701 067C  
                              u710 0692                                u711 068E  
                              u800 0838                                u720 06A2  
                              u480 1080                                u801 0834  
                              u721 069E                                u481 107C  
                              u810 0858                                u730 06E0  
                              u650 1008                                u490 0E52  
                              u811 0854                                u731 06DC  
                              u651 1004                                u491 0E4E  
                              u820 0868                                u740 0720  
                              u900 0C62                                u821 0864  
                              u741 071C                                u901 0C5E  
                              u830 0896                                u750 0794  
                              u670 061C                                u910 0C96  
                              u831 0892                                u751 0790  
                              u671 0618                                u840 08AC  
                              u760 07B6                                u680 062E  
                              u920 0CC4                                u665 1034  
                              u841 08A8                                u761 07B2  
                              u681 062A                                u921 0CC0  
                              u850 08C0                                u770 07E0  
                              u690 063E                                u930 0CD8  
                              u851 08BC                                u771 07DC  
                              u691 063A                                u931 0CD4  
                              u915 0C8C                                u860 08DA  
                              u780 0804                                u940 0D00  
                              u861 08D6                                u781 0800  
                              u941 0CFC                                u870 0922  
                              u790 081A                                u950 0D20  
                              u871 091E                                u791 0816  
                              u951 0D1C                                u880 0952  
                              u960 0D30                                u881 094E  
                              u961 0D2C                                _RX9 7D5E  
                              u890 097C                                u970 09A2  
                              u891 0978                                u971 099E  
                              u980 09B0                                u981 09AC  
                              u990 0A0C                                u991 0A08  
                              _TX9 7D66                                wreg 0FE8  
                     ___fltol@exp1 0031                               l1010 0ADA  
                             l1003 0A7E                               l1030 0D88  
                             l1040 0DA6                               l1032 0D8A  
                             l1024 0D54                               l1026 0D64  
                             l1042 0DAE                               l1300 1082  
                             l1028 0D78                               l1302 108E  
                             l1038 0D92                               l1304 1092  
                             l1048 0DC2                               l1320 0E52  
                             l1306 1096                               l1330 0E8C  
                             l1322 0E58                               l1500 066C  
                             l1308 1098                               l1332 0E9E  
                             l1324 0E6A                               l1316 0E38  
                             l1510 06A2                               l1502 0672  
                             l1326 0E72                               l1318 0E40  
                             l1600 096A                               l1520 06E0  
                             l1512 06B2                               l1504 0680  
                             l1280 10F6                               l1328 0E84  
            ??_read_digital_keypad 0001                               l1602 096E  
                             l1522 06F0                               l1530 0710  
                             l1514 06B4                               l1506 0682  
                             l1282 10DA                               l1290 10B8  
                             l1604 097C                               l1540 074E  
                             l1532 0720                               l1524 06F8  
                             l1508 0692                               l1516 06BA  
                             l1700 0B30                               l1292 1064  
                             l1284 109C                               l1606 0982  
                             l1550 0794                               l1542 075E  
                             l1534 0720                               l1526 06FC  
                             l1518 06CA                               l1630 0CB6  
                             l1622 0C76                               l1702 0B32  
                             l1470 0FF8                               l1294 1068  
                             l1286 10B2                               l1720 0EC4  
                             l1712 0EA6                               l1608 0984  
                             l1560 07E2                               l1552 07A8  
                             l1544 076E                               l1480 0602  
                             l1640 0CE6                               l1632 0CC4  
                             l1624 0CA0                               l1616 0C4C  
                             l1472 1008                               l1296 106C  
                             l1288 10B6                               l1730 0DCC  
                             l1722 0ECE                               l1714 0EAC  
                             l1570 082A                               l1562 07F2  
                             l1554 07B6                               l1546 077E  
                             l1538 0734                               l1490 063E  
                             l1482 060E                               l1650 0D10  
                             l1642 0CF0                               l1626 0CA2  
                             l1618 0C62                               l1474 101E  
                             l1706 0F14                               l1298 106E  
                             l1740 0E02                               l1732 0DDE  
                             l1724 0EE6                               l1716 0EB8  
                             l1572 0838                               l1564 0804  
                             l1556 07C2                               l1548 0784  
                             l1492 064E                               l1484 061C  
                             l1652 0D20                               l1628 0CB2  
                             l1660 0992                               l1468 0FE4  
                             l1708 0F74                               l1742 0E18  
                             l1734 0DE6                               l1750 0F7E  
                             l1478 1028                               l1726 0EEA  
                             l1718 0EBC                               l1582 08C0  
                             l1590 0908                               l1566 081A  
                             l1574 084A                               l1558 07E0  
                             l1494 0650                               l1486 061E  
                             l1654 0D30                               l1638 0CDC  
                             l1662 09A2                               l1744 0E20  
                             l1736 0DEE                               l1728 0DC6  
                             l1760 0FC4                               l1752 0F90  
                             l1592 0922                               l1584 08CC  
                             l1576 0868                               l1568 0820  
                             l1488 062E                               l1496 0656  
                             l1656 0D40                               l1648 0D04  
                             l1680 0A68                               l1672 0A20  
                             l1664 09B0                               l1746 0E22  
                             l1738 0DFC                               l1762 0FCC  
                             l1754 0F98                               l1594 0938  
                             l1586 08DA                               l1578 0896  
                             l1498 0666                               l1690 0AE8  
                             l1682 0A74                               l1674 0A28  
                             l1666 09F6                               l1770 0B4C  
                             l1748 0E28                               l1764 0FD2  
                             l1756 0FA0                               l1596 0952  
                             l1588 0904                               l1692 0AEA  
                             l1684 0AB0                               l1676 0A34  
                             l1668 0A0C                               l1780 0B92  
                             l1772 0B50                               l1758 0FAE  
                             l1598 0968                               l1694 0AEE  
                             l1686 0ABC                               l1678 0A66  
                             l1790 0C12                               l1782 0BBC  
                             l1774 0B54                               l1766 0B44  
                             l1696 0B12                               l1688 0ACA  
                             l1792 0C22                               l1784 0BE6  
                             l1776 0B60                               l1768 0B48  
                             l1698 0B22                               l1794 0C34  
                             l1786 0BFE                               l1778 0B66  
                             l1788 0C00                               _ADFM 7E07  
                             _ADON 7E10                               _BRGH 7D62  
                             u1000 0A62                               _CREN 7D5C  
                             u1001 0A5E                               u1010 0AAC  
                             u1011 0AA8                               u1100 0E18  
                             u1020 0ACA                               u1101 0E14  
                             u1021 0AC6                               u1110 0F90  
                             u1030 0ADA                               u1111 0F8C  
                             u1031 0AD6                               u1120 0FAE  
                             u1040 0AE8                               u1121 0FAA  
                             u1041 0AE4                               u1130 0FC4  
                             u1050 0B22                               u1131 0FC0  
                             u1051 0B1E                               u1060 0B30  
                             u1061 0B2C                               u1070 0F0E  
                             u1071 0F0A                               u1080 0DDE  
                             u1081 0DDA                               u1090 0DFC  
                             u1091 0DF8                               u1147 0C18  
                             u1157 0C3A                               _RCIF 7CF5  
                             _SPEN 7D5F                               _TXEN 7D65  
                             _TXIF 7CF4                               _SYNC 7D64  
                             _main 0B44                               fsr2h 0FDA  
                             indf1 0FE7                               indf2 0FDF  
                             fsr1l 0FE1                               fsr2l 0FD9  
                             start 2FFC                    ___fldiv@new_exp 0020  
                     ___param_bank 0000                      ___fltol@sign1 0030  
                            _ADCS0 7E00                              _ADCS1 7E01  
                            _ADCS2 7E02                              ?_main 0001  
                  __end_of___fldiv 0990                              _ACQT0 7E03  
                            _ACQT1 7E04                              _ACQT2 7E05  
                            _BRG16 7DC3                    __end_of___fltol 0D52  
                  __end_of___lwdiv 0E38                    __end_of___lwmod 0FE2  
                            _VCFG0 7E0C                              _VCFG1 7E0D  
                            _RCREG 0FAE                              _SENDB 7D63  
                            _SPBRG 0FAF                              _PORTC 0F82  
                            _TRISC 0F94                              _TXREG 0FAD  
                  __end_of_get_rpm 0F7E                              tablat 0FF5  
                            status 0FD8                    __initialization 10BC  
                     __end_of_main 0C4C                             ??_main 0036  
                    __activetblptr 0000                             _ADCON0 0FC2  
                           _CANCON 0F6F                             _ADRESH 0FC4  
                           _ADRESL 0FC3                             _GODONE 7E11  
                    main@indicator 003C                             _RXB0D0 0F66  
                           _RXB0IF 7D20                             _TXB0D0 0F46  
                           _TRISB2 7C9A                             _TRISB3 7C9B  
                           _TRISC6 7CA6                             _TRISC7 7CA7  
                 __end_of___xxtofl 0B44        __end_of_init_digital_keypad 10FE  
                        ??___fldiv 0017                          ??___fltol 002C  
                    can_transmit@i 000E                          ??___lwdiv 0005  
                        ??___lwmod 000C                   __end_of_init_adc 10F6  
                 __end_of_init_can 109C                   __end_of_read_adc 1028  
                           isa$std 0001                          ??_get_rpm 0034  
                     __pdataCOMRAM 003F                       __mediumconst 0600  
                           tblptrh 0FF7                             tblptrl 0FF6  
                           tblptru 0FF8                       _can_transmit 0EA6  
                     ___xxtofl@arg 000B                       ___xxtofl@exp 000A  
                     ___xxtofl@val 0001                         __accesstop 0060  
          __end_of__initialization 10D4                      ___rparam_used 0001  
                       ___fltol@f1 0028                     __pcstackCOMRAM 0001  
                 set_msg_id_std@id 0001                            _ECANCON 0F77  
                          _CANSTAT 0F6E                            _BRGCON1 0F70  
                          _BRGCON2 0F71                            _BRGCON3 0F72  
      __end_of_read_digital_keypad 0DC6                          ?___xxtofl 0001  
                          _RXB0DLC 0F65                            _RXB0CON 0F60  
                          _RXB0FUL 7B07                            _TXB0DLC 0F45  
                          _TXB0REQ 7A03                            _RXFCON0 0DD4  
                        ?_init_adc 0001                          ?_init_can 0001  
                        ?_read_adc 0001                            __Hparam 0000  
                          __Lparam 0000                            ___fldiv 0602  
                          ___fltol 0C4C                            ___lwdiv 0DC6  
                          ___lwmod 0F7E                       __psmallconst 0600  
                          __pcinit 10BC                            __ramtop 0600  
                          __ptext0 0B44                            __ptext1 0E38  
                          __ptext2 0D52                            __ptext3 109C  
                          __ptext4 10F6                            __ptext5 1064  
                          __ptext6 10DA                            __ptext7 0F14  
                          __ptext8 0FE2                            __ptext9 0990  
                          _get_rpm 0F14                         ??___xxtofl 0005  
                __end_of_init_uart 10BC                            main@rpm 003D  
                          main@str 0037               end_of_initialization 10D4  
                       ??_init_adc 0001                         ??_init_can 0001  
                       ??_read_adc 0003                    read_adc@channel 0007  
                    ___xxtofl@sign 0009                    read_adc@reg_val 0005  
                      ___fldiv@grs 0022                        ___fldiv@rem 001B  
                   _set_msg_id_std 1028                         get_rpm@rpm 0034  
                    __pidataCOMRAM 10FE                start_initialization 10BC  
           __end_of_set_msg_id_std 1064                          ___fldiv@a 0013  
                        ___fldiv@b 000F                    ?_set_msg_id_std 0001  
                 ___lwdiv@dividend 0001                           ?___fldiv 000F  
                 can_transmit@data 0007                           ?___fltol 0028  
                         ?___lwdiv 0001                           ?___lwmod 0008  
                         ?_get_rpm 0032                        __smallconst 0600  
               can_transmit@msg_id 0005                   ___lwdiv@quotient 0005  
                        _init_uart 109C                           _RXB0SIDH 0F61  
                         _RXB0SIDL 0F62                           _TXB0EIDH 0F43  
                         _TXB0EIDL 0F44                           _TXB0SIDH 0F41  
                         _TXB0SIDL 0F42  read_digital_keypad@detection_type 0001  
                    ?_can_transmit 0005                  _process_indicator 0E38  
                       ?_init_uart 0001                _init_digital_keypad 10F6  
               ?_process_indicator 0001                           __Hrparam 0000  
              ??_process_indicator 0002                           __Lrparam 0000  
             ?_init_digital_keypad 0001                           ___xxtofl 0990  
                   ??_can_transmit 0009          __end_of_process_indicator 0EA6  
                  ___lwdiv@divisor 0003                    ___lwdiv@counter 0007  
                         __ptext10 0C4C                           __ptext11 0602  
                         __ptext12 0EA6                           __ptext13 1028  
                         __ptext14 0F7E                           __ptext15 0DC6  
                  can_transmit@len 0008                    can_transmit@ptr 000C  
                         _init_adc 10DA                           _init_can 1064  
                         _read_adc 0FE2            read_digital_keypad@once 003F  
                         isa$xinst 0000              process_indicator@flag 0040  
            ??_init_digital_keypad 0001                   ??_set_msg_id_std 0003  
                      ??_init_uart 0001                   ___lwmod@dividend 0008  
             process_indicator@key 0002                _read_digital_keypad 0D52  
                  ___lwmod@divisor 000A                    ___lwmod@counter 000C  
             ?_read_digital_keypad 0001               __end_of_can_transmit 0F14  
