

Microchip MPLAB XC8 Assembler V3.10 build 20250813170317 
                                                                                               Sun Jul 12 22:18:59 2026

Microchip MPLAB XC8 C Compiler v3.10 (Free license) build 20250813170317 Og1 
     1                           	processor	18F4580
     2                           	fnconf	rparam,??,?,0
     3                           	pagewidth 120
     4                           	opt	flic
     5                           	psect	idataCOMRAM,global,class=CODE,space=0,delta=1,noexec
     6                           	psect	idataBANK0,global,class=CODE,space=0,delta=1,noexec
     7                           	psect	mediumconst,global,reloc=2,class=MEDIUMCONST,space=0,delta=1,noexec
     8                           	psect	cinit,global,reloc=2,class=CODE,space=0,delta=1
     9                           	psect	bssCOMRAM,global,class=COMRAM,space=1,delta=1,lowdata,noexec
    10                           	psect	dataCOMRAM,global,class=COMRAM,space=1,delta=1,lowdata,noexec
    11                           	psect	dataBANK0,global,class=BANK0,space=1,delta=1,lowdata,noexec
    12                           	psect	cstackCOMRAM,global,class=COMRAM,space=1,delta=1,lowdata,noexec
    13                           	psect	text0,global,reloc=2,class=CODE,space=0,delta=1
    14                           	psect	text1,global,reloc=2,class=CODE,space=0,delta=1
    15                           	psect	text2,global,reloc=2,class=CODE,space=0,delta=1
    16                           	psect	text3,global,reloc=2,class=CODE,space=0,delta=1
    17                           	psect	text4,global,reloc=2,class=CODE,space=0,delta=1
    18                           	psect	text5,global,reloc=2,class=CODE,space=0,delta=1
    19                           	psect	text6,global,reloc=2,class=CODE,space=0,delta=1
    20                           	psect	text7,global,reloc=2,class=CODE,space=0,delta=1,group=1
    21                           	psect	text8,global,reloc=2,class=CODE,space=0,delta=1,group=1
    22                           	psect	text9,global,reloc=2,class=CODE,space=0,delta=1,group=1
    23                           	psect	text10,global,reloc=2,class=CODE,space=0,delta=1
    24                           	psect	text11,global,reloc=2,class=CODE,space=0,delta=1
    25                           	psect	text12,global,reloc=2,class=CODE,space=0,delta=1
    26                           	psect	text13,global,reloc=2,class=CODE,space=0,delta=1
    27                           	psect	text14,global,reloc=2,class=CODE,space=0,delta=1,group=1
    28                           	psect	text15,global,reloc=2,class=CODE,space=0,delta=1,group=1
    29                           	psect	intsave_regs,global,class=BIGRAM,space=1,delta=1,noexec
    30                           	psect	rparam,global,class=COMRAM,space=1,delta=1,noexec
    31   000000                     
    32                           ; Version 2.20
    33                           ; Generated 12/02/2020 GMT
    34                           ; 
    35                           ; Copyright © 2020, Microchip Technology Inc. and its subsidiaries ("Microchip")
    36                           ; All rights reserved.
    37                           ; 
    38                           ; This software is developed by Microchip Technology Inc. and its subsidiaries ("Microch
      +                          ip").
    39                           ; 
    40                           ; Redistribution and use in source and binary forms, with or without modification, are
    41                           ; permitted provided that the following conditions are met:
    42                           ; 
    43                           ;     1. Redistributions of source code must retain the above copyright notice, this lis
      +                          t of
    44                           ;        conditions and the following disclaimer.
    45                           ; 
    46                           ;     2. Redistributions in binary form must reproduce the above copyright notice, this 
      +                          list
    47                           ;        of conditions and the following disclaimer in the documentation and/or other
    48                           ;        materials provided with the distribution.
    49                           ; 
    50                           ;     3. Microchip's name may not be used to endorse or promote products derived from th
      +                          is
    51                           ;        software without specific prior written permission.
    52                           ; 
    53                           ; THIS SOFTWARE IS PROVIDED BY MICROCHIP "AS IS" AND ANY EXPRESS OR IMPLIED WARRANTIES,
    54                           ; INCLUDING, BUT NOT LIMITED TO, THE IMPLIED WARRANTIES OF MERCHANTABILITY AND FITNESS F
      +                          OR
    55                           ; PURPOSE ARE DISCLAIMED.  IN NO EVENT SHALL MICROCHIP BE LIABLE FOR ANY DIRECT, INDIREC
      +                          T,
    56                           ; INCIDENTAL, SPECIAL, EXEMPLARY, OR CONSEQUENTIAL DAMAGES (INCLUDING BUT NOT LIMITED TO
    57                           ; PROCUREMENT OF SUBSTITUTE GOODS OR SERVICES; LOSS OF USE, DATA OR PROFITS; OR BUSINESS
    58                           ; INTERRUPTION) HOWSOEVER CAUSED AND ON ANY THEORY OF LIABILITY, WHETHER IN CONTRACT, ST
      +                          RICT
    59                           ; LIABILITY, OR TORT (INCLUDING NEGLIGENCE OR OTHERWISE) ARISING IN ANY WAY OUT OF THE U
      +                          SE OF
    60                           ; THIS SOFTWARE, EVEN IF ADVISED OF THE POSSIBILITY OF SUCH DAMAGE.
    61                           ; 
    62                           ; 
    63                           ; Code-generator required, PIC18F4580 Definitions
    64                           ; 
    65                           ; SFR Addresses
    66   000FE0                     bsr             equ	4064
    67   000FE9                     fsr0            equ	4073
    68   000FEA                     fsr0h           equ	4074
    69   000FE9                     fsr0l           equ	4073
    70   000FE1                     fsr1            equ	4065
    71   000FE2                     fsr1h           equ	4066
    72   000FE1                     fsr1l           equ	4065
    73   000FD9                     fsr2            equ	4057
    74   000FDA                     fsr2h           equ	4058
    75   000FD9                     fsr2l           equ	4057
    76   000FEF                     indf0           equ	4079
    77   000FE7                     indf1           equ	4071
    78   000FDF                     indf2           equ	4063
    79   000FF2                     intcon          equ	4082
    80   000000                     nvmcon          equ	0
    81   000FF9                     pcl             equ	4089
    82   000FFA                     pclath          equ	4090
    83   000FFB                     pclatu          equ	4091
    84   000FEB                     plusw0          equ	4075
    85   000FE3                     plusw1          equ	4067
    86   000FDB                     plusw2          equ	4059
    87   000FED                     postdec0        equ	4077
    88   000FE5                     postdec1        equ	4069
    89   000FDD                     postdec2        equ	4061
    90   000FEE                     postinc0        equ	4078
    91   000FE6                     postinc1        equ	4070
    92   000FDE                     postinc2        equ	4062
    93   000FEC                     preinc0         equ	4076
    94   000FE4                     preinc1         equ	4068
    95   000FDC                     preinc2         equ	4060
    96   000FF3                     prod            equ	4083
    97   000FF4                     prodh           equ	4084
    98   000FF3                     prodl           equ	4083
    99   000FD8                     status          equ	4056
   100   000FF5                     tablat          equ	4085
   101   000FF6                     tblptr          equ	4086
   102   000FF7                     tblptrh         equ	4087
   103   000FF6                     tblptrl         equ	4086
   104   000FF8                     tblptru         equ	4088
   105   000FFD                     tosl            equ	4093
   106   000FE8                     wreg            equ	4072
   107   000D60                     RXF6SIDH        equ	3424	;# 
   108   000D61                     RXF6SIDL        equ	3425	;# 
   109   000D62                     RXF6EIDH        equ	3426	;# 
   110   000D63                     RXF6EIDL        equ	3427	;# 
   111   000D64                     RXF7SIDH        equ	3428	;# 
   112   000D65                     RXF7SIDL        equ	3429	;# 
   113   000D66                     RXF7EIDH        equ	3430	;# 
   114   000D67                     RXF7EIDL        equ	3431	;# 
   115   000D68                     RXF8SIDH        equ	3432	;# 
   116   000D69                     RXF8SIDL        equ	3433	;# 
   117   000D6A                     RXF8EIDH        equ	3434	;# 
   118   000D6B                     RXF8EIDL        equ	3435	;# 
   119   000D70                     RXF9SIDH        equ	3440	;# 
   120   000D71                     RXF9SIDL        equ	3441	;# 
   121   000D72                     RXF9EIDH        equ	3442	;# 
   122   000D73                     RXF9EIDL        equ	3443	;# 
   123   000D74                     RXF10SIDH       equ	3444	;# 
   124   000D75                     RXF10SIDL       equ	3445	;# 
   125   000D76                     RXF10EIDH       equ	3446	;# 
   126   000D77                     RXF10EIDL       equ	3447	;# 
   127   000D78                     RXF11SIDH       equ	3448	;# 
   128   000D79                     RXF11SIDL       equ	3449	;# 
   129   000D7A                     RXF11EIDH       equ	3450	;# 
   130   000D7B                     RXF11EIDL       equ	3451	;# 
   131   000D80                     RXF12SIDH       equ	3456	;# 
   132   000D81                     RXF12SIDL       equ	3457	;# 
   133   000D82                     RXF12EIDH       equ	3458	;# 
   134   000D83                     RXF12EIDL       equ	3459	;# 
   135   000D84                     RXF13SIDH       equ	3460	;# 
   136   000D85                     RXF13SIDL       equ	3461	;# 
   137   000D86                     RXF13EIDH       equ	3462	;# 
   138   000D87                     RXF13EIDL       equ	3463	;# 
   139   000D88                     RXF14SIDH       equ	3464	;# 
   140   000D89                     RXF14SIDL       equ	3465	;# 
   141   000D8A                     RXF14EIDH       equ	3466	;# 
   142   000D8B                     RXF14EIDL       equ	3467	;# 
   143   000D90                     RXF15SIDH       equ	3472	;# 
   144   000D91                     RXF15SIDL       equ	3473	;# 
   145   000D92                     RXF15EIDH       equ	3474	;# 
   146   000D93                     RXF15EIDL       equ	3475	;# 
   147   000DD4                     RXFCON0         equ	3540	;# 
   148   000DD5                     RXFCON1         equ	3541	;# 
   149   000DD8                     SDFLC           equ	3544	;# 
   150   000DE0                     RXFBCON0        equ	3552	;# 
   151   000DE1                     RXFBCON1        equ	3553	;# 
   152   000DE2                     RXFBCON2        equ	3554	;# 
   153   000DE3                     RXFBCON3        equ	3555	;# 
   154   000DE4                     RXFBCON4        equ	3556	;# 
   155   000DE5                     RXFBCON5        equ	3557	;# 
   156   000DE6                     RXFBCON6        equ	3558	;# 
   157   000DE7                     RXFBCON7        equ	3559	;# 
   158   000DF0                     MSEL0           equ	3568	;# 
   159   000DF1                     MSEL1           equ	3569	;# 
   160   000DF2                     MSEL2           equ	3570	;# 
   161   000DF3                     MSEL3           equ	3571	;# 
   162   000DF8                     BSEL0           equ	3576	;# 
   163   000DFA                     BIE0            equ	3578	;# 
   164   000DFC                     TXBIE           equ	3580	;# 
   165   000E20                     B0CON           equ	3616	;# 
   166   000E21                     B0SIDH          equ	3617	;# 
   167   000E22                     B0SIDL          equ	3618	;# 
   168   000E23                     B0EIDH          equ	3619	;# 
   169   000E24                     B0EIDL          equ	3620	;# 
   170   000E25                     B0DLC           equ	3621	;# 
   171   000E26                     B0D0            equ	3622	;# 
   172   000E27                     B0D1            equ	3623	;# 
   173   000E28                     B0D2            equ	3624	;# 
   174   000E29                     B0D3            equ	3625	;# 
   175   000E2A                     B0D4            equ	3626	;# 
   176   000E2B                     B0D5            equ	3627	;# 
   177   000E2C                     B0D6            equ	3628	;# 
   178   000E2D                     B0D7            equ	3629	;# 
   179   000E2E                     CANSTAT_RO9     equ	3630	;# 
   180   000E2F                     CANCON_RO9      equ	3631	;# 
   181   000E30                     B1CON           equ	3632	;# 
   182   000E31                     B1SIDH          equ	3633	;# 
   183   000E32                     B1SIDL          equ	3634	;# 
   184   000E33                     B1EIDH          equ	3635	;# 
   185   000E34                     B1EIDL          equ	3636	;# 
   186   000E35                     B1DLC           equ	3637	;# 
   187   000E36                     B1D0            equ	3638	;# 
   188   000E37                     B1D1            equ	3639	;# 
   189   000E38                     B1D2            equ	3640	;# 
   190   000E39                     B1D3            equ	3641	;# 
   191   000E3A                     B1D4            equ	3642	;# 
   192   000E3B                     B1D5            equ	3643	;# 
   193   000E3C                     B1D6            equ	3644	;# 
   194   000E3D                     B1D7            equ	3645	;# 
   195   000E3E                     CANSTAT_RO8     equ	3646	;# 
   196   000E3F                     CANCON_RO8      equ	3647	;# 
   197   000E40                     B2CON           equ	3648	;# 
   198   000E41                     B2SIDH          equ	3649	;# 
   199   000E42                     B2SIDL          equ	3650	;# 
   200   000E43                     B2EIDH          equ	3651	;# 
   201   000E44                     B2EIDL          equ	3652	;# 
   202   000E45                     B2DLC           equ	3653	;# 
   203   000E46                     B2D0            equ	3654	;# 
   204   000E47                     B2D1            equ	3655	;# 
   205   000E48                     B2D2            equ	3656	;# 
   206   000E49                     B2D3            equ	3657	;# 
   207   000E4A                     B2D4            equ	3658	;# 
   208   000E4B                     B2D5            equ	3659	;# 
   209   000E4C                     B2D6            equ	3660	;# 
   210   000E4D                     B2D7            equ	3661	;# 
   211   000E4E                     CANSTAT_RO7     equ	3662	;# 
   212   000E4F                     CANCON_RO7      equ	3663	;# 
   213   000E50                     B3CON           equ	3664	;# 
   214   000E51                     B3SIDH          equ	3665	;# 
   215   000E52                     B3SIDL          equ	3666	;# 
   216   000E53                     B3EIDH          equ	3667	;# 
   217   000E54                     B3EIDL          equ	3668	;# 
   218   000E55                     B3DLC           equ	3669	;# 
   219   000E56                     B3D0            equ	3670	;# 
   220   000E57                     B3D1            equ	3671	;# 
   221   000E58                     B3D2            equ	3672	;# 
   222   000E59                     B3D3            equ	3673	;# 
   223   000E5A                     B3D4            equ	3674	;# 
   224   000E5B                     B3D5            equ	3675	;# 
   225   000E5C                     B3D6            equ	3676	;# 
   226   000E5D                     B3D7            equ	3677	;# 
   227   000E5E                     CANSTAT_RO6     equ	3678	;# 
   228   000E5F                     CANCON_RO6      equ	3679	;# 
   229   000E60                     B4CON           equ	3680	;# 
   230   000E61                     B4SIDH          equ	3681	;# 
   231   000E62                     B4SIDL          equ	3682	;# 
   232   000E63                     B4EIDH          equ	3683	;# 
   233   000E64                     B4EIDL          equ	3684	;# 
   234   000E65                     B4DLC           equ	3685	;# 
   235   000E66                     B4D0            equ	3686	;# 
   236   000E67                     B4D1            equ	3687	;# 
   237   000E68                     B4D2            equ	3688	;# 
   238   000E69                     B4D3            equ	3689	;# 
   239   000E6A                     B4D4            equ	3690	;# 
   240   000E6B                     B4D5            equ	3691	;# 
   241   000E6C                     B4D6            equ	3692	;# 
   242   000E6D                     B4D7            equ	3693	;# 
   243   000E6E                     CANSTAT_RO5     equ	3694	;# 
   244   000E6F                     CANCON_RO5      equ	3695	;# 
   245   000E70                     B5CON           equ	3696	;# 
   246   000E71                     B5SIDH          equ	3697	;# 
   247   000E72                     B5SIDL          equ	3698	;# 
   248   000E73                     B5EIDH          equ	3699	;# 
   249   000E74                     B5EIDL          equ	3700	;# 
   250   000E75                     B5DLC           equ	3701	;# 
   251   000E76                     B5D0            equ	3702	;# 
   252   000E77                     B5D1            equ	3703	;# 
   253   000E78                     B5D2            equ	3704	;# 
   254   000E79                     B5D3            equ	3705	;# 
   255   000E7A                     B5D4            equ	3706	;# 
   256   000E7B                     B5D5            equ	3707	;# 
   257   000E7C                     B5D6            equ	3708	;# 
   258   000E7D                     B5D7            equ	3709	;# 
   259   000E7E                     CANSTAT_RO4     equ	3710	;# 
   260   000E7F                     CANCON_RO4      equ	3711	;# 
   261   000F00                     RXF0SIDH        equ	3840	;# 
   262   000F01                     RXF0SIDL        equ	3841	;# 
   263   000F02                     RXF0EIDH        equ	3842	;# 
   264   000F03                     RXF0EIDL        equ	3843	;# 
   265   000F04                     RXF1SIDH        equ	3844	;# 
   266   000F05                     RXF1SIDL        equ	3845	;# 
   267   000F06                     RXF1EIDH        equ	3846	;# 
   268   000F07                     RXF1EIDL        equ	3847	;# 
   269   000F08                     RXF2SIDH        equ	3848	;# 
   270   000F09                     RXF2SIDL        equ	3849	;# 
   271   000F0A                     RXF2EIDH        equ	3850	;# 
   272   000F0B                     RXF2EIDL        equ	3851	;# 
   273   000F0C                     RXF3SIDH        equ	3852	;# 
   274   000F0D                     RXF3SIDL        equ	3853	;# 
   275   000F0E                     RXF3EIDH        equ	3854	;# 
   276   000F0F                     RXF3EIDL        equ	3855	;# 
   277   000F10                     RXF4SIDH        equ	3856	;# 
   278   000F11                     RXF4SIDL        equ	3857	;# 
   279   000F12                     RXF4EIDH        equ	3858	;# 
   280   000F13                     RXF4EIDL        equ	3859	;# 
   281   000F14                     RXF5SIDH        equ	3860	;# 
   282   000F15                     RXF5SIDL        equ	3861	;# 
   283   000F16                     RXF5EIDH        equ	3862	;# 
   284   000F17                     RXF5EIDL        equ	3863	;# 
   285   000F18                     RXM0SIDH        equ	3864	;# 
   286   000F19                     RXM0SIDL        equ	3865	;# 
   287   000F1A                     RXM0EIDH        equ	3866	;# 
   288   000F1B                     RXM0EIDL        equ	3867	;# 
   289   000F1C                     RXM1SIDH        equ	3868	;# 
   290   000F1D                     RXM1SIDL        equ	3869	;# 
   291   000F1E                     RXM1EIDH        equ	3870	;# 
   292   000F1F                     RXM1EIDL        equ	3871	;# 
   293   000F20                     TXB2CON         equ	3872	;# 
   294   000F21                     TXB2SIDH        equ	3873	;# 
   295   000F22                     TXB2SIDL        equ	3874	;# 
   296   000F23                     TXB2EIDH        equ	3875	;# 
   297   000F24                     TXB2EIDL        equ	3876	;# 
   298   000F25                     TXB2DLC         equ	3877	;# 
   299   000F26                     TXB2D0          equ	3878	;# 
   300   000F27                     TXB2D1          equ	3879	;# 
   301   000F28                     TXB2D2          equ	3880	;# 
   302   000F29                     TXB2D3          equ	3881	;# 
   303   000F2A                     TXB2D4          equ	3882	;# 
   304   000F2B                     TXB2D5          equ	3883	;# 
   305   000F2C                     TXB2D6          equ	3884	;# 
   306   000F2D                     TXB2D7          equ	3885	;# 
   307   000F2E                     CANSTAT_RO3     equ	3886	;# 
   308   000F2F                     CANCON_RO3      equ	3887	;# 
   309   000F30                     TXB1CON         equ	3888	;# 
   310   000F31                     TXB1SIDH        equ	3889	;# 
   311   000F32                     TXB1SIDL        equ	3890	;# 
   312   000F33                     TXB1EIDH        equ	3891	;# 
   313   000F34                     TXB1EIDL        equ	3892	;# 
   314   000F35                     TXB1DLC         equ	3893	;# 
   315   000F36                     TXB1D0          equ	3894	;# 
   316   000F37                     TXB1D1          equ	3895	;# 
   317   000F38                     TXB1D2          equ	3896	;# 
   318   000F39                     TXB1D3          equ	3897	;# 
   319   000F3A                     TXB1D4          equ	3898	;# 
   320   000F3B                     TXB1D5          equ	3899	;# 
   321   000F3C                     TXB1D6          equ	3900	;# 
   322   000F3D                     TXB1D7          equ	3901	;# 
   323   000F3E                     CANSTAT_RO2     equ	3902	;# 
   324   000F3F                     CANCON_RO2      equ	3903	;# 
   325   000F40                     TXB0CON         equ	3904	;# 
   326   000F41                     TXB0SIDH        equ	3905	;# 
   327   000F42                     TXB0SIDL        equ	3906	;# 
   328   000F43                     TXB0EIDH        equ	3907	;# 
   329   000F44                     TXB0EIDL        equ	3908	;# 
   330   000F45                     TXB0DLC         equ	3909	;# 
   331   000F46                     TXB0D0          equ	3910	;# 
   332   000F47                     TXB0D1          equ	3911	;# 
   333   000F48                     TXB0D2          equ	3912	;# 
   334   000F49                     TXB0D3          equ	3913	;# 
   335   000F4A                     TXB0D4          equ	3914	;# 
   336   000F4B                     TXB0D5          equ	3915	;# 
   337   000F4C                     TXB0D6          equ	3916	;# 
   338   000F4D                     TXB0D7          equ	3917	;# 
   339   000F4E                     CANSTAT_RO1     equ	3918	;# 
   340   000F4F                     CANCON_RO1      equ	3919	;# 
   341   000F50                     RXB1CON         equ	3920	;# 
   342   000F51                     RXB1SIDH        equ	3921	;# 
   343   000F52                     RXB1SIDL        equ	3922	;# 
   344   000F53                     RXB1EIDH        equ	3923	;# 
   345   000F54                     RXB1EIDL        equ	3924	;# 
   346   000F55                     RXB1DLC         equ	3925	;# 
   347   000F56                     RXB1D0          equ	3926	;# 
   348   000F57                     RXB1D1          equ	3927	;# 
   349   000F58                     RXB1D2          equ	3928	;# 
   350   000F59                     RXB1D3          equ	3929	;# 
   351   000F5A                     RXB1D4          equ	3930	;# 
   352   000F5B                     RXB1D5          equ	3931	;# 
   353   000F5C                     RXB1D6          equ	3932	;# 
   354   000F5D                     RXB1D7          equ	3933	;# 
   355   000F5E                     CANSTAT_RO0     equ	3934	;# 
   356   000F5F                     CANCON_RO0      equ	3935	;# 
   357   000F60                     RXB0CON         equ	3936	;# 
   358   000F61                     RXB0SIDH        equ	3937	;# 
   359   000F62                     RXB0SIDL        equ	3938	;# 
   360   000F63                     RXB0EIDH        equ	3939	;# 
   361   000F64                     RXB0EIDL        equ	3940	;# 
   362   000F65                     RXB0DLC         equ	3941	;# 
   363   000F66                     RXB0D0          equ	3942	;# 
   364   000F67                     RXB0D1          equ	3943	;# 
   365   000F68                     RXB0D2          equ	3944	;# 
   366   000F69                     RXB0D3          equ	3945	;# 
   367   000F6A                     RXB0D4          equ	3946	;# 
   368   000F6B                     RXB0D5          equ	3947	;# 
   369   000F6C                     RXB0D6          equ	3948	;# 
   370   000F6D                     RXB0D7          equ	3949	;# 
   371   000F6E                     CANSTAT         equ	3950	;# 
   372   000F6F                     CANCON          equ	3951	;# 
   373   000F70                     BRGCON1         equ	3952	;# 
   374   000F71                     BRGCON2         equ	3953	;# 
   375   000F72                     BRGCON3         equ	3954	;# 
   376   000F73                     CIOCON          equ	3955	;# 
   377   000F74                     COMSTAT         equ	3956	;# 
   378   000F75                     RXERRCNT        equ	3957	;# 
   379   000F76                     TXERRCNT        equ	3958	;# 
   380   000F77                     ECANCON         equ	3959	;# 
   381   000F80                     PORTA           equ	3968	;# 
   382   000F81                     PORTB           equ	3969	;# 
   383   000F82                     PORTC           equ	3970	;# 
   384   000F83                     PORTD           equ	3971	;# 
   385   000F84                     PORTE           equ	3972	;# 
   386   000F89                     LATA            equ	3977	;# 
   387   000F8A                     LATB            equ	3978	;# 
   388   000F8B                     LATC            equ	3979	;# 
   389   000F8C                     LATD            equ	3980	;# 
   390   000F8D                     LATE            equ	3981	;# 
   391   000F92                     TRISA           equ	3986	;# 
   392   000F92                     DDRA            equ	3986	;# 
   393   000F93                     TRISB           equ	3987	;# 
   394   000F93                     DDRB            equ	3987	;# 
   395   000F94                     TRISC           equ	3988	;# 
   396   000F94                     DDRC            equ	3988	;# 
   397   000F95                     TRISD           equ	3989	;# 
   398   000F95                     DDRD            equ	3989	;# 
   399   000F96                     TRISE           equ	3990	;# 
   400   000F96                     DDRE            equ	3990	;# 
   401   000F9B                     OSCTUNE         equ	3995	;# 
   402   000F9D                     PIE1            equ	3997	;# 
   403   000F9E                     PIR1            equ	3998	;# 
   404   000F9F                     IPR1            equ	3999	;# 
   405   000FA0                     PIE2            equ	4000	;# 
   406   000FA1                     PIR2            equ	4001	;# 
   407   000FA2                     IPR2            equ	4002	;# 
   408   000FA3                     PIE3            equ	4003	;# 
   409   000FA4                     PIR3            equ	4004	;# 
   410   000FA5                     IPR3            equ	4005	;# 
   411   000FA6                     EECON1          equ	4006	;# 
   412   000FA7                     EECON2          equ	4007	;# 
   413   000FA8                     EEDATA          equ	4008	;# 
   414   000FA9                     EEADR           equ	4009	;# 
   415   000FAB                     RCSTA           equ	4011	;# 
   416   000FAB                     RCSTA1          equ	4011	;# 
   417   000FAC                     TXSTA           equ	4012	;# 
   418   000FAC                     TXSTA1          equ	4012	;# 
   419   000FAD                     TXREG           equ	4013	;# 
   420   000FAD                     TXREG1          equ	4013	;# 
   421   000FAE                     RCREG           equ	4014	;# 
   422   000FAE                     RCREG1          equ	4014	;# 
   423   000FAF                     SPBRG           equ	4015	;# 
   424   000FAF                     SPBRG1          equ	4015	;# 
   425   000FB0                     SPBRGH          equ	4016	;# 
   426   000FB1                     T3CON           equ	4017	;# 
   427   000FB2                     TMR3            equ	4018	;# 
   428   000FB2                     TMR3L           equ	4018	;# 
   429   000FB3                     TMR3H           equ	4019	;# 
   430   000FB4                     CMCON           equ	4020	;# 
   431   000FB5                     CVRCON          equ	4021	;# 
   432   000FB6                     ECCP1AS         equ	4022	;# 
   433   000FB7                     ECCP1DEL        equ	4023	;# 
   434   000FB8                     BAUDCON         equ	4024	;# 
   435   000FB8                     BAUDCTL         equ	4024	;# 
   436   000FBA                     ECCP1CON        equ	4026	;# 
   437   000FBB                     ECCPR1          equ	4027	;# 
   438   000FBB                     ECCPR1L         equ	4027	;# 
   439   000FBC                     ECCPR1H         equ	4028	;# 
   440   000FBD                     CCP1CON         equ	4029	;# 
   441   000FBE                     CCPR1           equ	4030	;# 
   442   000FBE                     CCPR1L          equ	4030	;# 
   443   000FBF                     CCPR1H          equ	4031	;# 
   444   000FC0                     ADCON2          equ	4032	;# 
   445   000FC1                     ADCON1          equ	4033	;# 
   446   000FC2                     ADCON0          equ	4034	;# 
   447   000FC3                     ADRES           equ	4035	;# 
   448   000FC3                     ADRESL          equ	4035	;# 
   449   000FC4                     ADRESH          equ	4036	;# 
   450   000FC5                     SSPCON2         equ	4037	;# 
   451   000FC6                     SSPCON1         equ	4038	;# 
   452   000FC7                     SSPSTAT         equ	4039	;# 
   453   000FC8                     SSPADD          equ	4040	;# 
   454   000FC9                     SSPBUF          equ	4041	;# 
   455   000FCA                     T2CON           equ	4042	;# 
   456   000FCB                     PR2             equ	4043	;# 
   457   000FCB                     MEMCON          equ	4043	;# 
   458   000FCC                     TMR2            equ	4044	;# 
   459   000FCD                     T1CON           equ	4045	;# 
   460   000FCE                     TMR1            equ	4046	;# 
   461   000FCE                     TMR1L           equ	4046	;# 
   462   000FCF                     TMR1H           equ	4047	;# 
   463   000FD0                     RCON            equ	4048	;# 
   464   000FD1                     WDTCON          equ	4049	;# 
   465   000FD2                     HLVDCON         equ	4050	;# 
   466   000FD2                     LVDCON          equ	4050	;# 
   467   000FD3                     OSCCON          equ	4051	;# 
   468   000FD5                     T0CON           equ	4053	;# 
   469   000FD6                     TMR0            equ	4054	;# 
   470   000FD6                     TMR0L           equ	4054	;# 
   471   000FD7                     TMR0H           equ	4055	;# 
   472   000FD8                     STATUS          equ	4056	;# 
   473   000FD9                     FSR2            equ	4057	;# 
   474   000FD9                     FSR2L           equ	4057	;# 
   475   000FDA                     FSR2H           equ	4058	;# 
   476   000FDB                     PLUSW2          equ	4059	;# 
   477   000FDC                     PREINC2         equ	4060	;# 
   478   000FDD                     POSTDEC2        equ	4061	;# 
   479   000FDE                     POSTINC2        equ	4062	;# 
   480   000FDF                     INDF2           equ	4063	;# 
   481   000FE0                     BSR             equ	4064	;# 
   482   000FE1                     FSR1            equ	4065	;# 
   483   000FE1                     FSR1L           equ	4065	;# 
   484   000FE2                     FSR1H           equ	4066	;# 
   485   000FE3                     PLUSW1          equ	4067	;# 
   486   000FE4                     PREINC1         equ	4068	;# 
   487   000FE5                     POSTDEC1        equ	4069	;# 
   488   000FE6                     POSTINC1        equ	4070	;# 
   489   000FE7                     INDF1           equ	4071	;# 
   490   000FE8                     WREG            equ	4072	;# 
   491   000FE9                     FSR0            equ	4073	;# 
   492   000FE9                     FSR0L           equ	4073	;# 
   493   000FEA                     FSR0H           equ	4074	;# 
   494   000FEB                     PLUSW0          equ	4075	;# 
   495   000FEC                     PREINC0         equ	4076	;# 
   496   000FED                     POSTDEC0        equ	4077	;# 
   497   000FEE                     POSTINC0        equ	4078	;# 
   498   000FEF                     INDF0           equ	4079	;# 
   499   000FF0                     INTCON3         equ	4080	;# 
   500   000FF1                     INTCON2         equ	4081	;# 
   501   000FF2                     INTCON          equ	4082	;# 
   502   000FF3                     PROD            equ	4083	;# 
   503   000FF3                     PRODL           equ	4083	;# 
   504   000FF4                     PRODH           equ	4084	;# 
   505   000FF5                     TABLAT          equ	4085	;# 
   506   000FF6                     TBLPTR          equ	4086	;# 
   507   000FF6                     TBLPTRL         equ	4086	;# 
   508   000FF7                     TBLPTRH         equ	4087	;# 
   509   000FF8                     TBLPTRU         equ	4088	;# 
   510   000FF9                     PCLAT           equ	4089	;# 
   511   000FF9                     PC              equ	4089	;# 
   512   000FF9                     PCL             equ	4089	;# 
   513   000FFA                     PCLATH          equ	4090	;# 
   514   000FFB                     PCLATU          equ	4091	;# 
   515   000FFC                     STKPTR          equ	4092	;# 
   516   000FFD                     TOS             equ	4093	;# 
   517   000FFD                     TOSL            equ	4093	;# 
   518   000FFE                     TOSH            equ	4094	;# 
   519   000FFF                     TOSU            equ	4095	;# 
   520   000D60                     RXF6SIDH        equ	3424	;# 
   521   000D61                     RXF6SIDL        equ	3425	;# 
   522   000D62                     RXF6EIDH        equ	3426	;# 
   523   000D63                     RXF6EIDL        equ	3427	;# 
   524   000D64                     RXF7SIDH        equ	3428	;# 
   525   000D65                     RXF7SIDL        equ	3429	;# 
   526   000D66                     RXF7EIDH        equ	3430	;# 
   527   000D67                     RXF7EIDL        equ	3431	;# 
   528   000D68                     RXF8SIDH        equ	3432	;# 
   529   000D69                     RXF8SIDL        equ	3433	;# 
   530   000D6A                     RXF8EIDH        equ	3434	;# 
   531   000D6B                     RXF8EIDL        equ	3435	;# 
   532   000D70                     RXF9SIDH        equ	3440	;# 
   533   000D71                     RXF9SIDL        equ	3441	;# 
   534   000D72                     RXF9EIDH        equ	3442	;# 
   535   000D73                     RXF9EIDL        equ	3443	;# 
   536   000D74                     RXF10SIDH       equ	3444	;# 
   537   000D75                     RXF10SIDL       equ	3445	;# 
   538   000D76                     RXF10EIDH       equ	3446	;# 
   539   000D77                     RXF10EIDL       equ	3447	;# 
   540   000D78                     RXF11SIDH       equ	3448	;# 
   541   000D79                     RXF11SIDL       equ	3449	;# 
   542   000D7A                     RXF11EIDH       equ	3450	;# 
   543   000D7B                     RXF11EIDL       equ	3451	;# 
   544   000D80                     RXF12SIDH       equ	3456	;# 
   545   000D81                     RXF12SIDL       equ	3457	;# 
   546   000D82                     RXF12EIDH       equ	3458	;# 
   547   000D83                     RXF12EIDL       equ	3459	;# 
   548   000D84                     RXF13SIDH       equ	3460	;# 
   549   000D85                     RXF13SIDL       equ	3461	;# 
   550   000D86                     RXF13EIDH       equ	3462	;# 
   551   000D87                     RXF13EIDL       equ	3463	;# 
   552   000D88                     RXF14SIDH       equ	3464	;# 
   553   000D89                     RXF14SIDL       equ	3465	;# 
   554   000D8A                     RXF14EIDH       equ	3466	;# 
   555   000D8B                     RXF14EIDL       equ	3467	;# 
   556   000D90                     RXF15SIDH       equ	3472	;# 
   557   000D91                     RXF15SIDL       equ	3473	;# 
   558   000D92                     RXF15EIDH       equ	3474	;# 
   559   000D93                     RXF15EIDL       equ	3475	;# 
   560   000DD4                     RXFCON0         equ	3540	;# 
   561   000DD5                     RXFCON1         equ	3541	;# 
   562   000DD8                     SDFLC           equ	3544	;# 
   563   000DE0                     RXFBCON0        equ	3552	;# 
   564   000DE1                     RXFBCON1        equ	3553	;# 
   565   000DE2                     RXFBCON2        equ	3554	;# 
   566   000DE3                     RXFBCON3        equ	3555	;# 
   567   000DE4                     RXFBCON4        equ	3556	;# 
   568   000DE5                     RXFBCON5        equ	3557	;# 
   569   000DE6                     RXFBCON6        equ	3558	;# 
   570   000DE7                     RXFBCON7        equ	3559	;# 
   571   000DF0                     MSEL0           equ	3568	;# 
   572   000DF1                     MSEL1           equ	3569	;# 
   573   000DF2                     MSEL2           equ	3570	;# 
   574   000DF3                     MSEL3           equ	3571	;# 
   575   000DF8                     BSEL0           equ	3576	;# 
   576   000DFA                     BIE0            equ	3578	;# 
   577   000DFC                     TXBIE           equ	3580	;# 
   578   000E20                     B0CON           equ	3616	;# 
   579   000E21                     B0SIDH          equ	3617	;# 
   580   000E22                     B0SIDL          equ	3618	;# 
   581   000E23                     B0EIDH          equ	3619	;# 
   582   000E24                     B0EIDL          equ	3620	;# 
   583   000E25                     B0DLC           equ	3621	;# 
   584   000E26                     B0D0            equ	3622	;# 
   585   000E27                     B0D1            equ	3623	;# 
   586   000E28                     B0D2            equ	3624	;# 
   587   000E29                     B0D3            equ	3625	;# 
   588   000E2A                     B0D4            equ	3626	;# 
   589   000E2B                     B0D5            equ	3627	;# 
   590   000E2C                     B0D6            equ	3628	;# 
   591   000E2D                     B0D7            equ	3629	;# 
   592   000E2E                     CANSTAT_RO9     equ	3630	;# 
   593   000E2F                     CANCON_RO9      equ	3631	;# 
   594   000E30                     B1CON           equ	3632	;# 
   595   000E31                     B1SIDH          equ	3633	;# 
   596   000E32                     B1SIDL          equ	3634	;# 
   597   000E33                     B1EIDH          equ	3635	;# 
   598   000E34                     B1EIDL          equ	3636	;# 
   599   000E35                     B1DLC           equ	3637	;# 
   600   000E36                     B1D0            equ	3638	;# 
   601   000E37                     B1D1            equ	3639	;# 
   602   000E38                     B1D2            equ	3640	;# 
   603   000E39                     B1D3            equ	3641	;# 
   604   000E3A                     B1D4            equ	3642	;# 
   605   000E3B                     B1D5            equ	3643	;# 
   606   000E3C                     B1D6            equ	3644	;# 
   607   000E3D                     B1D7            equ	3645	;# 
   608   000E3E                     CANSTAT_RO8     equ	3646	;# 
   609   000E3F                     CANCON_RO8      equ	3647	;# 
   610   000E40                     B2CON           equ	3648	;# 
   611   000E41                     B2SIDH          equ	3649	;# 
   612   000E42                     B2SIDL          equ	3650	;# 
   613   000E43                     B2EIDH          equ	3651	;# 
   614   000E44                     B2EIDL          equ	3652	;# 
   615   000E45                     B2DLC           equ	3653	;# 
   616   000E46                     B2D0            equ	3654	;# 
   617   000E47                     B2D1            equ	3655	;# 
   618   000E48                     B2D2            equ	3656	;# 
   619   000E49                     B2D3            equ	3657	;# 
   620   000E4A                     B2D4            equ	3658	;# 
   621   000E4B                     B2D5            equ	3659	;# 
   622   000E4C                     B2D6            equ	3660	;# 
   623   000E4D                     B2D7            equ	3661	;# 
   624   000E4E                     CANSTAT_RO7     equ	3662	;# 
   625   000E4F                     CANCON_RO7      equ	3663	;# 
   626   000E50                     B3CON           equ	3664	;# 
   627   000E51                     B3SIDH          equ	3665	;# 
   628   000E52                     B3SIDL          equ	3666	;# 
   629   000E53                     B3EIDH          equ	3667	;# 
   630   000E54                     B3EIDL          equ	3668	;# 
   631   000E55                     B3DLC           equ	3669	;# 
   632   000E56                     B3D0            equ	3670	;# 
   633   000E57                     B3D1            equ	3671	;# 
   634   000E58                     B3D2            equ	3672	;# 
   635   000E59                     B3D3            equ	3673	;# 
   636   000E5A                     B3D4            equ	3674	;# 
   637   000E5B                     B3D5            equ	3675	;# 
   638   000E5C                     B3D6            equ	3676	;# 
   639   000E5D                     B3D7            equ	3677	;# 
   640   000E5E                     CANSTAT_RO6     equ	3678	;# 
   641   000E5F                     CANCON_RO6      equ	3679	;# 
   642   000E60                     B4CON           equ	3680	;# 
   643   000E61                     B4SIDH          equ	3681	;# 
   644   000E62                     B4SIDL          equ	3682	;# 
   645   000E63                     B4EIDH          equ	3683	;# 
   646   000E64                     B4EIDL          equ	3684	;# 
   647   000E65                     B4DLC           equ	3685	;# 
   648   000E66                     B4D0            equ	3686	;# 
   649   000E67                     B4D1            equ	3687	;# 
   650   000E68                     B4D2            equ	3688	;# 
   651   000E69                     B4D3            equ	3689	;# 
   652   000E6A                     B4D4            equ	3690	;# 
   653   000E6B                     B4D5            equ	3691	;# 
   654   000E6C                     B4D6            equ	3692	;# 
   655   000E6D                     B4D7            equ	3693	;# 
   656   000E6E                     CANSTAT_RO5     equ	3694	;# 
   657   000E6F                     CANCON_RO5      equ	3695	;# 
   658   000E70                     B5CON           equ	3696	;# 
   659   000E71                     B5SIDH          equ	3697	;# 
   660   000E72                     B5SIDL          equ	3698	;# 
   661   000E73                     B5EIDH          equ	3699	;# 
   662   000E74                     B5EIDL          equ	3700	;# 
   663   000E75                     B5DLC           equ	3701	;# 
   664   000E76                     B5D0            equ	3702	;# 
   665   000E77                     B5D1            equ	3703	;# 
   666   000E78                     B5D2            equ	3704	;# 
   667   000E79                     B5D3            equ	3705	;# 
   668   000E7A                     B5D4            equ	3706	;# 
   669   000E7B                     B5D5            equ	3707	;# 
   670   000E7C                     B5D6            equ	3708	;# 
   671   000E7D                     B5D7            equ	3709	;# 
   672   000E7E                     CANSTAT_RO4     equ	3710	;# 
   673   000E7F                     CANCON_RO4      equ	3711	;# 
   674   000F00                     RXF0SIDH        equ	3840	;# 
   675   000F01                     RXF0SIDL        equ	3841	;# 
   676   000F02                     RXF0EIDH        equ	3842	;# 
   677   000F03                     RXF0EIDL        equ	3843	;# 
   678   000F04                     RXF1SIDH        equ	3844	;# 
   679   000F05                     RXF1SIDL        equ	3845	;# 
   680   000F06                     RXF1EIDH        equ	3846	;# 
   681   000F07                     RXF1EIDL        equ	3847	;# 
   682   000F08                     RXF2SIDH        equ	3848	;# 
   683   000F09                     RXF2SIDL        equ	3849	;# 
   684   000F0A                     RXF2EIDH        equ	3850	;# 
   685   000F0B                     RXF2EIDL        equ	3851	;# 
   686   000F0C                     RXF3SIDH        equ	3852	;# 
   687   000F0D                     RXF3SIDL        equ	3853	;# 
   688   000F0E                     RXF3EIDH        equ	3854	;# 
   689   000F0F                     RXF3EIDL        equ	3855	;# 
   690   000F10                     RXF4SIDH        equ	3856	;# 
   691   000F11                     RXF4SIDL        equ	3857	;# 
   692   000F12                     RXF4EIDH        equ	3858	;# 
   693   000F13                     RXF4EIDL        equ	3859	;# 
   694   000F14                     RXF5SIDH        equ	3860	;# 
   695   000F15                     RXF5SIDL        equ	3861	;# 
   696   000F16                     RXF5EIDH        equ	3862	;# 
   697   000F17                     RXF5EIDL        equ	3863	;# 
   698   000F18                     RXM0SIDH        equ	3864	;# 
   699   000F19                     RXM0SIDL        equ	3865	;# 
   700   000F1A                     RXM0EIDH        equ	3866	;# 
   701   000F1B                     RXM0EIDL        equ	3867	;# 
   702   000F1C                     RXM1SIDH        equ	3868	;# 
   703   000F1D                     RXM1SIDL        equ	3869	;# 
   704   000F1E                     RXM1EIDH        equ	3870	;# 
   705   000F1F                     RXM1EIDL        equ	3871	;# 
   706   000F20                     TXB2CON         equ	3872	;# 
   707   000F21                     TXB2SIDH        equ	3873	;# 
   708   000F22                     TXB2SIDL        equ	3874	;# 
   709   000F23                     TXB2EIDH        equ	3875	;# 
   710   000F24                     TXB2EIDL        equ	3876	;# 
   711   000F25                     TXB2DLC         equ	3877	;# 
   712   000F26                     TXB2D0          equ	3878	;# 
   713   000F27                     TXB2D1          equ	3879	;# 
   714   000F28                     TXB2D2          equ	3880	;# 
   715   000F29                     TXB2D3          equ	3881	;# 
   716   000F2A                     TXB2D4          equ	3882	;# 
   717   000F2B                     TXB2D5          equ	3883	;# 
   718   000F2C                     TXB2D6          equ	3884	;# 
   719   000F2D                     TXB2D7          equ	3885	;# 
   720   000F2E                     CANSTAT_RO3     equ	3886	;# 
   721   000F2F                     CANCON_RO3      equ	3887	;# 
   722   000F30                     TXB1CON         equ	3888	;# 
   723   000F31                     TXB1SIDH        equ	3889	;# 
   724   000F32                     TXB1SIDL        equ	3890	;# 
   725   000F33                     TXB1EIDH        equ	3891	;# 
   726   000F34                     TXB1EIDL        equ	3892	;# 
   727   000F35                     TXB1DLC         equ	3893	;# 
   728   000F36                     TXB1D0          equ	3894	;# 
   729   000F37                     TXB1D1          equ	3895	;# 
   730   000F38                     TXB1D2          equ	3896	;# 
   731   000F39                     TXB1D3          equ	3897	;# 
   732   000F3A                     TXB1D4          equ	3898	;# 
   733   000F3B                     TXB1D5          equ	3899	;# 
   734   000F3C                     TXB1D6          equ	3900	;# 
   735   000F3D                     TXB1D7          equ	3901	;# 
   736   000F3E                     CANSTAT_RO2     equ	3902	;# 
   737   000F3F                     CANCON_RO2      equ	3903	;# 
   738   000F40                     TXB0CON         equ	3904	;# 
   739   000F41                     TXB0SIDH        equ	3905	;# 
   740   000F42                     TXB0SIDL        equ	3906	;# 
   741   000F43                     TXB0EIDH        equ	3907	;# 
   742   000F44                     TXB0EIDL        equ	3908	;# 
   743   000F45                     TXB0DLC         equ	3909	;# 
   744   000F46                     TXB0D0          equ	3910	;# 
   745   000F47                     TXB0D1          equ	3911	;# 
   746   000F48                     TXB0D2          equ	3912	;# 
   747   000F49                     TXB0D3          equ	3913	;# 
   748   000F4A                     TXB0D4          equ	3914	;# 
   749   000F4B                     TXB0D5          equ	3915	;# 
   750   000F4C                     TXB0D6          equ	3916	;# 
   751   000F4D                     TXB0D7          equ	3917	;# 
   752   000F4E                     CANSTAT_RO1     equ	3918	;# 
   753   000F4F                     CANCON_RO1      equ	3919	;# 
   754   000F50                     RXB1CON         equ	3920	;# 
   755   000F51                     RXB1SIDH        equ	3921	;# 
   756   000F52                     RXB1SIDL        equ	3922	;# 
   757   000F53                     RXB1EIDH        equ	3923	;# 
   758   000F54                     RXB1EIDL        equ	3924	;# 
   759   000F55                     RXB1DLC         equ	3925	;# 
   760   000F56                     RXB1D0          equ	3926	;# 
   761   000F57                     RXB1D1          equ	3927	;# 
   762   000F58                     RXB1D2          equ	3928	;# 
   763   000F59                     RXB1D3          equ	3929	;# 
   764   000F5A                     RXB1D4          equ	3930	;# 
   765   000F5B                     RXB1D5          equ	3931	;# 
   766   000F5C                     RXB1D6          equ	3932	;# 
   767   000F5D                     RXB1D7          equ	3933	;# 
   768   000F5E                     CANSTAT_RO0     equ	3934	;# 
   769   000F5F                     CANCON_RO0      equ	3935	;# 
   770   000F60                     RXB0CON         equ	3936	;# 
   771   000F61                     RXB0SIDH        equ	3937	;# 
   772   000F62                     RXB0SIDL        equ	3938	;# 
   773   000F63                     RXB0EIDH        equ	3939	;# 
   774   000F64                     RXB0EIDL        equ	3940	;# 
   775   000F65                     RXB0DLC         equ	3941	;# 
   776   000F66                     RXB0D0          equ	3942	;# 
   777   000F67                     RXB0D1          equ	3943	;# 
   778   000F68                     RXB0D2          equ	3944	;# 
   779   000F69                     RXB0D3          equ	3945	;# 
   780   000F6A                     RXB0D4          equ	3946	;# 
   781   000F6B                     RXB0D5          equ	3947	;# 
   782   000F6C                     RXB0D6          equ	3948	;# 
   783   000F6D                     RXB0D7          equ	3949	;# 
   784   000F6E                     CANSTAT         equ	3950	;# 
   785   000F6F                     CANCON          equ	3951	;# 
   786   000F70                     BRGCON1         equ	3952	;# 
   787   000F71                     BRGCON2         equ	3953	;# 
   788   000F72                     BRGCON3         equ	3954	;# 
   789   000F73                     CIOCON          equ	3955	;# 
   790   000F74                     COMSTAT         equ	3956	;# 
   791   000F75                     RXERRCNT        equ	3957	;# 
   792   000F76                     TXERRCNT        equ	3958	;# 
   793   000F77                     ECANCON         equ	3959	;# 
   794   000F80                     PORTA           equ	3968	;# 
   795   000F81                     PORTB           equ	3969	;# 
   796   000F82                     PORTC           equ	3970	;# 
   797   000F83                     PORTD           equ	3971	;# 
   798   000F84                     PORTE           equ	3972	;# 
   799   000F89                     LATA            equ	3977	;# 
   800   000F8A                     LATB            equ	3978	;# 
   801   000F8B                     LATC            equ	3979	;# 
   802   000F8C                     LATD            equ	3980	;# 
   803   000F8D                     LATE            equ	3981	;# 
   804   000F92                     TRISA           equ	3986	;# 
   805   000F92                     DDRA            equ	3986	;# 
   806   000F93                     TRISB           equ	3987	;# 
   807   000F93                     DDRB            equ	3987	;# 
   808   000F94                     TRISC           equ	3988	;# 
   809   000F94                     DDRC            equ	3988	;# 
   810   000F95                     TRISD           equ	3989	;# 
   811   000F95                     DDRD            equ	3989	;# 
   812   000F96                     TRISE           equ	3990	;# 
   813   000F96                     DDRE            equ	3990	;# 
   814   000F9B                     OSCTUNE         equ	3995	;# 
   815   000F9D                     PIE1            equ	3997	;# 
   816   000F9E                     PIR1            equ	3998	;# 
   817   000F9F                     IPR1            equ	3999	;# 
   818   000FA0                     PIE2            equ	4000	;# 
   819   000FA1                     PIR2            equ	4001	;# 
   820   000FA2                     IPR2            equ	4002	;# 
   821   000FA3                     PIE3            equ	4003	;# 
   822   000FA4                     PIR3            equ	4004	;# 
   823   000FA5                     IPR3            equ	4005	;# 
   824   000FA6                     EECON1          equ	4006	;# 
   825   000FA7                     EECON2          equ	4007	;# 
   826   000FA8                     EEDATA          equ	4008	;# 
   827   000FA9                     EEADR           equ	4009	;# 
   828   000FAB                     RCSTA           equ	4011	;# 
   829   000FAB                     RCSTA1          equ	4011	;# 
   830   000FAC                     TXSTA           equ	4012	;# 
   831   000FAC                     TXSTA1          equ	4012	;# 
   832   000FAD                     TXREG           equ	4013	;# 
   833   000FAD                     TXREG1          equ	4013	;# 
   834   000FAE                     RCREG           equ	4014	;# 
   835   000FAE                     RCREG1          equ	4014	;# 
   836   000FAF                     SPBRG           equ	4015	;# 
   837   000FAF                     SPBRG1          equ	4015	;# 
   838   000FB0                     SPBRGH          equ	4016	;# 
   839   000FB1                     T3CON           equ	4017	;# 
   840   000FB2                     TMR3            equ	4018	;# 
   841   000FB2                     TMR3L           equ	4018	;# 
   842   000FB3                     TMR3H           equ	4019	;# 
   843   000FB4                     CMCON           equ	4020	;# 
   844   000FB5                     CVRCON          equ	4021	;# 
   845   000FB6                     ECCP1AS         equ	4022	;# 
   846   000FB7                     ECCP1DEL        equ	4023	;# 
   847   000FB8                     BAUDCON         equ	4024	;# 
   848   000FB8                     BAUDCTL         equ	4024	;# 
   849   000FBA                     ECCP1CON        equ	4026	;# 
   850   000FBB                     ECCPR1          equ	4027	;# 
   851   000FBB                     ECCPR1L         equ	4027	;# 
   852   000FBC                     ECCPR1H         equ	4028	;# 
   853   000FBD                     CCP1CON         equ	4029	;# 
   854   000FBE                     CCPR1           equ	4030	;# 
   855   000FBE                     CCPR1L          equ	4030	;# 
   856   000FBF                     CCPR1H          equ	4031	;# 
   857   000FC0                     ADCON2          equ	4032	;# 
   858   000FC1                     ADCON1          equ	4033	;# 
   859   000FC2                     ADCON0          equ	4034	;# 
   860   000FC3                     ADRES           equ	4035	;# 
   861   000FC3                     ADRESL          equ	4035	;# 
   862   000FC4                     ADRESH          equ	4036	;# 
   863   000FC5                     SSPCON2         equ	4037	;# 
   864   000FC6                     SSPCON1         equ	4038	;# 
   865   000FC7                     SSPSTAT         equ	4039	;# 
   866   000FC8                     SSPADD          equ	4040	;# 
   867   000FC9                     SSPBUF          equ	4041	;# 
   868   000FCA                     T2CON           equ	4042	;# 
   869   000FCB                     PR2             equ	4043	;# 
   870   000FCB                     MEMCON          equ	4043	;# 
   871   000FCC                     TMR2            equ	4044	;# 
   872   000FCD                     T1CON           equ	4045	;# 
   873   000FCE                     TMR1            equ	4046	;# 
   874   000FCE                     TMR1L           equ	4046	;# 
   875   000FCF                     TMR1H           equ	4047	;# 
   876   000FD0                     RCON            equ	4048	;# 
   877   000FD1                     WDTCON          equ	4049	;# 
   878   000FD2                     HLVDCON         equ	4050	;# 
   879   000FD2                     LVDCON          equ	4050	;# 
   880   000FD3                     OSCCON          equ	4051	;# 
   881   000FD5                     T0CON           equ	4053	;# 
   882   000FD6                     TMR0            equ	4054	;# 
   883   000FD6                     TMR0L           equ	4054	;# 
   884   000FD7                     TMR0H           equ	4055	;# 
   885   000FD8                     STATUS          equ	4056	;# 
   886   000FD9                     FSR2            equ	4057	;# 
   887   000FD9                     FSR2L           equ	4057	;# 
   888   000FDA                     FSR2H           equ	4058	;# 
   889   000FDB                     PLUSW2          equ	4059	;# 
   890   000FDC                     PREINC2         equ	4060	;# 
   891   000FDD                     POSTDEC2        equ	4061	;# 
   892   000FDE                     POSTINC2        equ	4062	;# 
   893   000FDF                     INDF2           equ	4063	;# 
   894   000FE0                     BSR             equ	4064	;# 
   895   000FE1                     FSR1            equ	4065	;# 
   896   000FE1                     FSR1L           equ	4065	;# 
   897   000FE2                     FSR1H           equ	4066	;# 
   898   000FE3                     PLUSW1          equ	4067	;# 
   899   000FE4                     PREINC1         equ	4068	;# 
   900   000FE5                     POSTDEC1        equ	4069	;# 
   901   000FE6                     POSTINC1        equ	4070	;# 
   902   000FE7                     INDF1           equ	4071	;# 
   903   000FE8                     WREG            equ	4072	;# 
   904   000FE9                     FSR0            equ	4073	;# 
   905   000FE9                     FSR0L           equ	4073	;# 
   906   000FEA                     FSR0H           equ	4074	;# 
   907   000FEB                     PLUSW0          equ	4075	;# 
   908   000FEC                     PREINC0         equ	4076	;# 
   909   000FED                     POSTDEC0        equ	4077	;# 
   910   000FEE                     POSTINC0        equ	4078	;# 
   911   000FEF                     INDF0           equ	4079	;# 
   912   000FF0                     INTCON3         equ	4080	;# 
   913   000FF1                     INTCON2         equ	4081	;# 
   914   000FF2                     INTCON          equ	4082	;# 
   915   000FF3                     PROD            equ	4083	;# 
   916   000FF3                     PRODL           equ	4083	;# 
   917   000FF4                     PRODH           equ	4084	;# 
   918   000FF5                     TABLAT          equ	4085	;# 
   919   000FF6                     TBLPTR          equ	4086	;# 
   920   000FF6                     TBLPTRL         equ	4086	;# 
   921   000FF7                     TBLPTRH         equ	4087	;# 
   922   000FF8                     TBLPTRU         equ	4088	;# 
   923   000FF9                     PCLAT           equ	4089	;# 
   924   000FF9                     PC              equ	4089	;# 
   925   000FF9                     PCL             equ	4089	;# 
   926   000FFA                     PCLATH          equ	4090	;# 
   927   000FFB                     PCLATU          equ	4091	;# 
   928   000FFC                     STKPTR          equ	4092	;# 
   929   000FFD                     TOS             equ	4093	;# 
   930   000FFD                     TOSL            equ	4093	;# 
   931   000FFE                     TOSH            equ	4094	;# 
   932   000FFF                     TOSU            equ	4095	;# 
   933   000D60                     RXF6SIDH        equ	3424	;# 
   934   000D61                     RXF6SIDL        equ	3425	;# 
   935   000D62                     RXF6EIDH        equ	3426	;# 
   936   000D63                     RXF6EIDL        equ	3427	;# 
   937   000D64                     RXF7SIDH        equ	3428	;# 
   938   000D65                     RXF7SIDL        equ	3429	;# 
   939   000D66                     RXF7EIDH        equ	3430	;# 
   940   000D67                     RXF7EIDL        equ	3431	;# 
   941   000D68                     RXF8SIDH        equ	3432	;# 
   942   000D69                     RXF8SIDL        equ	3433	;# 
   943   000D6A                     RXF8EIDH        equ	3434	;# 
   944   000D6B                     RXF8EIDL        equ	3435	;# 
   945   000D70                     RXF9SIDH        equ	3440	;# 
   946   000D71                     RXF9SIDL        equ	3441	;# 
   947   000D72                     RXF9EIDH        equ	3442	;# 
   948   000D73                     RXF9EIDL        equ	3443	;# 
   949   000D74                     RXF10SIDH       equ	3444	;# 
   950   000D75                     RXF10SIDL       equ	3445	;# 
   951   000D76                     RXF10EIDH       equ	3446	;# 
   952   000D77                     RXF10EIDL       equ	3447	;# 
   953   000D78                     RXF11SIDH       equ	3448	;# 
   954   000D79                     RXF11SIDL       equ	3449	;# 
   955   000D7A                     RXF11EIDH       equ	3450	;# 
   956   000D7B                     RXF11EIDL       equ	3451	;# 
   957   000D80                     RXF12SIDH       equ	3456	;# 
   958   000D81                     RXF12SIDL       equ	3457	;# 
   959   000D82                     RXF12EIDH       equ	3458	;# 
   960   000D83                     RXF12EIDL       equ	3459	;# 
   961   000D84                     RXF13SIDH       equ	3460	;# 
   962   000D85                     RXF13SIDL       equ	3461	;# 
   963   000D86                     RXF13EIDH       equ	3462	;# 
   964   000D87                     RXF13EIDL       equ	3463	;# 
   965   000D88                     RXF14SIDH       equ	3464	;# 
   966   000D89                     RXF14SIDL       equ	3465	;# 
   967   000D8A                     RXF14EIDH       equ	3466	;# 
   968   000D8B                     RXF14EIDL       equ	3467	;# 
   969   000D90                     RXF15SIDH       equ	3472	;# 
   970   000D91                     RXF15SIDL       equ	3473	;# 
   971   000D92                     RXF15EIDH       equ	3474	;# 
   972   000D93                     RXF15EIDL       equ	3475	;# 
   973   000DD4                     RXFCON0         equ	3540	;# 
   974   000DD5                     RXFCON1         equ	3541	;# 
   975   000DD8                     SDFLC           equ	3544	;# 
   976   000DE0                     RXFBCON0        equ	3552	;# 
   977   000DE1                     RXFBCON1        equ	3553	;# 
   978   000DE2                     RXFBCON2        equ	3554	;# 
   979   000DE3                     RXFBCON3        equ	3555	;# 
   980   000DE4                     RXFBCON4        equ	3556	;# 
   981   000DE5                     RXFBCON5        equ	3557	;# 
   982   000DE6                     RXFBCON6        equ	3558	;# 
   983   000DE7                     RXFBCON7        equ	3559	;# 
   984   000DF0                     MSEL0           equ	3568	;# 
   985   000DF1                     MSEL1           equ	3569	;# 
   986   000DF2                     MSEL2           equ	3570	;# 
   987   000DF3                     MSEL3           equ	3571	;# 
   988   000DF8                     BSEL0           equ	3576	;# 
   989   000DFA                     BIE0            equ	3578	;# 
   990   000DFC                     TXBIE           equ	3580	;# 
   991   000E20                     B0CON           equ	3616	;# 
   992   000E21                     B0SIDH          equ	3617	;# 
   993   000E22                     B0SIDL          equ	3618	;# 
   994   000E23                     B0EIDH          equ	3619	;# 
   995   000E24                     B0EIDL          equ	3620	;# 
   996   000E25                     B0DLC           equ	3621	;# 
   997   000E26                     B0D0            equ	3622	;# 
   998   000E27                     B0D1            equ	3623	;# 
   999   000E28                     B0D2            equ	3624	;# 
  1000   000E29                     B0D3            equ	3625	;# 
  1001   000E2A                     B0D4            equ	3626	;# 
  1002   000E2B                     B0D5            equ	3627	;# 
  1003   000E2C                     B0D6            equ	3628	;# 
  1004   000E2D                     B0D7            equ	3629	;# 
  1005   000E2E                     CANSTAT_RO9     equ	3630	;# 
  1006   000E2F                     CANCON_RO9      equ	3631	;# 
  1007   000E30                     B1CON           equ	3632	;# 
  1008   000E31                     B1SIDH          equ	3633	;# 
  1009   000E32                     B1SIDL          equ	3634	;# 
  1010   000E33                     B1EIDH          equ	3635	;# 
  1011   000E34                     B1EIDL          equ	3636	;# 
  1012   000E35                     B1DLC           equ	3637	;# 
  1013   000E36                     B1D0            equ	3638	;# 
  1014   000E37                     B1D1            equ	3639	;# 
  1015   000E38                     B1D2            equ	3640	;# 
  1016   000E39                     B1D3            equ	3641	;# 
  1017   000E3A                     B1D4            equ	3642	;# 
  1018   000E3B                     B1D5            equ	3643	;# 
  1019   000E3C                     B1D6            equ	3644	;# 
  1020   000E3D                     B1D7            equ	3645	;# 
  1021   000E3E                     CANSTAT_RO8     equ	3646	;# 
  1022   000E3F                     CANCON_RO8      equ	3647	;# 
  1023   000E40                     B2CON           equ	3648	;# 
  1024   000E41                     B2SIDH          equ	3649	;# 
  1025   000E42                     B2SIDL          equ	3650	;# 
  1026   000E43                     B2EIDH          equ	3651	;# 
  1027   000E44                     B2EIDL          equ	3652	;# 
  1028   000E45                     B2DLC           equ	3653	;# 
  1029   000E46                     B2D0            equ	3654	;# 
  1030   000E47                     B2D1            equ	3655	;# 
  1031   000E48                     B2D2            equ	3656	;# 
  1032   000E49                     B2D3            equ	3657	;# 
  1033   000E4A                     B2D4            equ	3658	;# 
  1034   000E4B                     B2D5            equ	3659	;# 
  1035   000E4C                     B2D6            equ	3660	;# 
  1036   000E4D                     B2D7            equ	3661	;# 
  1037   000E4E                     CANSTAT_RO7     equ	3662	;# 
  1038   000E4F                     CANCON_RO7      equ	3663	;# 
  1039   000E50                     B3CON           equ	3664	;# 
  1040   000E51                     B3SIDH          equ	3665	;# 
  1041   000E52                     B3SIDL          equ	3666	;# 
  1042   000E53                     B3EIDH          equ	3667	;# 
  1043   000E54                     B3EIDL          equ	3668	;# 
  1044   000E55                     B3DLC           equ	3669	;# 
  1045   000E56                     B3D0            equ	3670	;# 
  1046   000E57                     B3D1            equ	3671	;# 
  1047   000E58                     B3D2            equ	3672	;# 
  1048   000E59                     B3D3            equ	3673	;# 
  1049   000E5A                     B3D4            equ	3674	;# 
  1050   000E5B                     B3D5            equ	3675	;# 
  1051   000E5C                     B3D6            equ	3676	;# 
  1052   000E5D                     B3D7            equ	3677	;# 
  1053   000E5E                     CANSTAT_RO6     equ	3678	;# 
  1054   000E5F                     CANCON_RO6      equ	3679	;# 
  1055   000E60                     B4CON           equ	3680	;# 
  1056   000E61                     B4SIDH          equ	3681	;# 
  1057   000E62                     B4SIDL          equ	3682	;# 
  1058   000E63                     B4EIDH          equ	3683	;# 
  1059   000E64                     B4EIDL          equ	3684	;# 
  1060   000E65                     B4DLC           equ	3685	;# 
  1061   000E66                     B4D0            equ	3686	;# 
  1062   000E67                     B4D1            equ	3687	;# 
  1063   000E68                     B4D2            equ	3688	;# 
  1064   000E69                     B4D3            equ	3689	;# 
  1065   000E6A                     B4D4            equ	3690	;# 
  1066   000E6B                     B4D5            equ	3691	;# 
  1067   000E6C                     B4D6            equ	3692	;# 
  1068   000E6D                     B4D7            equ	3693	;# 
  1069   000E6E                     CANSTAT_RO5     equ	3694	;# 
  1070   000E6F                     CANCON_RO5      equ	3695	;# 
  1071   000E70                     B5CON           equ	3696	;# 
  1072   000E71                     B5SIDH          equ	3697	;# 
  1073   000E72                     B5SIDL          equ	3698	;# 
  1074   000E73                     B5EIDH          equ	3699	;# 
  1075   000E74                     B5EIDL          equ	3700	;# 
  1076   000E75                     B5DLC           equ	3701	;# 
  1077   000E76                     B5D0            equ	3702	;# 
  1078   000E77                     B5D1            equ	3703	;# 
  1079   000E78                     B5D2            equ	3704	;# 
  1080   000E79                     B5D3            equ	3705	;# 
  1081   000E7A                     B5D4            equ	3706	;# 
  1082   000E7B                     B5D5            equ	3707	;# 
  1083   000E7C                     B5D6            equ	3708	;# 
  1084   000E7D                     B5D7            equ	3709	;# 
  1085   000E7E                     CANSTAT_RO4     equ	3710	;# 
  1086   000E7F                     CANCON_RO4      equ	3711	;# 
  1087   000F00                     RXF0SIDH        equ	3840	;# 
  1088   000F01                     RXF0SIDL        equ	3841	;# 
  1089   000F02                     RXF0EIDH        equ	3842	;# 
  1090   000F03                     RXF0EIDL        equ	3843	;# 
  1091   000F04                     RXF1SIDH        equ	3844	;# 
  1092   000F05                     RXF1SIDL        equ	3845	;# 
  1093   000F06                     RXF1EIDH        equ	3846	;# 
  1094   000F07                     RXF1EIDL        equ	3847	;# 
  1095   000F08                     RXF2SIDH        equ	3848	;# 
  1096   000F09                     RXF2SIDL        equ	3849	;# 
  1097   000F0A                     RXF2EIDH        equ	3850	;# 
  1098   000F0B                     RXF2EIDL        equ	3851	;# 
  1099   000F0C                     RXF3SIDH        equ	3852	;# 
  1100   000F0D                     RXF3SIDL        equ	3853	;# 
  1101   000F0E                     RXF3EIDH        equ	3854	;# 
  1102   000F0F                     RXF3EIDL        equ	3855	;# 
  1103   000F10                     RXF4SIDH        equ	3856	;# 
  1104   000F11                     RXF4SIDL        equ	3857	;# 
  1105   000F12                     RXF4EIDH        equ	3858	;# 
  1106   000F13                     RXF4EIDL        equ	3859	;# 
  1107   000F14                     RXF5SIDH        equ	3860	;# 
  1108   000F15                     RXF5SIDL        equ	3861	;# 
  1109   000F16                     RXF5EIDH        equ	3862	;# 
  1110   000F17                     RXF5EIDL        equ	3863	;# 
  1111   000F18                     RXM0SIDH        equ	3864	;# 
  1112   000F19                     RXM0SIDL        equ	3865	;# 
  1113   000F1A                     RXM0EIDH        equ	3866	;# 
  1114   000F1B                     RXM0EIDL        equ	3867	;# 
  1115   000F1C                     RXM1SIDH        equ	3868	;# 
  1116   000F1D                     RXM1SIDL        equ	3869	;# 
  1117   000F1E                     RXM1EIDH        equ	3870	;# 
  1118   000F1F                     RXM1EIDL        equ	3871	;# 
  1119   000F20                     TXB2CON         equ	3872	;# 
  1120   000F21                     TXB2SIDH        equ	3873	;# 
  1121   000F22                     TXB2SIDL        equ	3874	;# 
  1122   000F23                     TXB2EIDH        equ	3875	;# 
  1123   000F24                     TXB2EIDL        equ	3876	;# 
  1124   000F25                     TXB2DLC         equ	3877	;# 
  1125   000F26                     TXB2D0          equ	3878	;# 
  1126   000F27                     TXB2D1          equ	3879	;# 
  1127   000F28                     TXB2D2          equ	3880	;# 
  1128   000F29                     TXB2D3          equ	3881	;# 
  1129   000F2A                     TXB2D4          equ	3882	;# 
  1130   000F2B                     TXB2D5          equ	3883	;# 
  1131   000F2C                     TXB2D6          equ	3884	;# 
  1132   000F2D                     TXB2D7          equ	3885	;# 
  1133   000F2E                     CANSTAT_RO3     equ	3886	;# 
  1134   000F2F                     CANCON_RO3      equ	3887	;# 
  1135   000F30                     TXB1CON         equ	3888	;# 
  1136   000F31                     TXB1SIDH        equ	3889	;# 
  1137   000F32                     TXB1SIDL        equ	3890	;# 
  1138   000F33                     TXB1EIDH        equ	3891	;# 
  1139   000F34                     TXB1EIDL        equ	3892	;# 
  1140   000F35                     TXB1DLC         equ	3893	;# 
  1141   000F36                     TXB1D0          equ	3894	;# 
  1142   000F37                     TXB1D1          equ	3895	;# 
  1143   000F38                     TXB1D2          equ	3896	;# 
  1144   000F39                     TXB1D3          equ	3897	;# 
  1145   000F3A                     TXB1D4          equ	3898	;# 
  1146   000F3B                     TXB1D5          equ	3899	;# 
  1147   000F3C                     TXB1D6          equ	3900	;# 
  1148   000F3D                     TXB1D7          equ	3901	;# 
  1149   000F3E                     CANSTAT_RO2     equ	3902	;# 
  1150   000F3F                     CANCON_RO2      equ	3903	;# 
  1151   000F40                     TXB0CON         equ	3904	;# 
  1152   000F41                     TXB0SIDH        equ	3905	;# 
  1153   000F42                     TXB0SIDL        equ	3906	;# 
  1154   000F43                     TXB0EIDH        equ	3907	;# 
  1155   000F44                     TXB0EIDL        equ	3908	;# 
  1156   000F45                     TXB0DLC         equ	3909	;# 
  1157   000F46                     TXB0D0          equ	3910	;# 
  1158   000F47                     TXB0D1          equ	3911	;# 
  1159   000F48                     TXB0D2          equ	3912	;# 
  1160   000F49                     TXB0D3          equ	3913	;# 
  1161   000F4A                     TXB0D4          equ	3914	;# 
  1162   000F4B                     TXB0D5          equ	3915	;# 
  1163   000F4C                     TXB0D6          equ	3916	;# 
  1164   000F4D                     TXB0D7          equ	3917	;# 
  1165   000F4E                     CANSTAT_RO1     equ	3918	;# 
  1166   000F4F                     CANCON_RO1      equ	3919	;# 
  1167   000F50                     RXB1CON         equ	3920	;# 
  1168   000F51                     RXB1SIDH        equ	3921	;# 
  1169   000F52                     RXB1SIDL        equ	3922	;# 
  1170   000F53                     RXB1EIDH        equ	3923	;# 
  1171   000F54                     RXB1EIDL        equ	3924	;# 
  1172   000F55                     RXB1DLC         equ	3925	;# 
  1173   000F56                     RXB1D0          equ	3926	;# 
  1174   000F57                     RXB1D1          equ	3927	;# 
  1175   000F58                     RXB1D2          equ	3928	;# 
  1176   000F59                     RXB1D3          equ	3929	;# 
  1177   000F5A                     RXB1D4          equ	3930	;# 
  1178   000F5B                     RXB1D5          equ	3931	;# 
  1179   000F5C                     RXB1D6          equ	3932	;# 
  1180   000F5D                     RXB1D7          equ	3933	;# 
  1181   000F5E                     CANSTAT_RO0     equ	3934	;# 
  1182   000F5F                     CANCON_RO0      equ	3935	;# 
  1183   000F60                     RXB0CON         equ	3936	;# 
  1184   000F61                     RXB0SIDH        equ	3937	;# 
  1185   000F62                     RXB0SIDL        equ	3938	;# 
  1186   000F63                     RXB0EIDH        equ	3939	;# 
  1187   000F64                     RXB0EIDL        equ	3940	;# 
  1188   000F65                     RXB0DLC         equ	3941	;# 
  1189   000F66                     RXB0D0          equ	3942	;# 
  1190   000F67                     RXB0D1          equ	3943	;# 
  1191   000F68                     RXB0D2          equ	3944	;# 
  1192   000F69                     RXB0D3          equ	3945	;# 
  1193   000F6A                     RXB0D4          equ	3946	;# 
  1194   000F6B                     RXB0D5          equ	3947	;# 
  1195   000F6C                     RXB0D6          equ	3948	;# 
  1196   000F6D                     RXB0D7          equ	3949	;# 
  1197   000F6E                     CANSTAT         equ	3950	;# 
  1198   000F6F                     CANCON          equ	3951	;# 
  1199   000F70                     BRGCON1         equ	3952	;# 
  1200   000F71                     BRGCON2         equ	3953	;# 
  1201   000F72                     BRGCON3         equ	3954	;# 
  1202   000F73                     CIOCON          equ	3955	;# 
  1203   000F74                     COMSTAT         equ	3956	;# 
  1204   000F75                     RXERRCNT        equ	3957	;# 
  1205   000F76                     TXERRCNT        equ	3958	;# 
  1206   000F77                     ECANCON         equ	3959	;# 
  1207   000F80                     PORTA           equ	3968	;# 
  1208   000F81                     PORTB           equ	3969	;# 
  1209   000F82                     PORTC           equ	3970	;# 
  1210   000F83                     PORTD           equ	3971	;# 
  1211   000F84                     PORTE           equ	3972	;# 
  1212   000F89                     LATA            equ	3977	;# 
  1213   000F8A                     LATB            equ	3978	;# 
  1214   000F8B                     LATC            equ	3979	;# 
  1215   000F8C                     LATD            equ	3980	;# 
  1216   000F8D                     LATE            equ	3981	;# 
  1217   000F92                     TRISA           equ	3986	;# 
  1218   000F92                     DDRA            equ	3986	;# 
  1219   000F93                     TRISB           equ	3987	;# 
  1220   000F93                     DDRB            equ	3987	;# 
  1221   000F94                     TRISC           equ	3988	;# 
  1222   000F94                     DDRC            equ	3988	;# 
  1223   000F95                     TRISD           equ	3989	;# 
  1224   000F95                     DDRD            equ	3989	;# 
  1225   000F96                     TRISE           equ	3990	;# 
  1226   000F96                     DDRE            equ	3990	;# 
  1227   000F9B                     OSCTUNE         equ	3995	;# 
  1228   000F9D                     PIE1            equ	3997	;# 
  1229   000F9E                     PIR1            equ	3998	;# 
  1230   000F9F                     IPR1            equ	3999	;# 
  1231   000FA0                     PIE2            equ	4000	;# 
  1232   000FA1                     PIR2            equ	4001	;# 
  1233   000FA2                     IPR2            equ	4002	;# 
  1234   000FA3                     PIE3            equ	4003	;# 
  1235   000FA4                     PIR3            equ	4004	;# 
  1236   000FA5                     IPR3            equ	4005	;# 
  1237   000FA6                     EECON1          equ	4006	;# 
  1238   000FA7                     EECON2          equ	4007	;# 
  1239   000FA8                     EEDATA          equ	4008	;# 
  1240   000FA9                     EEADR           equ	4009	;# 
  1241   000FAB                     RCSTA           equ	4011	;# 
  1242   000FAB                     RCSTA1          equ	4011	;# 
  1243   000FAC                     TXSTA           equ	4012	;# 
  1244   000FAC                     TXSTA1          equ	4012	;# 
  1245   000FAD                     TXREG           equ	4013	;# 
  1246   000FAD                     TXREG1          equ	4013	;# 
  1247   000FAE                     RCREG           equ	4014	;# 
  1248   000FAE                     RCREG1          equ	4014	;# 
  1249   000FAF                     SPBRG           equ	4015	;# 
  1250   000FAF                     SPBRG1          equ	4015	;# 
  1251   000FB0                     SPBRGH          equ	4016	;# 
  1252   000FB1                     T3CON           equ	4017	;# 
  1253   000FB2                     TMR3            equ	4018	;# 
  1254   000FB2                     TMR3L           equ	4018	;# 
  1255   000FB3                     TMR3H           equ	4019	;# 
  1256   000FB4                     CMCON           equ	4020	;# 
  1257   000FB5                     CVRCON          equ	4021	;# 
  1258   000FB6                     ECCP1AS         equ	4022	;# 
  1259   000FB7                     ECCP1DEL        equ	4023	;# 
  1260   000FB8                     BAUDCON         equ	4024	;# 
  1261   000FB8                     BAUDCTL         equ	4024	;# 
  1262   000FBA                     ECCP1CON        equ	4026	;# 
  1263   000FBB                     ECCPR1          equ	4027	;# 
  1264   000FBB                     ECCPR1L         equ	4027	;# 
  1265   000FBC                     ECCPR1H         equ	4028	;# 
  1266   000FBD                     CCP1CON         equ	4029	;# 
  1267   000FBE                     CCPR1           equ	4030	;# 
  1268   000FBE                     CCPR1L          equ	4030	;# 
  1269   000FBF                     CCPR1H          equ	4031	;# 
  1270   000FC0                     ADCON2          equ	4032	;# 
  1271   000FC1                     ADCON1          equ	4033	;# 
  1272   000FC2                     ADCON0          equ	4034	;# 
  1273   000FC3                     ADRES           equ	4035	;# 
  1274   000FC3                     ADRESL          equ	4035	;# 
  1275   000FC4                     ADRESH          equ	4036	;# 
  1276   000FC5                     SSPCON2         equ	4037	;# 
  1277   000FC6                     SSPCON1         equ	4038	;# 
  1278   000FC7                     SSPSTAT         equ	4039	;# 
  1279   000FC8                     SSPADD          equ	4040	;# 
  1280   000FC9                     SSPBUF          equ	4041	;# 
  1281   000FCA                     T2CON           equ	4042	;# 
  1282   000FCB                     PR2             equ	4043	;# 
  1283   000FCB                     MEMCON          equ	4043	;# 
  1284   000FCC                     TMR2            equ	4044	;# 
  1285   000FCD                     T1CON           equ	4045	;# 
  1286   000FCE                     TMR1            equ	4046	;# 
  1287   000FCE                     TMR1L           equ	4046	;# 
  1288   000FCF                     TMR1H           equ	4047	;# 
  1289   000FD0                     RCON            equ	4048	;# 
  1290   000FD1                     WDTCON          equ	4049	;# 
  1291   000FD2                     HLVDCON         equ	4050	;# 
  1292   000FD2                     LVDCON          equ	4050	;# 
  1293   000FD3                     OSCCON          equ	4051	;# 
  1294   000FD5                     T0CON           equ	4053	;# 
  1295   000FD6                     TMR0            equ	4054	;# 
  1296   000FD6                     TMR0L           equ	4054	;# 
  1297   000FD7                     TMR0H           equ	4055	;# 
  1298   000FD8                     STATUS          equ	4056	;# 
  1299   000FD9                     FSR2            equ	4057	;# 
  1300   000FD9                     FSR2L           equ	4057	;# 
  1301   000FDA                     FSR2H           equ	4058	;# 
  1302   000FDB                     PLUSW2          equ	4059	;# 
  1303   000FDC                     PREINC2         equ	4060	;# 
  1304   000FDD                     POSTDEC2        equ	4061	;# 
  1305   000FDE                     POSTINC2        equ	4062	;# 
  1306   000FDF                     INDF2           equ	4063	;# 
  1307   000FE0                     BSR             equ	4064	;# 
  1308   000FE1                     FSR1            equ	4065	;# 
  1309   000FE1                     FSR1L           equ	4065	;# 
  1310   000FE2                     FSR1H           equ	4066	;# 
  1311   000FE3                     PLUSW1          equ	4067	;# 
  1312   000FE4                     PREINC1         equ	4068	;# 
  1313   000FE5                     POSTDEC1        equ	4069	;# 
  1314   000FE6                     POSTINC1        equ	4070	;# 
  1315   000FE7                     INDF1           equ	4071	;# 
  1316   000FE8                     WREG            equ	4072	;# 
  1317   000FE9                     FSR0            equ	4073	;# 
  1318   000FE9                     FSR0L           equ	4073	;# 
  1319   000FEA                     FSR0H           equ	4074	;# 
  1320   000FEB                     PLUSW0          equ	4075	;# 
  1321   000FEC                     PREINC0         equ	4076	;# 
  1322   000FED                     POSTDEC0        equ	4077	;# 
  1323   000FEE                     POSTINC0        equ	4078	;# 
  1324   000FEF                     INDF0           equ	4079	;# 
  1325   000FF0                     INTCON3         equ	4080	;# 
  1326   000FF1                     INTCON2         equ	4081	;# 
  1327   000FF2                     INTCON          equ	4082	;# 
  1328   000FF3                     PROD            equ	4083	;# 
  1329   000FF3                     PRODL           equ	4083	;# 
  1330   000FF4                     PRODH           equ	4084	;# 
  1331   000FF5                     TABLAT          equ	4085	;# 
  1332   000FF6                     TBLPTR          equ	4086	;# 
  1333   000FF6                     TBLPTRL         equ	4086	;# 
  1334   000FF7                     TBLPTRH         equ	4087	;# 
  1335   000FF8                     TBLPTRU         equ	4088	;# 
  1336   000FF9                     PCLAT           equ	4089	;# 
  1337   000FF9                     PC              equ	4089	;# 
  1338   000FF9                     PCL             equ	4089	;# 
  1339   000FFA                     PCLATH          equ	4090	;# 
  1340   000FFB                     PCLATU          equ	4091	;# 
  1341   000FFC                     STKPTR          equ	4092	;# 
  1342   000FFD                     TOS             equ	4093	;# 
  1343   000FFD                     TOSL            equ	4093	;# 
  1344   000FFE                     TOSH            equ	4094	;# 
  1345   000FFF                     TOSU            equ	4095	;# 
  1346   000D60                     RXF6SIDH        equ	3424	;# 
  1347   000D61                     RXF6SIDL        equ	3425	;# 
  1348   000D62                     RXF6EIDH        equ	3426	;# 
  1349   000D63                     RXF6EIDL        equ	3427	;# 
  1350   000D64                     RXF7SIDH        equ	3428	;# 
  1351   000D65                     RXF7SIDL        equ	3429	;# 
  1352   000D66                     RXF7EIDH        equ	3430	;# 
  1353   000D67                     RXF7EIDL        equ	3431	;# 
  1354   000D68                     RXF8SIDH        equ	3432	;# 
  1355   000D69                     RXF8SIDL        equ	3433	;# 
  1356   000D6A                     RXF8EIDH        equ	3434	;# 
  1357   000D6B                     RXF8EIDL        equ	3435	;# 
  1358   000D70                     RXF9SIDH        equ	3440	;# 
  1359   000D71                     RXF9SIDL        equ	3441	;# 
  1360   000D72                     RXF9EIDH        equ	3442	;# 
  1361   000D73                     RXF9EIDL        equ	3443	;# 
  1362   000D74                     RXF10SIDH       equ	3444	;# 
  1363   000D75                     RXF10SIDL       equ	3445	;# 
  1364   000D76                     RXF10EIDH       equ	3446	;# 
  1365   000D77                     RXF10EIDL       equ	3447	;# 
  1366   000D78                     RXF11SIDH       equ	3448	;# 
  1367   000D79                     RXF11SIDL       equ	3449	;# 
  1368   000D7A                     RXF11EIDH       equ	3450	;# 
  1369   000D7B                     RXF11EIDL       equ	3451	;# 
  1370   000D80                     RXF12SIDH       equ	3456	;# 
  1371   000D81                     RXF12SIDL       equ	3457	;# 
  1372   000D82                     RXF12EIDH       equ	3458	;# 
  1373   000D83                     RXF12EIDL       equ	3459	;# 
  1374   000D84                     RXF13SIDH       equ	3460	;# 
  1375   000D85                     RXF13SIDL       equ	3461	;# 
  1376   000D86                     RXF13EIDH       equ	3462	;# 
  1377   000D87                     RXF13EIDL       equ	3463	;# 
  1378   000D88                     RXF14SIDH       equ	3464	;# 
  1379   000D89                     RXF14SIDL       equ	3465	;# 
  1380   000D8A                     RXF14EIDH       equ	3466	;# 
  1381   000D8B                     RXF14EIDL       equ	3467	;# 
  1382   000D90                     RXF15SIDH       equ	3472	;# 
  1383   000D91                     RXF15SIDL       equ	3473	;# 
  1384   000D92                     RXF15EIDH       equ	3474	;# 
  1385   000D93                     RXF15EIDL       equ	3475	;# 
  1386   000DD4                     RXFCON0         equ	3540	;# 
  1387   000DD5                     RXFCON1         equ	3541	;# 
  1388   000DD8                     SDFLC           equ	3544	;# 
  1389   000DE0                     RXFBCON0        equ	3552	;# 
  1390   000DE1                     RXFBCON1        equ	3553	;# 
  1391   000DE2                     RXFBCON2        equ	3554	;# 
  1392   000DE3                     RXFBCON3        equ	3555	;# 
  1393   000DE4                     RXFBCON4        equ	3556	;# 
  1394   000DE5                     RXFBCON5        equ	3557	;# 
  1395   000DE6                     RXFBCON6        equ	3558	;# 
  1396   000DE7                     RXFBCON7        equ	3559	;# 
  1397   000DF0                     MSEL0           equ	3568	;# 
  1398   000DF1                     MSEL1           equ	3569	;# 
  1399   000DF2                     MSEL2           equ	3570	;# 
  1400   000DF3                     MSEL3           equ	3571	;# 
  1401   000DF8                     BSEL0           equ	3576	;# 
  1402   000DFA                     BIE0            equ	3578	;# 
  1403   000DFC                     TXBIE           equ	3580	;# 
  1404   000E20                     B0CON           equ	3616	;# 
  1405   000E21                     B0SIDH          equ	3617	;# 
  1406   000E22                     B0SIDL          equ	3618	;# 
  1407   000E23                     B0EIDH          equ	3619	;# 
  1408   000E24                     B0EIDL          equ	3620	;# 
  1409   000E25                     B0DLC           equ	3621	;# 
  1410   000E26                     B0D0            equ	3622	;# 
  1411   000E27                     B0D1            equ	3623	;# 
  1412   000E28                     B0D2            equ	3624	;# 
  1413   000E29                     B0D3            equ	3625	;# 
  1414   000E2A                     B0D4            equ	3626	;# 
  1415   000E2B                     B0D5            equ	3627	;# 
  1416   000E2C                     B0D6            equ	3628	;# 
  1417   000E2D                     B0D7            equ	3629	;# 
  1418   000E2E                     CANSTAT_RO9     equ	3630	;# 
  1419   000E2F                     CANCON_RO9      equ	3631	;# 
  1420   000E30                     B1CON           equ	3632	;# 
  1421   000E31                     B1SIDH          equ	3633	;# 
  1422   000E32                     B1SIDL          equ	3634	;# 
  1423   000E33                     B1EIDH          equ	3635	;# 
  1424   000E34                     B1EIDL          equ	3636	;# 
  1425   000E35                     B1DLC           equ	3637	;# 
  1426   000E36                     B1D0            equ	3638	;# 
  1427   000E37                     B1D1            equ	3639	;# 
  1428   000E38                     B1D2            equ	3640	;# 
  1429   000E39                     B1D3            equ	3641	;# 
  1430   000E3A                     B1D4            equ	3642	;# 
  1431   000E3B                     B1D5            equ	3643	;# 
  1432   000E3C                     B1D6            equ	3644	;# 
  1433   000E3D                     B1D7            equ	3645	;# 
  1434   000E3E                     CANSTAT_RO8     equ	3646	;# 
  1435   000E3F                     CANCON_RO8      equ	3647	;# 
  1436   000E40                     B2CON           equ	3648	;# 
  1437   000E41                     B2SIDH          equ	3649	;# 
  1438   000E42                     B2SIDL          equ	3650	;# 
  1439   000E43                     B2EIDH          equ	3651	;# 
  1440   000E44                     B2EIDL          equ	3652	;# 
  1441   000E45                     B2DLC           equ	3653	;# 
  1442   000E46                     B2D0            equ	3654	;# 
  1443   000E47                     B2D1            equ	3655	;# 
  1444   000E48                     B2D2            equ	3656	;# 
  1445   000E49                     B2D3            equ	3657	;# 
  1446   000E4A                     B2D4            equ	3658	;# 
  1447   000E4B                     B2D5            equ	3659	;# 
  1448   000E4C                     B2D6            equ	3660	;# 
  1449   000E4D                     B2D7            equ	3661	;# 
  1450   000E4E                     CANSTAT_RO7     equ	3662	;# 
  1451   000E4F                     CANCON_RO7      equ	3663	;# 
  1452   000E50                     B3CON           equ	3664	;# 
  1453   000E51                     B3SIDH          equ	3665	;# 
  1454   000E52                     B3SIDL          equ	3666	;# 
  1455   000E53                     B3EIDH          equ	3667	;# 
  1456   000E54                     B3EIDL          equ	3668	;# 
  1457   000E55                     B3DLC           equ	3669	;# 
  1458   000E56                     B3D0            equ	3670	;# 
  1459   000E57                     B3D1            equ	3671	;# 
  1460   000E58                     B3D2            equ	3672	;# 
  1461   000E59                     B3D3            equ	3673	;# 
  1462   000E5A                     B3D4            equ	3674	;# 
  1463   000E5B                     B3D5            equ	3675	;# 
  1464   000E5C                     B3D6            equ	3676	;# 
  1465   000E5D                     B3D7            equ	3677	;# 
  1466   000E5E                     CANSTAT_RO6     equ	3678	;# 
  1467   000E5F                     CANCON_RO6      equ	3679	;# 
  1468   000E60                     B4CON           equ	3680	;# 
  1469   000E61                     B4SIDH          equ	3681	;# 
  1470   000E62                     B4SIDL          equ	3682	;# 
  1471   000E63                     B4EIDH          equ	3683	;# 
  1472   000E64                     B4EIDL          equ	3684	;# 
  1473   000E65                     B4DLC           equ	3685	;# 
  1474   000E66                     B4D0            equ	3686	;# 
  1475   000E67                     B4D1            equ	3687	;# 
  1476   000E68                     B4D2            equ	3688	;# 
  1477   000E69                     B4D3            equ	3689	;# 
  1478   000E6A                     B4D4            equ	3690	;# 
  1479   000E6B                     B4D5            equ	3691	;# 
  1480   000E6C                     B4D6            equ	3692	;# 
  1481   000E6D                     B4D7            equ	3693	;# 
  1482   000E6E                     CANSTAT_RO5     equ	3694	;# 
  1483   000E6F                     CANCON_RO5      equ	3695	;# 
  1484   000E70                     B5CON           equ	3696	;# 
  1485   000E71                     B5SIDH          equ	3697	;# 
  1486   000E72                     B5SIDL          equ	3698	;# 
  1487   000E73                     B5EIDH          equ	3699	;# 
  1488   000E74                     B5EIDL          equ	3700	;# 
  1489   000E75                     B5DLC           equ	3701	;# 
  1490   000E76                     B5D0            equ	3702	;# 
  1491   000E77                     B5D1            equ	3703	;# 
  1492   000E78                     B5D2            equ	3704	;# 
  1493   000E79                     B5D3            equ	3705	;# 
  1494   000E7A                     B5D4            equ	3706	;# 
  1495   000E7B                     B5D5            equ	3707	;# 
  1496   000E7C                     B5D6            equ	3708	;# 
  1497   000E7D                     B5D7            equ	3709	;# 
  1498   000E7E                     CANSTAT_RO4     equ	3710	;# 
  1499   000E7F                     CANCON_RO4      equ	3711	;# 
  1500   000F00                     RXF0SIDH        equ	3840	;# 
  1501   000F01                     RXF0SIDL        equ	3841	;# 
  1502   000F02                     RXF0EIDH        equ	3842	;# 
  1503   000F03                     RXF0EIDL        equ	3843	;# 
  1504   000F04                     RXF1SIDH        equ	3844	;# 
  1505   000F05                     RXF1SIDL        equ	3845	;# 
  1506   000F06                     RXF1EIDH        equ	3846	;# 
  1507   000F07                     RXF1EIDL        equ	3847	;# 
  1508   000F08                     RXF2SIDH        equ	3848	;# 
  1509   000F09                     RXF2SIDL        equ	3849	;# 
  1510   000F0A                     RXF2EIDH        equ	3850	;# 
  1511   000F0B                     RXF2EIDL        equ	3851	;# 
  1512   000F0C                     RXF3SIDH        equ	3852	;# 
  1513   000F0D                     RXF3SIDL        equ	3853	;# 
  1514   000F0E                     RXF3EIDH        equ	3854	;# 
  1515   000F0F                     RXF3EIDL        equ	3855	;# 
  1516   000F10                     RXF4SIDH        equ	3856	;# 
  1517   000F11                     RXF4SIDL        equ	3857	;# 
  1518   000F12                     RXF4EIDH        equ	3858	;# 
  1519   000F13                     RXF4EIDL        equ	3859	;# 
  1520   000F14                     RXF5SIDH        equ	3860	;# 
  1521   000F15                     RXF5SIDL        equ	3861	;# 
  1522   000F16                     RXF5EIDH        equ	3862	;# 
  1523   000F17                     RXF5EIDL        equ	3863	;# 
  1524   000F18                     RXM0SIDH        equ	3864	;# 
  1525   000F19                     RXM0SIDL        equ	3865	;# 
  1526   000F1A                     RXM0EIDH        equ	3866	;# 
  1527   000F1B                     RXM0EIDL        equ	3867	;# 
  1528   000F1C                     RXM1SIDH        equ	3868	;# 
  1529   000F1D                     RXM1SIDL        equ	3869	;# 
  1530   000F1E                     RXM1EIDH        equ	3870	;# 
  1531   000F1F                     RXM1EIDL        equ	3871	;# 
  1532   000F20                     TXB2CON         equ	3872	;# 
  1533   000F21                     TXB2SIDH        equ	3873	;# 
  1534   000F22                     TXB2SIDL        equ	3874	;# 
  1535   000F23                     TXB2EIDH        equ	3875	;# 
  1536   000F24                     TXB2EIDL        equ	3876	;# 
  1537   000F25                     TXB2DLC         equ	3877	;# 
  1538   000F26                     TXB2D0          equ	3878	;# 
  1539   000F27                     TXB2D1          equ	3879	;# 
  1540   000F28                     TXB2D2          equ	3880	;# 
  1541   000F29                     TXB2D3          equ	3881	;# 
  1542   000F2A                     TXB2D4          equ	3882	;# 
  1543   000F2B                     TXB2D5          equ	3883	;# 
  1544   000F2C                     TXB2D6          equ	3884	;# 
  1545   000F2D                     TXB2D7          equ	3885	;# 
  1546   000F2E                     CANSTAT_RO3     equ	3886	;# 
  1547   000F2F                     CANCON_RO3      equ	3887	;# 
  1548   000F30                     TXB1CON         equ	3888	;# 
  1549   000F31                     TXB1SIDH        equ	3889	;# 
  1550   000F32                     TXB1SIDL        equ	3890	;# 
  1551   000F33                     TXB1EIDH        equ	3891	;# 
  1552   000F34                     TXB1EIDL        equ	3892	;# 
  1553   000F35                     TXB1DLC         equ	3893	;# 
  1554   000F36                     TXB1D0          equ	3894	;# 
  1555   000F37                     TXB1D1          equ	3895	;# 
  1556   000F38                     TXB1D2          equ	3896	;# 
  1557   000F39                     TXB1D3          equ	3897	;# 
  1558   000F3A                     TXB1D4          equ	3898	;# 
  1559   000F3B                     TXB1D5          equ	3899	;# 
  1560   000F3C                     TXB1D6          equ	3900	;# 
  1561   000F3D                     TXB1D7          equ	3901	;# 
  1562   000F3E                     CANSTAT_RO2     equ	3902	;# 
  1563   000F3F                     CANCON_RO2      equ	3903	;# 
  1564   000F40                     TXB0CON         equ	3904	;# 
  1565   000F41                     TXB0SIDH        equ	3905	;# 
  1566   000F42                     TXB0SIDL        equ	3906	;# 
  1567   000F43                     TXB0EIDH        equ	3907	;# 
  1568   000F44                     TXB0EIDL        equ	3908	;# 
  1569   000F45                     TXB0DLC         equ	3909	;# 
  1570   000F46                     TXB0D0          equ	3910	;# 
  1571   000F47                     TXB0D1          equ	3911	;# 
  1572   000F48                     TXB0D2          equ	3912	;# 
  1573   000F49                     TXB0D3          equ	3913	;# 
  1574   000F4A                     TXB0D4          equ	3914	;# 
  1575   000F4B                     TXB0D5          equ	3915	;# 
  1576   000F4C                     TXB0D6          equ	3916	;# 
  1577   000F4D                     TXB0D7          equ	3917	;# 
  1578   000F4E                     CANSTAT_RO1     equ	3918	;# 
  1579   000F4F                     CANCON_RO1      equ	3919	;# 
  1580   000F50                     RXB1CON         equ	3920	;# 
  1581   000F51                     RXB1SIDH        equ	3921	;# 
  1582   000F52                     RXB1SIDL        equ	3922	;# 
  1583   000F53                     RXB1EIDH        equ	3923	;# 
  1584   000F54                     RXB1EIDL        equ	3924	;# 
  1585   000F55                     RXB1DLC         equ	3925	;# 
  1586   000F56                     RXB1D0          equ	3926	;# 
  1587   000F57                     RXB1D1          equ	3927	;# 
  1588   000F58                     RXB1D2          equ	3928	;# 
  1589   000F59                     RXB1D3          equ	3929	;# 
  1590   000F5A                     RXB1D4          equ	3930	;# 
  1591   000F5B                     RXB1D5          equ	3931	;# 
  1592   000F5C                     RXB1D6          equ	3932	;# 
  1593   000F5D                     RXB1D7          equ	3933	;# 
  1594   000F5E                     CANSTAT_RO0     equ	3934	;# 
  1595   000F5F                     CANCON_RO0      equ	3935	;# 
  1596   000F60                     RXB0CON         equ	3936	;# 
  1597   000F61                     RXB0SIDH        equ	3937	;# 
  1598   000F62                     RXB0SIDL        equ	3938	;# 
  1599   000F63                     RXB0EIDH        equ	3939	;# 
  1600   000F64                     RXB0EIDL        equ	3940	;# 
  1601   000F65                     RXB0DLC         equ	3941	;# 
  1602   000F66                     RXB0D0          equ	3942	;# 
  1603   000F67                     RXB0D1          equ	3943	;# 
  1604   000F68                     RXB0D2          equ	3944	;# 
  1605   000F69                     RXB0D3          equ	3945	;# 
  1606   000F6A                     RXB0D4          equ	3946	;# 
  1607   000F6B                     RXB0D5          equ	3947	;# 
  1608   000F6C                     RXB0D6          equ	3948	;# 
  1609   000F6D                     RXB0D7          equ	3949	;# 
  1610   000F6E                     CANSTAT         equ	3950	;# 
  1611   000F6F                     CANCON          equ	3951	;# 
  1612   000F70                     BRGCON1         equ	3952	;# 
  1613   000F71                     BRGCON2         equ	3953	;# 
  1614   000F72                     BRGCON3         equ	3954	;# 
  1615   000F73                     CIOCON          equ	3955	;# 
  1616   000F74                     COMSTAT         equ	3956	;# 
  1617   000F75                     RXERRCNT        equ	3957	;# 
  1618   000F76                     TXERRCNT        equ	3958	;# 
  1619   000F77                     ECANCON         equ	3959	;# 
  1620   000F80                     PORTA           equ	3968	;# 
  1621   000F81                     PORTB           equ	3969	;# 
  1622   000F82                     PORTC           equ	3970	;# 
  1623   000F83                     PORTD           equ	3971	;# 
  1624   000F84                     PORTE           equ	3972	;# 
  1625   000F89                     LATA            equ	3977	;# 
  1626   000F8A                     LATB            equ	3978	;# 
  1627   000F8B                     LATC            equ	3979	;# 
  1628   000F8C                     LATD            equ	3980	;# 
  1629   000F8D                     LATE            equ	3981	;# 
  1630   000F92                     TRISA           equ	3986	;# 
  1631   000F92                     DDRA            equ	3986	;# 
  1632   000F93                     TRISB           equ	3987	;# 
  1633   000F93                     DDRB            equ	3987	;# 
  1634   000F94                     TRISC           equ	3988	;# 
  1635   000F94                     DDRC            equ	3988	;# 
  1636   000F95                     TRISD           equ	3989	;# 
  1637   000F95                     DDRD            equ	3989	;# 
  1638   000F96                     TRISE           equ	3990	;# 
  1639   000F96                     DDRE            equ	3990	;# 
  1640   000F9B                     OSCTUNE         equ	3995	;# 
  1641   000F9D                     PIE1            equ	3997	;# 
  1642   000F9E                     PIR1            equ	3998	;# 
  1643   000F9F                     IPR1            equ	3999	;# 
  1644   000FA0                     PIE2            equ	4000	;# 
  1645   000FA1                     PIR2            equ	4001	;# 
  1646   000FA2                     IPR2            equ	4002	;# 
  1647   000FA3                     PIE3            equ	4003	;# 
  1648   000FA4                     PIR3            equ	4004	;# 
  1649   000FA5                     IPR3            equ	4005	;# 
  1650   000FA6                     EECON1          equ	4006	;# 
  1651   000FA7                     EECON2          equ	4007	;# 
  1652   000FA8                     EEDATA          equ	4008	;# 
  1653   000FA9                     EEADR           equ	4009	;# 
  1654   000FAB                     RCSTA           equ	4011	;# 
  1655   000FAB                     RCSTA1          equ	4011	;# 
  1656   000FAC                     TXSTA           equ	4012	;# 
  1657   000FAC                     TXSTA1          equ	4012	;# 
  1658   000FAD                     TXREG           equ	4013	;# 
  1659   000FAD                     TXREG1          equ	4013	;# 
  1660   000FAE                     RCREG           equ	4014	;# 
  1661   000FAE                     RCREG1          equ	4014	;# 
  1662   000FAF                     SPBRG           equ	4015	;# 
  1663   000FAF                     SPBRG1          equ	4015	;# 
  1664   000FB0                     SPBRGH          equ	4016	;# 
  1665   000FB1                     T3CON           equ	4017	;# 
  1666   000FB2                     TMR3            equ	4018	;# 
  1667   000FB2                     TMR3L           equ	4018	;# 
  1668   000FB3                     TMR3H           equ	4019	;# 
  1669   000FB4                     CMCON           equ	4020	;# 
  1670   000FB5                     CVRCON          equ	4021	;# 
  1671   000FB6                     ECCP1AS         equ	4022	;# 
  1672   000FB7                     ECCP1DEL        equ	4023	;# 
  1673   000FB8                     BAUDCON         equ	4024	;# 
  1674   000FB8                     BAUDCTL         equ	4024	;# 
  1675   000FBA                     ECCP1CON        equ	4026	;# 
  1676   000FBB                     ECCPR1          equ	4027	;# 
  1677   000FBB                     ECCPR1L         equ	4027	;# 
  1678   000FBC                     ECCPR1H         equ	4028	;# 
  1679   000FBD                     CCP1CON         equ	4029	;# 
  1680   000FBE                     CCPR1           equ	4030	;# 
  1681   000FBE                     CCPR1L          equ	4030	;# 
  1682   000FBF                     CCPR1H          equ	4031	;# 
  1683   000FC0                     ADCON2          equ	4032	;# 
  1684   000FC1                     ADCON1          equ	4033	;# 
  1685   000FC2                     ADCON0          equ	4034	;# 
  1686   000FC3                     ADRES           equ	4035	;# 
  1687   000FC3                     ADRESL          equ	4035	;# 
  1688   000FC4                     ADRESH          equ	4036	;# 
  1689   000FC5                     SSPCON2         equ	4037	;# 
  1690   000FC6                     SSPCON1         equ	4038	;# 
  1691   000FC7                     SSPSTAT         equ	4039	;# 
  1692   000FC8                     SSPADD          equ	4040	;# 
  1693   000FC9                     SSPBUF          equ	4041	;# 
  1694   000FCA                     T2CON           equ	4042	;# 
  1695   000FCB                     PR2             equ	4043	;# 
  1696   000FCB                     MEMCON          equ	4043	;# 
  1697   000FCC                     TMR2            equ	4044	;# 
  1698   000FCD                     T1CON           equ	4045	;# 
  1699   000FCE                     TMR1            equ	4046	;# 
  1700   000FCE                     TMR1L           equ	4046	;# 
  1701   000FCF                     TMR1H           equ	4047	;# 
  1702   000FD0                     RCON            equ	4048	;# 
  1703   000FD1                     WDTCON          equ	4049	;# 
  1704   000FD2                     HLVDCON         equ	4050	;# 
  1705   000FD2                     LVDCON          equ	4050	;# 
  1706   000FD3                     OSCCON          equ	4051	;# 
  1707   000FD5                     T0CON           equ	4053	;# 
  1708   000FD6                     TMR0            equ	4054	;# 
  1709   000FD6                     TMR0L           equ	4054	;# 
  1710   000FD7                     TMR0H           equ	4055	;# 
  1711   000FD8                     STATUS          equ	4056	;# 
  1712   000FD9                     FSR2            equ	4057	;# 
  1713   000FD9                     FSR2L           equ	4057	;# 
  1714   000FDA                     FSR2H           equ	4058	;# 
  1715   000FDB                     PLUSW2          equ	4059	;# 
  1716   000FDC                     PREINC2         equ	4060	;# 
  1717   000FDD                     POSTDEC2        equ	4061	;# 
  1718   000FDE                     POSTINC2        equ	4062	;# 
  1719   000FDF                     INDF2           equ	4063	;# 
  1720   000FE0                     BSR             equ	4064	;# 
  1721   000FE1                     FSR1            equ	4065	;# 
  1722   000FE1                     FSR1L           equ	4065	;# 
  1723   000FE2                     FSR1H           equ	4066	;# 
  1724   000FE3                     PLUSW1          equ	4067	;# 
  1725   000FE4                     PREINC1         equ	4068	;# 
  1726   000FE5                     POSTDEC1        equ	4069	;# 
  1727   000FE6                     POSTINC1        equ	4070	;# 
  1728   000FE7                     INDF1           equ	4071	;# 
  1729   000FE8                     WREG            equ	4072	;# 
  1730   000FE9                     FSR0            equ	4073	;# 
  1731   000FE9                     FSR0L           equ	4073	;# 
  1732   000FEA                     FSR0H           equ	4074	;# 
  1733   000FEB                     PLUSW0          equ	4075	;# 
  1734   000FEC                     PREINC0         equ	4076	;# 
  1735   000FED                     POSTDEC0        equ	4077	;# 
  1736   000FEE                     POSTINC0        equ	4078	;# 
  1737   000FEF                     INDF0           equ	4079	;# 
  1738   000FF0                     INTCON3         equ	4080	;# 
  1739   000FF1                     INTCON2         equ	4081	;# 
  1740   000FF2                     INTCON          equ	4082	;# 
  1741   000FF3                     PROD            equ	4083	;# 
  1742   000FF3                     PRODL           equ	4083	;# 
  1743   000FF4                     PRODH           equ	4084	;# 
  1744   000FF5                     TABLAT          equ	4085	;# 
  1745   000FF6                     TBLPTR          equ	4086	;# 
  1746   000FF6                     TBLPTRL         equ	4086	;# 
  1747   000FF7                     TBLPTRH         equ	4087	;# 
  1748   000FF8                     TBLPTRU         equ	4088	;# 
  1749   000FF9                     PCLAT           equ	4089	;# 
  1750   000FF9                     PC              equ	4089	;# 
  1751   000FF9                     PCL             equ	4089	;# 
  1752   000FFA                     PCLATH          equ	4090	;# 
  1753   000FFB                     PCLATU          equ	4091	;# 
  1754   000FFC                     STKPTR          equ	4092	;# 
  1755   000FFD                     TOS             equ	4093	;# 
  1756   000FFD                     TOSL            equ	4093	;# 
  1757   000FFE                     TOSH            equ	4094	;# 
  1758   000FFF                     TOSU            equ	4095	;# 
  1759   000D60                     RXF6SIDH        equ	3424	;# 
  1760   000D61                     RXF6SIDL        equ	3425	;# 
  1761   000D62                     RXF6EIDH        equ	3426	;# 
  1762   000D63                     RXF6EIDL        equ	3427	;# 
  1763   000D64                     RXF7SIDH        equ	3428	;# 
  1764   000D65                     RXF7SIDL        equ	3429	;# 
  1765   000D66                     RXF7EIDH        equ	3430	;# 
  1766   000D67                     RXF7EIDL        equ	3431	;# 
  1767   000D68                     RXF8SIDH        equ	3432	;# 
  1768   000D69                     RXF8SIDL        equ	3433	;# 
  1769   000D6A                     RXF8EIDH        equ	3434	;# 
  1770   000D6B                     RXF8EIDL        equ	3435	;# 
  1771   000D70                     RXF9SIDH        equ	3440	;# 
  1772   000D71                     RXF9SIDL        equ	3441	;# 
  1773   000D72                     RXF9EIDH        equ	3442	;# 
  1774   000D73                     RXF9EIDL        equ	3443	;# 
  1775   000D74                     RXF10SIDH       equ	3444	;# 
  1776   000D75                     RXF10SIDL       equ	3445	;# 
  1777   000D76                     RXF10EIDH       equ	3446	;# 
  1778   000D77                     RXF10EIDL       equ	3447	;# 
  1779   000D78                     RXF11SIDH       equ	3448	;# 
  1780   000D79                     RXF11SIDL       equ	3449	;# 
  1781   000D7A                     RXF11EIDH       equ	3450	;# 
  1782   000D7B                     RXF11EIDL       equ	3451	;# 
  1783   000D80                     RXF12SIDH       equ	3456	;# 
  1784   000D81                     RXF12SIDL       equ	3457	;# 
  1785   000D82                     RXF12EIDH       equ	3458	;# 
  1786   000D83                     RXF12EIDL       equ	3459	;# 
  1787   000D84                     RXF13SIDH       equ	3460	;# 
  1788   000D85                     RXF13SIDL       equ	3461	;# 
  1789   000D86                     RXF13EIDH       equ	3462	;# 
  1790   000D87                     RXF13EIDL       equ	3463	;# 
  1791   000D88                     RXF14SIDH       equ	3464	;# 
  1792   000D89                     RXF14SIDL       equ	3465	;# 
  1793   000D8A                     RXF14EIDH       equ	3466	;# 
  1794   000D8B                     RXF14EIDL       equ	3467	;# 
  1795   000D90                     RXF15SIDH       equ	3472	;# 
  1796   000D91                     RXF15SIDL       equ	3473	;# 
  1797   000D92                     RXF15EIDH       equ	3474	;# 
  1798   000D93                     RXF15EIDL       equ	3475	;# 
  1799   000DD4                     RXFCON0         equ	3540	;# 
  1800   000DD5                     RXFCON1         equ	3541	;# 
  1801   000DD8                     SDFLC           equ	3544	;# 
  1802   000DE0                     RXFBCON0        equ	3552	;# 
  1803   000DE1                     RXFBCON1        equ	3553	;# 
  1804   000DE2                     RXFBCON2        equ	3554	;# 
  1805   000DE3                     RXFBCON3        equ	3555	;# 
  1806   000DE4                     RXFBCON4        equ	3556	;# 
  1807   000DE5                     RXFBCON5        equ	3557	;# 
  1808   000DE6                     RXFBCON6        equ	3558	;# 
  1809   000DE7                     RXFBCON7        equ	3559	;# 
  1810   000DF0                     MSEL0           equ	3568	;# 
  1811   000DF1                     MSEL1           equ	3569	;# 
  1812   000DF2                     MSEL2           equ	3570	;# 
  1813   000DF3                     MSEL3           equ	3571	;# 
  1814   000DF8                     BSEL0           equ	3576	;# 
  1815   000DFA                     BIE0            equ	3578	;# 
  1816   000DFC                     TXBIE           equ	3580	;# 
  1817   000E20                     B0CON           equ	3616	;# 
  1818   000E21                     B0SIDH          equ	3617	;# 
  1819   000E22                     B0SIDL          equ	3618	;# 
  1820   000E23                     B0EIDH          equ	3619	;# 
  1821   000E24                     B0EIDL          equ	3620	;# 
  1822   000E25                     B0DLC           equ	3621	;# 
  1823   000E26                     B0D0            equ	3622	;# 
  1824   000E27                     B0D1            equ	3623	;# 
  1825   000E28                     B0D2            equ	3624	;# 
  1826   000E29                     B0D3            equ	3625	;# 
  1827   000E2A                     B0D4            equ	3626	;# 
  1828   000E2B                     B0D5            equ	3627	;# 
  1829   000E2C                     B0D6            equ	3628	;# 
  1830   000E2D                     B0D7            equ	3629	;# 
  1831   000E2E                     CANSTAT_RO9     equ	3630	;# 
  1832   000E2F                     CANCON_RO9      equ	3631	;# 
  1833   000E30                     B1CON           equ	3632	;# 
  1834   000E31                     B1SIDH          equ	3633	;# 
  1835   000E32                     B1SIDL          equ	3634	;# 
  1836   000E33                     B1EIDH          equ	3635	;# 
  1837   000E34                     B1EIDL          equ	3636	;# 
  1838   000E35                     B1DLC           equ	3637	;# 
  1839   000E36                     B1D0            equ	3638	;# 
  1840   000E37                     B1D1            equ	3639	;# 
  1841   000E38                     B1D2            equ	3640	;# 
  1842   000E39                     B1D3            equ	3641	;# 
  1843   000E3A                     B1D4            equ	3642	;# 
  1844   000E3B                     B1D5            equ	3643	;# 
  1845   000E3C                     B1D6            equ	3644	;# 
  1846   000E3D                     B1D7            equ	3645	;# 
  1847   000E3E                     CANSTAT_RO8     equ	3646	;# 
  1848   000E3F                     CANCON_RO8      equ	3647	;# 
  1849   000E40                     B2CON           equ	3648	;# 
  1850   000E41                     B2SIDH          equ	3649	;# 
  1851   000E42                     B2SIDL          equ	3650	;# 
  1852   000E43                     B2EIDH          equ	3651	;# 
  1853   000E44                     B2EIDL          equ	3652	;# 
  1854   000E45                     B2DLC           equ	3653	;# 
  1855   000E46                     B2D0            equ	3654	;# 
  1856   000E47                     B2D1            equ	3655	;# 
  1857   000E48                     B2D2            equ	3656	;# 
  1858   000E49                     B2D3            equ	3657	;# 
  1859   000E4A                     B2D4            equ	3658	;# 
  1860   000E4B                     B2D5            equ	3659	;# 
  1861   000E4C                     B2D6            equ	3660	;# 
  1862   000E4D                     B2D7            equ	3661	;# 
  1863   000E4E                     CANSTAT_RO7     equ	3662	;# 
  1864   000E4F                     CANCON_RO7      equ	3663	;# 
  1865   000E50                     B3CON           equ	3664	;# 
  1866   000E51                     B3SIDH          equ	3665	;# 
  1867   000E52                     B3SIDL          equ	3666	;# 
  1868   000E53                     B3EIDH          equ	3667	;# 
  1869   000E54                     B3EIDL          equ	3668	;# 
  1870   000E55                     B3DLC           equ	3669	;# 
  1871   000E56                     B3D0            equ	3670	;# 
  1872   000E57                     B3D1            equ	3671	;# 
  1873   000E58                     B3D2            equ	3672	;# 
  1874   000E59                     B3D3            equ	3673	;# 
  1875   000E5A                     B3D4            equ	3674	;# 
  1876   000E5B                     B3D5            equ	3675	;# 
  1877   000E5C                     B3D6            equ	3676	;# 
  1878   000E5D                     B3D7            equ	3677	;# 
  1879   000E5E                     CANSTAT_RO6     equ	3678	;# 
  1880   000E5F                     CANCON_RO6      equ	3679	;# 
  1881   000E60                     B4CON           equ	3680	;# 
  1882   000E61                     B4SIDH          equ	3681	;# 
  1883   000E62                     B4SIDL          equ	3682	;# 
  1884   000E63                     B4EIDH          equ	3683	;# 
  1885   000E64                     B4EIDL          equ	3684	;# 
  1886   000E65                     B4DLC           equ	3685	;# 
  1887   000E66                     B4D0            equ	3686	;# 
  1888   000E67                     B4D1            equ	3687	;# 
  1889   000E68                     B4D2            equ	3688	;# 
  1890   000E69                     B4D3            equ	3689	;# 
  1891   000E6A                     B4D4            equ	3690	;# 
  1892   000E6B                     B4D5            equ	3691	;# 
  1893   000E6C                     B4D6            equ	3692	;# 
  1894   000E6D                     B4D7            equ	3693	;# 
  1895   000E6E                     CANSTAT_RO5     equ	3694	;# 
  1896   000E6F                     CANCON_RO5      equ	3695	;# 
  1897   000E70                     B5CON           equ	3696	;# 
  1898   000E71                     B5SIDH          equ	3697	;# 
  1899   000E72                     B5SIDL          equ	3698	;# 
  1900   000E73                     B5EIDH          equ	3699	;# 
  1901   000E74                     B5EIDL          equ	3700	;# 
  1902   000E75                     B5DLC           equ	3701	;# 
  1903   000E76                     B5D0            equ	3702	;# 
  1904   000E77                     B5D1            equ	3703	;# 
  1905   000E78                     B5D2            equ	3704	;# 
  1906   000E79                     B5D3            equ	3705	;# 
  1907   000E7A                     B5D4            equ	3706	;# 
  1908   000E7B                     B5D5            equ	3707	;# 
  1909   000E7C                     B5D6            equ	3708	;# 
  1910   000E7D                     B5D7            equ	3709	;# 
  1911   000E7E                     CANSTAT_RO4     equ	3710	;# 
  1912   000E7F                     CANCON_RO4      equ	3711	;# 
  1913   000F00                     RXF0SIDH        equ	3840	;# 
  1914   000F01                     RXF0SIDL        equ	3841	;# 
  1915   000F02                     RXF0EIDH        equ	3842	;# 
  1916   000F03                     RXF0EIDL        equ	3843	;# 
  1917   000F04                     RXF1SIDH        equ	3844	;# 
  1918   000F05                     RXF1SIDL        equ	3845	;# 
  1919   000F06                     RXF1EIDH        equ	3846	;# 
  1920   000F07                     RXF1EIDL        equ	3847	;# 
  1921   000F08                     RXF2SIDH        equ	3848	;# 
  1922   000F09                     RXF2SIDL        equ	3849	;# 
  1923   000F0A                     RXF2EIDH        equ	3850	;# 
  1924   000F0B                     RXF2EIDL        equ	3851	;# 
  1925   000F0C                     RXF3SIDH        equ	3852	;# 
  1926   000F0D                     RXF3SIDL        equ	3853	;# 
  1927   000F0E                     RXF3EIDH        equ	3854	;# 
  1928   000F0F                     RXF3EIDL        equ	3855	;# 
  1929   000F10                     RXF4SIDH        equ	3856	;# 
  1930   000F11                     RXF4SIDL        equ	3857	;# 
  1931   000F12                     RXF4EIDH        equ	3858	;# 
  1932   000F13                     RXF4EIDL        equ	3859	;# 
  1933   000F14                     RXF5SIDH        equ	3860	;# 
  1934   000F15                     RXF5SIDL        equ	3861	;# 
  1935   000F16                     RXF5EIDH        equ	3862	;# 
  1936   000F17                     RXF5EIDL        equ	3863	;# 
  1937   000F18                     RXM0SIDH        equ	3864	;# 
  1938   000F19                     RXM0SIDL        equ	3865	;# 
  1939   000F1A                     RXM0EIDH        equ	3866	;# 
  1940   000F1B                     RXM0EIDL        equ	3867	;# 
  1941   000F1C                     RXM1SIDH        equ	3868	;# 
  1942   000F1D                     RXM1SIDL        equ	3869	;# 
  1943   000F1E                     RXM1EIDH        equ	3870	;# 
  1944   000F1F                     RXM1EIDL        equ	3871	;# 
  1945   000F20                     TXB2CON         equ	3872	;# 
  1946   000F21                     TXB2SIDH        equ	3873	;# 
  1947   000F22                     TXB2SIDL        equ	3874	;# 
  1948   000F23                     TXB2EIDH        equ	3875	;# 
  1949   000F24                     TXB2EIDL        equ	3876	;# 
  1950   000F25                     TXB2DLC         equ	3877	;# 
  1951   000F26                     TXB2D0          equ	3878	;# 
  1952   000F27                     TXB2D1          equ	3879	;# 
  1953   000F28                     TXB2D2          equ	3880	;# 
  1954   000F29                     TXB2D3          equ	3881	;# 
  1955   000F2A                     TXB2D4          equ	3882	;# 
  1956   000F2B                     TXB2D5          equ	3883	;# 
  1957   000F2C                     TXB2D6          equ	3884	;# 
  1958   000F2D                     TXB2D7          equ	3885	;# 
  1959   000F2E                     CANSTAT_RO3     equ	3886	;# 
  1960   000F2F                     CANCON_RO3      equ	3887	;# 
  1961   000F30                     TXB1CON         equ	3888	;# 
  1962   000F31                     TXB1SIDH        equ	3889	;# 
  1963   000F32                     TXB1SIDL        equ	3890	;# 
  1964   000F33                     TXB1EIDH        equ	3891	;# 
  1965   000F34                     TXB1EIDL        equ	3892	;# 
  1966   000F35                     TXB1DLC         equ	3893	;# 
  1967   000F36                     TXB1D0          equ	3894	;# 
  1968   000F37                     TXB1D1          equ	3895	;# 
  1969   000F38                     TXB1D2          equ	3896	;# 
  1970   000F39                     TXB1D3          equ	3897	;# 
  1971   000F3A                     TXB1D4          equ	3898	;# 
  1972   000F3B                     TXB1D5          equ	3899	;# 
  1973   000F3C                     TXB1D6          equ	3900	;# 
  1974   000F3D                     TXB1D7          equ	3901	;# 
  1975   000F3E                     CANSTAT_RO2     equ	3902	;# 
  1976   000F3F                     CANCON_RO2      equ	3903	;# 
  1977   000F40                     TXB0CON         equ	3904	;# 
  1978   000F41                     TXB0SIDH        equ	3905	;# 
  1979   000F42                     TXB0SIDL        equ	3906	;# 
  1980   000F43                     TXB0EIDH        equ	3907	;# 
  1981   000F44                     TXB0EIDL        equ	3908	;# 
  1982   000F45                     TXB0DLC         equ	3909	;# 
  1983   000F46                     TXB0D0          equ	3910	;# 
  1984   000F47                     TXB0D1          equ	3911	;# 
  1985   000F48                     TXB0D2          equ	3912	;# 
  1986   000F49                     TXB0D3          equ	3913	;# 
  1987   000F4A                     TXB0D4          equ	3914	;# 
  1988   000F4B                     TXB0D5          equ	3915	;# 
  1989   000F4C                     TXB0D6          equ	3916	;# 
  1990   000F4D                     TXB0D7          equ	3917	;# 
  1991   000F4E                     CANSTAT_RO1     equ	3918	;# 
  1992   000F4F                     CANCON_RO1      equ	3919	;# 
  1993   000F50                     RXB1CON         equ	3920	;# 
  1994   000F51                     RXB1SIDH        equ	3921	;# 
  1995   000F52                     RXB1SIDL        equ	3922	;# 
  1996   000F53                     RXB1EIDH        equ	3923	;# 
  1997   000F54                     RXB1EIDL        equ	3924	;# 
  1998   000F55                     RXB1DLC         equ	3925	;# 
  1999   000F56                     RXB1D0          equ	3926	;# 
  2000   000F57                     RXB1D1          equ	3927	;# 
  2001   000F58                     RXB1D2          equ	3928	;# 
  2002   000F59                     RXB1D3          equ	3929	;# 
  2003   000F5A                     RXB1D4          equ	3930	;# 
  2004   000F5B                     RXB1D5          equ	3931	;# 
  2005   000F5C                     RXB1D6          equ	3932	;# 
  2006   000F5D                     RXB1D7          equ	3933	;# 
  2007   000F5E                     CANSTAT_RO0     equ	3934	;# 
  2008   000F5F                     CANCON_RO0      equ	3935	;# 
  2009   000F60                     RXB0CON         equ	3936	;# 
  2010   000F61                     RXB0SIDH        equ	3937	;# 
  2011   000F62                     RXB0SIDL        equ	3938	;# 
  2012   000F63                     RXB0EIDH        equ	3939	;# 
  2013   000F64                     RXB0EIDL        equ	3940	;# 
  2014   000F65                     RXB0DLC         equ	3941	;# 
  2015   000F66                     RXB0D0          equ	3942	;# 
  2016   000F67                     RXB0D1          equ	3943	;# 
  2017   000F68                     RXB0D2          equ	3944	;# 
  2018   000F69                     RXB0D3          equ	3945	;# 
  2019   000F6A                     RXB0D4          equ	3946	;# 
  2020   000F6B                     RXB0D5          equ	3947	;# 
  2021   000F6C                     RXB0D6          equ	3948	;# 
  2022   000F6D                     RXB0D7          equ	3949	;# 
  2023   000F6E                     CANSTAT         equ	3950	;# 
  2024   000F6F                     CANCON          equ	3951	;# 
  2025   000F70                     BRGCON1         equ	3952	;# 
  2026   000F71                     BRGCON2         equ	3953	;# 
  2027   000F72                     BRGCON3         equ	3954	;# 
  2028   000F73                     CIOCON          equ	3955	;# 
  2029   000F74                     COMSTAT         equ	3956	;# 
  2030   000F75                     RXERRCNT        equ	3957	;# 
  2031   000F76                     TXERRCNT        equ	3958	;# 
  2032   000F77                     ECANCON         equ	3959	;# 
  2033   000F80                     PORTA           equ	3968	;# 
  2034   000F81                     PORTB           equ	3969	;# 
  2035   000F82                     PORTC           equ	3970	;# 
  2036   000F83                     PORTD           equ	3971	;# 
  2037   000F84                     PORTE           equ	3972	;# 
  2038   000F89                     LATA            equ	3977	;# 
  2039   000F8A                     LATB            equ	3978	;# 
  2040   000F8B                     LATC            equ	3979	;# 
  2041   000F8C                     LATD            equ	3980	;# 
  2042   000F8D                     LATE            equ	3981	;# 
  2043   000F92                     TRISA           equ	3986	;# 
  2044   000F92                     DDRA            equ	3986	;# 
  2045   000F93                     TRISB           equ	3987	;# 
  2046   000F93                     DDRB            equ	3987	;# 
  2047   000F94                     TRISC           equ	3988	;# 
  2048   000F94                     DDRC            equ	3988	;# 
  2049   000F95                     TRISD           equ	3989	;# 
  2050   000F95                     DDRD            equ	3989	;# 
  2051   000F96                     TRISE           equ	3990	;# 
  2052   000F96                     DDRE            equ	3990	;# 
  2053   000F9B                     OSCTUNE         equ	3995	;# 
  2054   000F9D                     PIE1            equ	3997	;# 
  2055   000F9E                     PIR1            equ	3998	;# 
  2056   000F9F                     IPR1            equ	3999	;# 
  2057   000FA0                     PIE2            equ	4000	;# 
  2058   000FA1                     PIR2            equ	4001	;# 
  2059   000FA2                     IPR2            equ	4002	;# 
  2060   000FA3                     PIE3            equ	4003	;# 
  2061   000FA4                     PIR3            equ	4004	;# 
  2062   000FA5                     IPR3            equ	4005	;# 
  2063   000FA6                     EECON1          equ	4006	;# 
  2064   000FA7                     EECON2          equ	4007	;# 
  2065   000FA8                     EEDATA          equ	4008	;# 
  2066   000FA9                     EEADR           equ	4009	;# 
  2067   000FAB                     RCSTA           equ	4011	;# 
  2068   000FAB                     RCSTA1          equ	4011	;# 
  2069   000FAC                     TXSTA           equ	4012	;# 
  2070   000FAC                     TXSTA1          equ	4012	;# 
  2071   000FAD                     TXREG           equ	4013	;# 
  2072   000FAD                     TXREG1          equ	4013	;# 
  2073   000FAE                     RCREG           equ	4014	;# 
  2074   000FAE                     RCREG1          equ	4014	;# 
  2075   000FAF                     SPBRG           equ	4015	;# 
  2076   000FAF                     SPBRG1          equ	4015	;# 
  2077   000FB0                     SPBRGH          equ	4016	;# 
  2078   000FB1                     T3CON           equ	4017	;# 
  2079   000FB2                     TMR3            equ	4018	;# 
  2080   000FB2                     TMR3L           equ	4018	;# 
  2081   000FB3                     TMR3H           equ	4019	;# 
  2082   000FB4                     CMCON           equ	4020	;# 
  2083   000FB5                     CVRCON          equ	4021	;# 
  2084   000FB6                     ECCP1AS         equ	4022	;# 
  2085   000FB7                     ECCP1DEL        equ	4023	;# 
  2086   000FB8                     BAUDCON         equ	4024	;# 
  2087   000FB8                     BAUDCTL         equ	4024	;# 
  2088   000FBA                     ECCP1CON        equ	4026	;# 
  2089   000FBB                     ECCPR1          equ	4027	;# 
  2090   000FBB                     ECCPR1L         equ	4027	;# 
  2091   000FBC                     ECCPR1H         equ	4028	;# 
  2092   000FBD                     CCP1CON         equ	4029	;# 
  2093   000FBE                     CCPR1           equ	4030	;# 
  2094   000FBE                     CCPR1L          equ	4030	;# 
  2095   000FBF                     CCPR1H          equ	4031	;# 
  2096   000FC0                     ADCON2          equ	4032	;# 
  2097   000FC1                     ADCON1          equ	4033	;# 
  2098   000FC2                     ADCON0          equ	4034	;# 
  2099   000FC3                     ADRES           equ	4035	;# 
  2100   000FC3                     ADRESL          equ	4035	;# 
  2101   000FC4                     ADRESH          equ	4036	;# 
  2102   000FC5                     SSPCON2         equ	4037	;# 
  2103   000FC6                     SSPCON1         equ	4038	;# 
  2104   000FC7                     SSPSTAT         equ	4039	;# 
  2105   000FC8                     SSPADD          equ	4040	;# 
  2106   000FC9                     SSPBUF          equ	4041	;# 
  2107   000FCA                     T2CON           equ	4042	;# 
  2108   000FCB                     PR2             equ	4043	;# 
  2109   000FCB                     MEMCON          equ	4043	;# 
  2110   000FCC                     TMR2            equ	4044	;# 
  2111   000FCD                     T1CON           equ	4045	;# 
  2112   000FCE                     TMR1            equ	4046	;# 
  2113   000FCE                     TMR1L           equ	4046	;# 
  2114   000FCF                     TMR1H           equ	4047	;# 
  2115   000FD0                     RCON            equ	4048	;# 
  2116   000FD1                     WDTCON          equ	4049	;# 
  2117   000FD2                     HLVDCON         equ	4050	;# 
  2118   000FD2                     LVDCON          equ	4050	;# 
  2119   000FD3                     OSCCON          equ	4051	;# 
  2120   000FD5                     T0CON           equ	4053	;# 
  2121   000FD6                     TMR0            equ	4054	;# 
  2122   000FD6                     TMR0L           equ	4054	;# 
  2123   000FD7                     TMR0H           equ	4055	;# 
  2124   000FD8                     STATUS          equ	4056	;# 
  2125   000FD9                     FSR2            equ	4057	;# 
  2126   000FD9                     FSR2L           equ	4057	;# 
  2127   000FDA                     FSR2H           equ	4058	;# 
  2128   000FDB                     PLUSW2          equ	4059	;# 
  2129   000FDC                     PREINC2         equ	4060	;# 
  2130   000FDD                     POSTDEC2        equ	4061	;# 
  2131   000FDE                     POSTINC2        equ	4062	;# 
  2132   000FDF                     INDF2           equ	4063	;# 
  2133   000FE0                     BSR             equ	4064	;# 
  2134   000FE1                     FSR1            equ	4065	;# 
  2135   000FE1                     FSR1L           equ	4065	;# 
  2136   000FE2                     FSR1H           equ	4066	;# 
  2137   000FE3                     PLUSW1          equ	4067	;# 
  2138   000FE4                     PREINC1         equ	4068	;# 
  2139   000FE5                     POSTDEC1        equ	4069	;# 
  2140   000FE6                     POSTINC1        equ	4070	;# 
  2141   000FE7                     INDF1           equ	4071	;# 
  2142   000FE8                     WREG            equ	4072	;# 
  2143   000FE9                     FSR0            equ	4073	;# 
  2144   000FE9                     FSR0L           equ	4073	;# 
  2145   000FEA                     FSR0H           equ	4074	;# 
  2146   000FEB                     PLUSW0          equ	4075	;# 
  2147   000FEC                     PREINC0         equ	4076	;# 
  2148   000FED                     POSTDEC0        equ	4077	;# 
  2149   000FEE                     POSTINC0        equ	4078	;# 
  2150   000FEF                     INDF0           equ	4079	;# 
  2151   000FF0                     INTCON3         equ	4080	;# 
  2152   000FF1                     INTCON2         equ	4081	;# 
  2153   000FF2                     INTCON          equ	4082	;# 
  2154   000FF3                     PROD            equ	4083	;# 
  2155   000FF3                     PRODL           equ	4083	;# 
  2156   000FF4                     PRODH           equ	4084	;# 
  2157   000FF5                     TABLAT          equ	4085	;# 
  2158   000FF6                     TBLPTR          equ	4086	;# 
  2159   000FF6                     TBLPTRL         equ	4086	;# 
  2160   000FF7                     TBLPTRH         equ	4087	;# 
  2161   000FF8                     TBLPTRU         equ	4088	;# 
  2162   000FF9                     PCLAT           equ	4089	;# 
  2163   000FF9                     PC              equ	4089	;# 
  2164   000FF9                     PCL             equ	4089	;# 
  2165   000FFA                     PCLATH          equ	4090	;# 
  2166   000FFB                     PCLATU          equ	4091	;# 
  2167   000FFC                     STKPTR          equ	4092	;# 
  2168   000FFD                     TOS             equ	4093	;# 
  2169   000FFD                     TOSL            equ	4093	;# 
  2170   000FFE                     TOSH            equ	4094	;# 
  2171   000FFF                     TOSU            equ	4095	;# 
  2172   000D60                     RXF6SIDH        equ	3424	;# 
  2173   000D61                     RXF6SIDL        equ	3425	;# 
  2174   000D62                     RXF6EIDH        equ	3426	;# 
  2175   000D63                     RXF6EIDL        equ	3427	;# 
  2176   000D64                     RXF7SIDH        equ	3428	;# 
  2177   000D65                     RXF7SIDL        equ	3429	;# 
  2178   000D66                     RXF7EIDH        equ	3430	;# 
  2179   000D67                     RXF7EIDL        equ	3431	;# 
  2180   000D68                     RXF8SIDH        equ	3432	;# 
  2181   000D69                     RXF8SIDL        equ	3433	;# 
  2182   000D6A                     RXF8EIDH        equ	3434	;# 
  2183   000D6B                     RXF8EIDL        equ	3435	;# 
  2184   000D70                     RXF9SIDH        equ	3440	;# 
  2185   000D71                     RXF9SIDL        equ	3441	;# 
  2186   000D72                     RXF9EIDH        equ	3442	;# 
  2187   000D73                     RXF9EIDL        equ	3443	;# 
  2188   000D74                     RXF10SIDH       equ	3444	;# 
  2189   000D75                     RXF10SIDL       equ	3445	;# 
  2190   000D76                     RXF10EIDH       equ	3446	;# 
  2191   000D77                     RXF10EIDL       equ	3447	;# 
  2192   000D78                     RXF11SIDH       equ	3448	;# 
  2193   000D79                     RXF11SIDL       equ	3449	;# 
  2194   000D7A                     RXF11EIDH       equ	3450	;# 
  2195   000D7B                     RXF11EIDL       equ	3451	;# 
  2196   000D80                     RXF12SIDH       equ	3456	;# 
  2197   000D81                     RXF12SIDL       equ	3457	;# 
  2198   000D82                     RXF12EIDH       equ	3458	;# 
  2199   000D83                     RXF12EIDL       equ	3459	;# 
  2200   000D84                     RXF13SIDH       equ	3460	;# 
  2201   000D85                     RXF13SIDL       equ	3461	;# 
  2202   000D86                     RXF13EIDH       equ	3462	;# 
  2203   000D87                     RXF13EIDL       equ	3463	;# 
  2204   000D88                     RXF14SIDH       equ	3464	;# 
  2205   000D89                     RXF14SIDL       equ	3465	;# 
  2206   000D8A                     RXF14EIDH       equ	3466	;# 
  2207   000D8B                     RXF14EIDL       equ	3467	;# 
  2208   000D90                     RXF15SIDH       equ	3472	;# 
  2209   000D91                     RXF15SIDL       equ	3473	;# 
  2210   000D92                     RXF15EIDH       equ	3474	;# 
  2211   000D93                     RXF15EIDL       equ	3475	;# 
  2212   000DD4                     RXFCON0         equ	3540	;# 
  2213   000DD5                     RXFCON1         equ	3541	;# 
  2214   000DD8                     SDFLC           equ	3544	;# 
  2215   000DE0                     RXFBCON0        equ	3552	;# 
  2216   000DE1                     RXFBCON1        equ	3553	;# 
  2217   000DE2                     RXFBCON2        equ	3554	;# 
  2218   000DE3                     RXFBCON3        equ	3555	;# 
  2219   000DE4                     RXFBCON4        equ	3556	;# 
  2220   000DE5                     RXFBCON5        equ	3557	;# 
  2221   000DE6                     RXFBCON6        equ	3558	;# 
  2222   000DE7                     RXFBCON7        equ	3559	;# 
  2223   000DF0                     MSEL0           equ	3568	;# 
  2224   000DF1                     MSEL1           equ	3569	;# 
  2225   000DF2                     MSEL2           equ	3570	;# 
  2226   000DF3                     MSEL3           equ	3571	;# 
  2227   000DF8                     BSEL0           equ	3576	;# 
  2228   000DFA                     BIE0            equ	3578	;# 
  2229   000DFC                     TXBIE           equ	3580	;# 
  2230   000E20                     B0CON           equ	3616	;# 
  2231   000E21                     B0SIDH          equ	3617	;# 
  2232   000E22                     B0SIDL          equ	3618	;# 
  2233   000E23                     B0EIDH          equ	3619	;# 
  2234   000E24                     B0EIDL          equ	3620	;# 
  2235   000E25                     B0DLC           equ	3621	;# 
  2236   000E26                     B0D0            equ	3622	;# 
  2237   000E27                     B0D1            equ	3623	;# 
  2238   000E28                     B0D2            equ	3624	;# 
  2239   000E29                     B0D3            equ	3625	;# 
  2240   000E2A                     B0D4            equ	3626	;# 
  2241   000E2B                     B0D5            equ	3627	;# 
  2242   000E2C                     B0D6            equ	3628	;# 
  2243   000E2D                     B0D7            equ	3629	;# 
  2244   000E2E                     CANSTAT_RO9     equ	3630	;# 
  2245   000E2F                     CANCON_RO9      equ	3631	;# 
  2246   000E30                     B1CON           equ	3632	;# 
  2247   000E31                     B1SIDH          equ	3633	;# 
  2248   000E32                     B1SIDL          equ	3634	;# 
  2249   000E33                     B1EIDH          equ	3635	;# 
  2250   000E34                     B1EIDL          equ	3636	;# 
  2251   000E35                     B1DLC           equ	3637	;# 
  2252   000E36                     B1D0            equ	3638	;# 
  2253   000E37                     B1D1            equ	3639	;# 
  2254   000E38                     B1D2            equ	3640	;# 
  2255   000E39                     B1D3            equ	3641	;# 
  2256   000E3A                     B1D4            equ	3642	;# 
  2257   000E3B                     B1D5            equ	3643	;# 
  2258   000E3C                     B1D6            equ	3644	;# 
  2259   000E3D                     B1D7            equ	3645	;# 
  2260   000E3E                     CANSTAT_RO8     equ	3646	;# 
  2261   000E3F                     CANCON_RO8      equ	3647	;# 
  2262   000E40                     B2CON           equ	3648	;# 
  2263   000E41                     B2SIDH          equ	3649	;# 
  2264   000E42                     B2SIDL          equ	3650	;# 
  2265   000E43                     B2EIDH          equ	3651	;# 
  2266   000E44                     B2EIDL          equ	3652	;# 
  2267   000E45                     B2DLC           equ	3653	;# 
  2268   000E46                     B2D0            equ	3654	;# 
  2269   000E47                     B2D1            equ	3655	;# 
  2270   000E48                     B2D2            equ	3656	;# 
  2271   000E49                     B2D3            equ	3657	;# 
  2272   000E4A                     B2D4            equ	3658	;# 
  2273   000E4B                     B2D5            equ	3659	;# 
  2274   000E4C                     B2D6            equ	3660	;# 
  2275   000E4D                     B2D7            equ	3661	;# 
  2276   000E4E                     CANSTAT_RO7     equ	3662	;# 
  2277   000E4F                     CANCON_RO7      equ	3663	;# 
  2278   000E50                     B3CON           equ	3664	;# 
  2279   000E51                     B3SIDH          equ	3665	;# 
  2280   000E52                     B3SIDL          equ	3666	;# 
  2281   000E53                     B3EIDH          equ	3667	;# 
  2282   000E54                     B3EIDL          equ	3668	;# 
  2283   000E55                     B3DLC           equ	3669	;# 
  2284   000E56                     B3D0            equ	3670	;# 
  2285   000E57                     B3D1            equ	3671	;# 
  2286   000E58                     B3D2            equ	3672	;# 
  2287   000E59                     B3D3            equ	3673	;# 
  2288   000E5A                     B3D4            equ	3674	;# 
  2289   000E5B                     B3D5            equ	3675	;# 
  2290   000E5C                     B3D6            equ	3676	;# 
  2291   000E5D                     B3D7            equ	3677	;# 
  2292   000E5E                     CANSTAT_RO6     equ	3678	;# 
  2293   000E5F                     CANCON_RO6      equ	3679	;# 
  2294   000E60                     B4CON           equ	3680	;# 
  2295   000E61                     B4SIDH          equ	3681	;# 
  2296   000E62                     B4SIDL          equ	3682	;# 
  2297   000E63                     B4EIDH          equ	3683	;# 
  2298   000E64                     B4EIDL          equ	3684	;# 
  2299   000E65                     B4DLC           equ	3685	;# 
  2300   000E66                     B4D0            equ	3686	;# 
  2301   000E67                     B4D1            equ	3687	;# 
  2302   000E68                     B4D2            equ	3688	;# 
  2303   000E69                     B4D3            equ	3689	;# 
  2304   000E6A                     B4D4            equ	3690	;# 
  2305   000E6B                     B4D5            equ	3691	;# 
  2306   000E6C                     B4D6            equ	3692	;# 
  2307   000E6D                     B4D7            equ	3693	;# 
  2308   000E6E                     CANSTAT_RO5     equ	3694	;# 
  2309   000E6F                     CANCON_RO5      equ	3695	;# 
  2310   000E70                     B5CON           equ	3696	;# 
  2311   000E71                     B5SIDH          equ	3697	;# 
  2312   000E72                     B5SIDL          equ	3698	;# 
  2313   000E73                     B5EIDH          equ	3699	;# 
  2314   000E74                     B5EIDL          equ	3700	;# 
  2315   000E75                     B5DLC           equ	3701	;# 
  2316   000E76                     B5D0            equ	3702	;# 
  2317   000E77                     B5D1            equ	3703	;# 
  2318   000E78                     B5D2            equ	3704	;# 
  2319   000E79                     B5D3            equ	3705	;# 
  2320   000E7A                     B5D4            equ	3706	;# 
  2321   000E7B                     B5D5            equ	3707	;# 
  2322   000E7C                     B5D6            equ	3708	;# 
  2323   000E7D                     B5D7            equ	3709	;# 
  2324   000E7E                     CANSTAT_RO4     equ	3710	;# 
  2325   000E7F                     CANCON_RO4      equ	3711	;# 
  2326   000F00                     RXF0SIDH        equ	3840	;# 
  2327   000F01                     RXF0SIDL        equ	3841	;# 
  2328   000F02                     RXF0EIDH        equ	3842	;# 
  2329   000F03                     RXF0EIDL        equ	3843	;# 
  2330   000F04                     RXF1SIDH        equ	3844	;# 
  2331   000F05                     RXF1SIDL        equ	3845	;# 
  2332   000F06                     RXF1EIDH        equ	3846	;# 
  2333   000F07                     RXF1EIDL        equ	3847	;# 
  2334   000F08                     RXF2SIDH        equ	3848	;# 
  2335   000F09                     RXF2SIDL        equ	3849	;# 
  2336   000F0A                     RXF2EIDH        equ	3850	;# 
  2337   000F0B                     RXF2EIDL        equ	3851	;# 
  2338   000F0C                     RXF3SIDH        equ	3852	;# 
  2339   000F0D                     RXF3SIDL        equ	3853	;# 
  2340   000F0E                     RXF3EIDH        equ	3854	;# 
  2341   000F0F                     RXF3EIDL        equ	3855	;# 
  2342   000F10                     RXF4SIDH        equ	3856	;# 
  2343   000F11                     RXF4SIDL        equ	3857	;# 
  2344   000F12                     RXF4EIDH        equ	3858	;# 
  2345   000F13                     RXF4EIDL        equ	3859	;# 
  2346   000F14                     RXF5SIDH        equ	3860	;# 
  2347   000F15                     RXF5SIDL        equ	3861	;# 
  2348   000F16                     RXF5EIDH        equ	3862	;# 
  2349   000F17                     RXF5EIDL        equ	3863	;# 
  2350   000F18                     RXM0SIDH        equ	3864	;# 
  2351   000F19                     RXM0SIDL        equ	3865	;# 
  2352   000F1A                     RXM0EIDH        equ	3866	;# 
  2353   000F1B                     RXM0EIDL        equ	3867	;# 
  2354   000F1C                     RXM1SIDH        equ	3868	;# 
  2355   000F1D                     RXM1SIDL        equ	3869	;# 
  2356   000F1E                     RXM1EIDH        equ	3870	;# 
  2357   000F1F                     RXM1EIDL        equ	3871	;# 
  2358   000F20                     TXB2CON         equ	3872	;# 
  2359   000F21                     TXB2SIDH        equ	3873	;# 
  2360   000F22                     TXB2SIDL        equ	3874	;# 
  2361   000F23                     TXB2EIDH        equ	3875	;# 
  2362   000F24                     TXB2EIDL        equ	3876	;# 
  2363   000F25                     TXB2DLC         equ	3877	;# 
  2364   000F26                     TXB2D0          equ	3878	;# 
  2365   000F27                     TXB2D1          equ	3879	;# 
  2366   000F28                     TXB2D2          equ	3880	;# 
  2367   000F29                     TXB2D3          equ	3881	;# 
  2368   000F2A                     TXB2D4          equ	3882	;# 
  2369   000F2B                     TXB2D5          equ	3883	;# 
  2370   000F2C                     TXB2D6          equ	3884	;# 
  2371   000F2D                     TXB2D7          equ	3885	;# 
  2372   000F2E                     CANSTAT_RO3     equ	3886	;# 
  2373   000F2F                     CANCON_RO3      equ	3887	;# 
  2374   000F30                     TXB1CON         equ	3888	;# 
  2375   000F31                     TXB1SIDH        equ	3889	;# 
  2376   000F32                     TXB1SIDL        equ	3890	;# 
  2377   000F33                     TXB1EIDH        equ	3891	;# 
  2378   000F34                     TXB1EIDL        equ	3892	;# 
  2379   000F35                     TXB1DLC         equ	3893	;# 
  2380   000F36                     TXB1D0          equ	3894	;# 
  2381   000F37                     TXB1D1          equ	3895	;# 
  2382   000F38                     TXB1D2          equ	3896	;# 
  2383   000F39                     TXB1D3          equ	3897	;# 
  2384   000F3A                     TXB1D4          equ	3898	;# 
  2385   000F3B                     TXB1D5          equ	3899	;# 
  2386   000F3C                     TXB1D6          equ	3900	;# 
  2387   000F3D                     TXB1D7          equ	3901	;# 
  2388   000F3E                     CANSTAT_RO2     equ	3902	;# 
  2389   000F3F                     CANCON_RO2      equ	3903	;# 
  2390   000F40                     TXB0CON         equ	3904	;# 
  2391   000F41                     TXB0SIDH        equ	3905	;# 
  2392   000F42                     TXB0SIDL        equ	3906	;# 
  2393   000F43                     TXB0EIDH        equ	3907	;# 
  2394   000F44                     TXB0EIDL        equ	3908	;# 
  2395   000F45                     TXB0DLC         equ	3909	;# 
  2396   000F46                     TXB0D0          equ	3910	;# 
  2397   000F47                     TXB0D1          equ	3911	;# 
  2398   000F48                     TXB0D2          equ	3912	;# 
  2399   000F49                     TXB0D3          equ	3913	;# 
  2400   000F4A                     TXB0D4          equ	3914	;# 
  2401   000F4B                     TXB0D5          equ	3915	;# 
  2402   000F4C                     TXB0D6          equ	3916	;# 
  2403   000F4D                     TXB0D7          equ	3917	;# 
  2404   000F4E                     CANSTAT_RO1     equ	3918	;# 
  2405   000F4F                     CANCON_RO1      equ	3919	;# 
  2406   000F50                     RXB1CON         equ	3920	;# 
  2407   000F51                     RXB1SIDH        equ	3921	;# 
  2408   000F52                     RXB1SIDL        equ	3922	;# 
  2409   000F53                     RXB1EIDH        equ	3923	;# 
  2410   000F54                     RXB1EIDL        equ	3924	;# 
  2411   000F55                     RXB1DLC         equ	3925	;# 
  2412   000F56                     RXB1D0          equ	3926	;# 
  2413   000F57                     RXB1D1          equ	3927	;# 
  2414   000F58                     RXB1D2          equ	3928	;# 
  2415   000F59                     RXB1D3          equ	3929	;# 
  2416   000F5A                     RXB1D4          equ	3930	;# 
  2417   000F5B                     RXB1D5          equ	3931	;# 
  2418   000F5C                     RXB1D6          equ	3932	;# 
  2419   000F5D                     RXB1D7          equ	3933	;# 
  2420   000F5E                     CANSTAT_RO0     equ	3934	;# 
  2421   000F5F                     CANCON_RO0      equ	3935	;# 
  2422   000F60                     RXB0CON         equ	3936	;# 
  2423   000F61                     RXB0SIDH        equ	3937	;# 
  2424   000F62                     RXB0SIDL        equ	3938	;# 
  2425   000F63                     RXB0EIDH        equ	3939	;# 
  2426   000F64                     RXB0EIDL        equ	3940	;# 
  2427   000F65                     RXB0DLC         equ	3941	;# 
  2428   000F66                     RXB0D0          equ	3942	;# 
  2429   000F67                     RXB0D1          equ	3943	;# 
  2430   000F68                     RXB0D2          equ	3944	;# 
  2431   000F69                     RXB0D3          equ	3945	;# 
  2432   000F6A                     RXB0D4          equ	3946	;# 
  2433   000F6B                     RXB0D5          equ	3947	;# 
  2434   000F6C                     RXB0D6          equ	3948	;# 
  2435   000F6D                     RXB0D7          equ	3949	;# 
  2436   000F6E                     CANSTAT         equ	3950	;# 
  2437   000F6F                     CANCON          equ	3951	;# 
  2438   000F70                     BRGCON1         equ	3952	;# 
  2439   000F71                     BRGCON2         equ	3953	;# 
  2440   000F72                     BRGCON3         equ	3954	;# 
  2441   000F73                     CIOCON          equ	3955	;# 
  2442   000F74                     COMSTAT         equ	3956	;# 
  2443   000F75                     RXERRCNT        equ	3957	;# 
  2444   000F76                     TXERRCNT        equ	3958	;# 
  2445   000F77                     ECANCON         equ	3959	;# 
  2446   000F80                     PORTA           equ	3968	;# 
  2447   000F81                     PORTB           equ	3969	;# 
  2448   000F82                     PORTC           equ	3970	;# 
  2449   000F83                     PORTD           equ	3971	;# 
  2450   000F84                     PORTE           equ	3972	;# 
  2451   000F89                     LATA            equ	3977	;# 
  2452   000F8A                     LATB            equ	3978	;# 
  2453   000F8B                     LATC            equ	3979	;# 
  2454   000F8C                     LATD            equ	3980	;# 
  2455   000F8D                     LATE            equ	3981	;# 
  2456   000F92                     TRISA           equ	3986	;# 
  2457   000F92                     DDRA            equ	3986	;# 
  2458   000F93                     TRISB           equ	3987	;# 
  2459   000F93                     DDRB            equ	3987	;# 
  2460   000F94                     TRISC           equ	3988	;# 
  2461   000F94                     DDRC            equ	3988	;# 
  2462   000F95                     TRISD           equ	3989	;# 
  2463   000F95                     DDRD            equ	3989	;# 
  2464   000F96                     TRISE           equ	3990	;# 
  2465   000F96                     DDRE            equ	3990	;# 
  2466   000F9B                     OSCTUNE         equ	3995	;# 
  2467   000F9D                     PIE1            equ	3997	;# 
  2468   000F9E                     PIR1            equ	3998	;# 
  2469   000F9F                     IPR1            equ	3999	;# 
  2470   000FA0                     PIE2            equ	4000	;# 
  2471   000FA1                     PIR2            equ	4001	;# 
  2472   000FA2                     IPR2            equ	4002	;# 
  2473   000FA3                     PIE3            equ	4003	;# 
  2474   000FA4                     PIR3            equ	4004	;# 
  2475   000FA5                     IPR3            equ	4005	;# 
  2476   000FA6                     EECON1          equ	4006	;# 
  2477   000FA7                     EECON2          equ	4007	;# 
  2478   000FA8                     EEDATA          equ	4008	;# 
  2479   000FA9                     EEADR           equ	4009	;# 
  2480   000FAB                     RCSTA           equ	4011	;# 
  2481   000FAB                     RCSTA1          equ	4011	;# 
  2482   000FAC                     TXSTA           equ	4012	;# 
  2483   000FAC                     TXSTA1          equ	4012	;# 
  2484   000FAD                     TXREG           equ	4013	;# 
  2485   000FAD                     TXREG1          equ	4013	;# 
  2486   000FAE                     RCREG           equ	4014	;# 
  2487   000FAE                     RCREG1          equ	4014	;# 
  2488   000FAF                     SPBRG           equ	4015	;# 
  2489   000FAF                     SPBRG1          equ	4015	;# 
  2490   000FB0                     SPBRGH          equ	4016	;# 
  2491   000FB1                     T3CON           equ	4017	;# 
  2492   000FB2                     TMR3            equ	4018	;# 
  2493   000FB2                     TMR3L           equ	4018	;# 
  2494   000FB3                     TMR3H           equ	4019	;# 
  2495   000FB4                     CMCON           equ	4020	;# 
  2496   000FB5                     CVRCON          equ	4021	;# 
  2497   000FB6                     ECCP1AS         equ	4022	;# 
  2498   000FB7                     ECCP1DEL        equ	4023	;# 
  2499   000FB8                     BAUDCON         equ	4024	;# 
  2500   000FB8                     BAUDCTL         equ	4024	;# 
  2501   000FBA                     ECCP1CON        equ	4026	;# 
  2502   000FBB                     ECCPR1          equ	4027	;# 
  2503   000FBB                     ECCPR1L         equ	4027	;# 
  2504   000FBC                     ECCPR1H         equ	4028	;# 
  2505   000FBD                     CCP1CON         equ	4029	;# 
  2506   000FBE                     CCPR1           equ	4030	;# 
  2507   000FBE                     CCPR1L          equ	4030	;# 
  2508   000FBF                     CCPR1H          equ	4031	;# 
  2509   000FC0                     ADCON2          equ	4032	;# 
  2510   000FC1                     ADCON1          equ	4033	;# 
  2511   000FC2                     ADCON0          equ	4034	;# 
  2512   000FC3                     ADRES           equ	4035	;# 
  2513   000FC3                     ADRESL          equ	4035	;# 
  2514   000FC4                     ADRESH          equ	4036	;# 
  2515   000FC5                     SSPCON2         equ	4037	;# 
  2516   000FC6                     SSPCON1         equ	4038	;# 
  2517   000FC7                     SSPSTAT         equ	4039	;# 
  2518   000FC8                     SSPADD          equ	4040	;# 
  2519   000FC9                     SSPBUF          equ	4041	;# 
  2520   000FCA                     T2CON           equ	4042	;# 
  2521   000FCB                     PR2             equ	4043	;# 
  2522   000FCB                     MEMCON          equ	4043	;# 
  2523   000FCC                     TMR2            equ	4044	;# 
  2524   000FCD                     T1CON           equ	4045	;# 
  2525   000FCE                     TMR1            equ	4046	;# 
  2526   000FCE                     TMR1L           equ	4046	;# 
  2527   000FCF                     TMR1H           equ	4047	;# 
  2528   000FD0                     RCON            equ	4048	;# 
  2529   000FD1                     WDTCON          equ	4049	;# 
  2530   000FD2                     HLVDCON         equ	4050	;# 
  2531   000FD2                     LVDCON          equ	4050	;# 
  2532   000FD3                     OSCCON          equ	4051	;# 
  2533   000FD5                     T0CON           equ	4053	;# 
  2534   000FD6                     TMR0            equ	4054	;# 
  2535   000FD6                     TMR0L           equ	4054	;# 
  2536   000FD7                     TMR0H           equ	4055	;# 
  2537   000FD8                     STATUS          equ	4056	;# 
  2538   000FD9                     FSR2            equ	4057	;# 
  2539   000FD9                     FSR2L           equ	4057	;# 
  2540   000FDA                     FSR2H           equ	4058	;# 
  2541   000FDB                     PLUSW2          equ	4059	;# 
  2542   000FDC                     PREINC2         equ	4060	;# 
  2543   000FDD                     POSTDEC2        equ	4061	;# 
  2544   000FDE                     POSTINC2        equ	4062	;# 
  2545   000FDF                     INDF2           equ	4063	;# 
  2546   000FE0                     BSR             equ	4064	;# 
  2547   000FE1                     FSR1            equ	4065	;# 
  2548   000FE1                     FSR1L           equ	4065	;# 
  2549   000FE2                     FSR1H           equ	4066	;# 
  2550   000FE3                     PLUSW1          equ	4067	;# 
  2551   000FE4                     PREINC1         equ	4068	;# 
  2552   000FE5                     POSTDEC1        equ	4069	;# 
  2553   000FE6                     POSTINC1        equ	4070	;# 
  2554   000FE7                     INDF1           equ	4071	;# 
  2555   000FE8                     WREG            equ	4072	;# 
  2556   000FE9                     FSR0            equ	4073	;# 
  2557   000FE9                     FSR0L           equ	4073	;# 
  2558   000FEA                     FSR0H           equ	4074	;# 
  2559   000FEB                     PLUSW0          equ	4075	;# 
  2560   000FEC                     PREINC0         equ	4076	;# 
  2561   000FED                     POSTDEC0        equ	4077	;# 
  2562   000FEE                     POSTINC0        equ	4078	;# 
  2563   000FEF                     INDF0           equ	4079	;# 
  2564   000FF0                     INTCON3         equ	4080	;# 
  2565   000FF1                     INTCON2         equ	4081	;# 
  2566   000FF2                     INTCON          equ	4082	;# 
  2567   000FF3                     PROD            equ	4083	;# 
  2568   000FF3                     PRODL           equ	4083	;# 
  2569   000FF4                     PRODH           equ	4084	;# 
  2570   000FF5                     TABLAT          equ	4085	;# 
  2571   000FF6                     TBLPTR          equ	4086	;# 
  2572   000FF6                     TBLPTRL         equ	4086	;# 
  2573   000FF7                     TBLPTRH         equ	4087	;# 
  2574   000FF8                     TBLPTRU         equ	4088	;# 
  2575   000FF9                     PCLAT           equ	4089	;# 
  2576   000FF9                     PC              equ	4089	;# 
  2577   000FF9                     PCL             equ	4089	;# 
  2578   000FFA                     PCLATH          equ	4090	;# 
  2579   000FFB                     PCLATU          equ	4091	;# 
  2580   000FFC                     STKPTR          equ	4092	;# 
  2581   000FFD                     TOS             equ	4093	;# 
  2582   000FFD                     TOSL            equ	4093	;# 
  2583   000FFE                     TOSH            equ	4094	;# 
  2584   000FFF                     TOSU            equ	4095	;# 
  2585                           
  2586                           	psect	idataCOMRAM
  2587   003000                     __pidataCOMRAM:
  2588                           	callstack 0
  2589                           
  2590                           ;initializer for read_digital_keypad@once
  2591   003000  01                 	db	1
  2592                           
  2593                           	psect	idataBANK0
  2594   0024AE                     __pidataBANK0:
  2595                           	callstack 0
  2596                           
  2597                           ;initializer for main@F10508
  2598   0024AE  F5                 	db	low STR_1
  2599   0024AF  2F                 	db	high STR_1
  2600   0024B0  E3                 	db	low STR_2
  2601   0024B1  2F                 	db	high STR_2
  2602   0024B2  E6                 	db	low STR_3
  2603   0024B3  2F                 	db	high STR_3
  2604   0024B4  E9                 	db	low STR_4
  2605   0024B5  2F                 	db	high STR_4
  2606   0024B6  EC                 	db	low STR_5
  2607   0024B7  2F                 	db	high STR_5
  2608   0024B8  EF                 	db	low STR_6
  2609   0024B9  2F                 	db	high STR_6
  2610   0024BA  F8                 	db	low STR_7
  2611   0024BB  2F                 	db	high STR_7
  2612   0024BC  F2                 	db	low STR_8
  2613   0024BD  2F                 	db	high STR_8
  2614   0024BE  00                 	db	0
  2615   0024BF  00                 	db	0
  2616   000DD4                     _RXFCON0        set	3540
  2617   000F45                     _TXB0DLC        set	3909
  2618   000F44                     _TXB0EIDL       set	3908
  2619   000F43                     _TXB0EIDH       set	3907
  2620   000F41                     _TXB0SIDH       set	3905
  2621   000F42                     _TXB0SIDL       set	3906
  2622   000F46                     _TXB0D0         set	3910
  2623   007A03                     _TXB0REQ        set	31235
  2624   000FAE                     _RCREG          set	4014
  2625   000FAD                     _TXREG          set	4013
  2626   000FAF                     _SPBRG          set	4015
  2627   000F82                     _PORTC          set	3970
  2628   000F94                     _TRISC          set	3988
  2629   000F65                     _RXB0DLC        set	3941
  2630   000F61                     _RXB0SIDH       set	3937
  2631   000F62                     _RXB0SIDL       set	3938
  2632   000F60                     _RXB0CON        set	3936
  2633   000F72                     _BRGCON3        set	3954
  2634   000F71                     _BRGCON2        set	3953
  2635   000F70                     _BRGCON1        set	3952
  2636   000F77                     _ECANCON        set	3959
  2637   000F6E                     _CANSTAT        set	3950
  2638   000F6F                     _CANCON         set	3951
  2639   000FC2                     _ADCON0         set	4034
  2640   000FC3                     _ADRESL         set	4035
  2641   000FC4                     _ADRESH         set	4036
  2642   000F66                     _RXB0D0         set	3942
  2643   007CF5                     _RCIF           set	31989
  2644   007CF4                     _TXIF           set	31988
  2645   007DC3                     _BRG16          set	32195
  2646   007D5C                     _CREN           set	32092
  2647   007D5E                     _RX9            set	32094
  2648   007D5F                     _SPEN           set	32095
  2649   007D62                     _BRGH           set	32098
  2650   007D63                     _SENDB          set	32099
  2651   007D64                     _SYNC           set	32100
  2652   007D65                     _TXEN           set	32101
  2653   007D66                     _TX9            set	32102
  2654   007CA6                     _TRISC6         set	31910
  2655   007CA7                     _TRISC7         set	31911
  2656   007D20                     _RXB0IF         set	32032
  2657   007B07                     _RXB0FUL        set	31495
  2658   007C9B                     _TRISB3         set	31899
  2659   007C9A                     _TRISB2         set	31898
  2660   007E11                     _GO             set	32273
  2661   007E10                     _ADON           set	32272
  2662   007E0C                     _VCFG0          set	32268
  2663   007E0D                     _VCFG1          set	32269
  2664   007E11                     _GODONE         set	32273
  2665   007E02                     _ADCS2          set	32258
  2666   007E01                     _ADCS1          set	32257
  2667   007E00                     _ADCS0          set	32256
  2668   007E03                     _ACQT0          set	32259
  2669   007E04                     _ACQT1          set	32260
  2670   007E05                     _ACQT2          set	32261
  2671   007E07                     _ADFM           set	32263
  2672                           
  2673                           	psect	mediumconst
  2674   002FE2                     __pmediumconst:
  2675                           	callstack 0
  2676   002FE2  00                 	db	0
  2677   002FE3                     STR_2:
  2678   002FE3  31                 	db	49	;'1'
  2679   002FE4  20                 	db	32
  2680   002FE5  00                 	db	0
  2681   002FE6                     STR_3:
  2682   002FE6  32                 	db	50	;'2'
  2683   002FE7  20                 	db	32
  2684   002FE8  00                 	db	0
  2685   002FE9                     STR_4:
  2686   002FE9  33                 	db	51	;'3'
  2687   002FEA  20                 	db	32
  2688   002FEB  00                 	db	0
  2689   002FEC                     STR_5:
  2690   002FEC  34                 	db	52	;'4'
  2691   002FED  20                 	db	32
  2692   002FEE  00                 	db	0
  2693   002FEF                     STR_6:
  2694   002FEF  35                 	db	53	;'5'
  2695   002FF0  20                 	db	32
  2696   002FF1  00                 	db	0
  2697   002FF2                     STR_8:
  2698   002FF2  43                 	db	67	;'C'
  2699   002FF3  20                 	db	32
  2700   002FF4  00                 	db	0
  2701   002FF5                     STR_1:
  2702   002FF5  4E                 	db	78	;'N'
  2703   002FF6  20                 	db	32
  2704   002FF7  00                 	db	0
  2705   002FF8                     STR_7:
  2706   002FF8  52                 	db	82	;'R'
  2707   002FF9  20                 	db	32
  2708   002FFA  00                 	db	0
  2709   002FFB  00                 	db	0	; dummy byte at the end
  2710   002FE2                     __smallconst    set	__pmediumconst
  2711   002FE2                     __mediumconst   set	__pmediumconst
  2712   000002                     __activetblptr  equ	2
  2713                           
  2714                           ; #config settings
  2715                           
  2716                           	psect	cinit
  2717   002570                     __pcinit:
  2718                           	callstack 0
  2719   002570                     start_initialization:
  2720                           	callstack 0
  2721   002570                     __initialization:
  2722                           	callstack 0
  2723                           
  2724                           ; Initialize objects allocated to BANK0 (18 bytes)
  2725                           ; load TBLPTR registers with __pidataBANK0
  2726   002570  0EAE               	movlw	low __pidataBANK0
  2727   002572  6EF6               	movwf	tblptrl,c
  2728   002574  0E24               	movlw	high __pidataBANK0
  2729   002576  6EF7               	movwf	tblptrh,c
  2730   002578  0E00               	movlw	low (__pidataBANK0 shr (0+16))
  2731   00257A  6EF8               	movwf	tblptru,c
  2732   00257C  EE00  F060         	lfsr	0,__pdataBANK0
  2733   002580  EE10 F012          	lfsr	1,18
  2734   002584                     copy_data0:
  2735   002584  0009               	tblrd		*+
  2736   002586  CFF5 FFEE          	movff	tablat,postinc0
  2737   00258A  50E5               	movf	postdec1,w,c
  2738   00258C  50E1               	movf	fsr1l,w,c
  2739   00258E  E1FA               	bnz	copy_data0
  2740                           
  2741                           ; Initialize objects allocated to COMRAM (1 bytes)
  2742                           ; load TBLPTR registers with __pidataCOMRAM
  2743   002590  0E00               	movlw	low __pidataCOMRAM
  2744   002592  6EF6               	movwf	tblptrl,c
  2745   002594  0E30               	movlw	high __pidataCOMRAM
  2746   002596  6EF7               	movwf	tblptrh,c
  2747   002598  0E00               	movlw	low (__pidataCOMRAM shr (0+16))
  2748   00259A  6EF8               	movwf	tblptru,c
  2749   00259C  0009               	tblrd		*+	;fetch initializer
  2750   00259E  CFF5 F050          	movff	tablat,__pdataCOMRAM
  2751                           
  2752                           ; Clear objects allocated to COMRAM (1 bytes)
  2753   0025A2  6A4F               	clrf	__pbssCOMRAM& (0+255),c
  2754   0025A4                     end_of_initialization:
  2755                           	callstack 0
  2756   0025A4                     __end_of__initialization:
  2757                           	callstack 0
  2758   0025A4  0E00               	movlw	low (__Lmediumconst shr (0+16))
  2759   0025A6  6EF8               	movwf	tblptru,c
  2760   0025A8  0100               	movlb	0
  2761   0025AA  EF6C  F014         	goto	_main	;jump to C main() function
  2762                           
  2763                           	psect	bssCOMRAM
  2764   00004F                     __pbssCOMRAM:
  2765                           	callstack 0
  2766   00004F                     get_gear_pos@gear:
  2767                           	callstack 0
  2768   00004F                     	ds	1
  2769                           
  2770                           	psect	dataCOMRAM
  2771   000050                     __pdataCOMRAM:
  2772                           	callstack 0
  2773   000050                     read_digital_keypad@once:
  2774                           	callstack 0
  2775   000050                     	ds	1
  2776                           
  2777                           	psect	dataBANK0
  2778   000060                     __pdataBANK0:
  2779                           	callstack 0
  2780   000060                     main@F10508:
  2781                           	callstack 0
  2782   000060                     	ds	18
  2783                           
  2784                           	psect	cstackCOMRAM
  2785   000001                     __pcstackCOMRAM:
  2786                           	callstack 0
  2787   000001                     ?___lwdiv:
  2788                           	callstack 0
  2789   000001                     ?___lwmod:
  2790                           	callstack 0
  2791   000001                     ?_read_adc:
  2792                           	callstack 0
  2793   000001                     ?___xxtofl:
  2794                           	callstack 0
  2795   000001                     read_digital_keypad@detection_type:
  2796                           	callstack 0
  2797   000001                     set_msg_id_std@id:
  2798                           	callstack 0
  2799   000001                     ___lwdiv@dividend:
  2800                           	callstack 0
  2801   000001                     ___lwmod@dividend:
  2802                           	callstack 0
  2803   000001                     ___xxtofl@val:
  2804                           	callstack 0
  2805   000001                     
  2806                           ; 1 bytes @ 0x0
  2807   000001                     	ds	1
  2808   000002                     get_gear_pos@key:
  2809                           	callstack 0
  2810   000002                     
  2811                           ; 1 bytes @ 0x1
  2812   000002                     	ds	1
  2813   000003                     ___lwdiv@divisor:
  2814                           	callstack 0
  2815   000003                     ___lwmod@divisor:
  2816                           	callstack 0
  2817   000003                     ??_read_adc:
  2818   000003                     ??_set_msg_id_std:
  2819                           
  2820                           ; 1 bytes @ 0x2
  2821   000003                     	ds	2
  2822   000005                     ___lwmod@counter:
  2823                           	callstack 0
  2824   000005                     read_adc@reg_val:
  2825                           	callstack 0
  2826   000005                     can_transmit@msg_id:
  2827                           	callstack 0
  2828   000005                     ___lwdiv@quotient:
  2829                           	callstack 0
  2830   000005                     ??___xxtofl:
  2831                           
  2832                           ; 1 bytes @ 0x4
  2833   000005                     	ds	2
  2834   000007                     read_adc@channel:
  2835                           	callstack 0
  2836   000007                     ___lwdiv@counter:
  2837                           	callstack 0
  2838   000007                     can_transmit@data:
  2839                           	callstack 0
  2840                           
  2841                           ; 2 bytes @ 0x6
  2842   000007                     	ds	2
  2843   000009                     can_transmit@len:
  2844                           	callstack 0
  2845   000009                     ___xxtofl@sign:
  2846                           	callstack 0
  2847                           
  2848                           ; 1 bytes @ 0x8
  2849   000009                     	ds	1
  2850   00000A                     ___xxtofl@exp:
  2851                           	callstack 0
  2852   00000A                     ??_can_transmit:
  2853                           
  2854                           ; 1 bytes @ 0x9
  2855   00000A                     	ds	1
  2856   00000B                     ___xxtofl@arg:
  2857                           	callstack 0
  2858                           
  2859                           ; 4 bytes @ 0xA
  2860   00000B                     	ds	2
  2861   00000D                     can_transmit@ptr:
  2862                           	callstack 0
  2863                           
  2864                           ; 2 bytes @ 0xC
  2865   00000D                     	ds	2
  2866   00000F                     ?___fldiv:
  2867                           	callstack 0
  2868   00000F                     can_transmit@i:
  2869                           	callstack 0
  2870   00000F                     ___fldiv@b:
  2871                           	callstack 0
  2872                           
  2873                           ; 4 bytes @ 0xE
  2874   00000F                     	ds	4
  2875   000013                     ___fldiv@a:
  2876                           	callstack 0
  2877                           
  2878                           ; 4 bytes @ 0x12
  2879   000013                     	ds	4
  2880   000017                     ??___fldiv:
  2881                           
  2882                           ; 1 bytes @ 0x16
  2883   000017                     	ds	4
  2884   00001B                     ___fldiv@rem:
  2885                           	callstack 0
  2886                           
  2887                           ; 4 bytes @ 0x1A
  2888   00001B                     	ds	4
  2889   00001F                     ___fldiv@sign:
  2890                           	callstack 0
  2891                           
  2892                           ; 1 bytes @ 0x1E
  2893   00001F                     	ds	1
  2894   000020                     ___fldiv@new_exp:
  2895                           	callstack 0
  2896                           
  2897                           ; 2 bytes @ 0x1F
  2898   000020                     	ds	2
  2899   000022                     ___fldiv@grs:
  2900                           	callstack 0
  2901                           
  2902                           ; 4 bytes @ 0x21
  2903   000022                     	ds	4
  2904   000026                     ___fldiv@bexp:
  2905                           	callstack 0
  2906                           
  2907                           ; 1 bytes @ 0x25
  2908   000026                     	ds	1
  2909   000027                     ___fldiv@aexp:
  2910                           	callstack 0
  2911                           
  2912                           ; 1 bytes @ 0x26
  2913   000027                     	ds	1
  2914   000028                     ?___fltol:
  2915                           	callstack 0
  2916   000028                     ___fltol@f1:
  2917                           	callstack 0
  2918                           
  2919                           ; 4 bytes @ 0x27
  2920   000028                     	ds	4
  2921   00002C                     ??___fltol:
  2922                           
  2923                           ; 1 bytes @ 0x2B
  2924   00002C                     	ds	4
  2925   000030                     ___fltol@sign1:
  2926                           	callstack 0
  2927                           
  2928                           ; 1 bytes @ 0x2F
  2929   000030                     	ds	1
  2930   000031                     ___fltol@exp1:
  2931                           	callstack 0
  2932                           
  2933                           ; 1 bytes @ 0x30
  2934   000031                     	ds	1
  2935   000032                     ?_get_speed:
  2936                           	callstack 0
  2937                           
  2938                           ; 2 bytes @ 0x31
  2939   000032                     	ds	2
  2940   000034                     get_speed@val:
  2941                           	callstack 0
  2942   000034                     
  2943                           ; 1 bytes @ 0x33
  2944   000034                     	ds	2
  2945   000036                     ??_main:
  2946                           
  2947                           ; 1 bytes @ 0x35
  2948   000036                     	ds	1
  2949   000037                     main@arr:
  2950                           	callstack 0
  2951                           
  2952                           ; 18 bytes @ 0x36
  2953   000037                     	ds	18
  2954   000049                     main@str:
  2955                           	callstack 0
  2956                           
  2957                           ; 3 bytes @ 0x48
  2958   000049                     	ds	3
  2959   00004C                     main@gear:
  2960                           	callstack 0
  2961                           
  2962                           ; 1 bytes @ 0x4B
  2963   00004C                     	ds	1
  2964   00004D                     main@speed:
  2965                           	callstack 0
  2966                           
  2967                           ; 2 bytes @ 0x4C
  2968   00004D                     	ds	2
  2969                           
  2970 ;;
  2971 ;;Main: autosize = 0, tempsize = 1, incstack = 0, save=0
  2972 ;;
  2973 ;; *************** function _main *****************
  2974 ;; Defined at:
  2975 ;;		line 16 in file "main.c"
  2976 ;; Parameters:    Size  Location     Type
  2977 ;;		None
  2978 ;; Auto vars:     Size  Location     Type
  2979 ;;  speed           2   76[COMRAM] unsigned short 
  2980 ;;  gear            1   75[COMRAM] unsigned char 
  2981 ;;  arr            18   54[COMRAM] PTR unsigned char [9]
  2982 ;;		 -> STR_8(3), STR_7(3), STR_6(3), STR_5(3), 
  2983 ;;		 -> STR_4(3), STR_3(3), STR_2(3), STR_1(3), 
  2984 ;;  str             3   72[COMRAM] unsigned char [3]
  2985 ;; Return value:  Size  Location     Type
  2986 ;;                  1    wreg      void 
  2987 ;; Registers used:
  2988 ;;		wreg, fsr0l, fsr0h, fsr1l, fsr1h, fsr2l, fsr2h, status,2, status,0, tblptrl, tblptrh, tblptru, prodl, prodh, cstack
  2989 ;; Tracked objects:
  2990 ;;		On entry : 0/0
  2991 ;;		On exit  : 0/0
  2992 ;;		Unchanged: 0/0
  2993 ;; Data sizes:     COMRAM   BANK0   BANK1   BANK2   BANK3   BANK4   BANK5
  2994 ;;      Params:         0       0       0       0       0       0       0
  2995 ;;      Locals:        24       0       0       0       0       0       0
  2996 ;;      Temps:          1       0       0       0       0       0       0
  2997 ;;      Totals:        25       0       0       0       0       0       0
  2998 ;;Total ram usage:       25 bytes
  2999 ;; Hardware stack levels required when called: 2
  3000 ;; This function calls:
  3001 ;;		___lwdiv
  3002 ;;		___lwmod
  3003 ;;		_can_transmit
  3004 ;;		_get_gear_pos
  3005 ;;		_get_speed
  3006 ;;		_init_adc
  3007 ;;		_init_can
  3008 ;;		_init_digital_keypad
  3009 ;;		_init_uart
  3010 ;; This function is called by:
  3011 ;;		Startup code after reset
  3012 ;; This function uses a non-reentrant model
  3013 ;;
  3014                           
  3015                           	psect	text0
  3016   0028D8                     __ptext0:
  3017                           	callstack 0
  3018   0028D8                     _main:
  3019                           	callstack 29
  3020   0028D8                     
  3021                           ;main.c: 19:     init_digital_keypad();
  3022   0028D8  EC53  F012         	call	_init_digital_keypad	;wreg free
  3023   0028DC                     
  3024                           ;main.c: 22:     init_adc();
  3025   0028DC  EC60  F012         	call	_init_adc	;wreg free
  3026   0028E0                     
  3027                           ;main.c: 25:     init_uart();
  3028   0028E0  EC6E  F012         	call	_init_uart	;wreg free
  3029   0028E4                     
  3030                           ;main.c: 28:     init_can();
  3031   0028E4  EC7E  F012         	call	_init_can	;wreg free
  3032   0028E8                     
  3033                           ;main.c: 31:     unsigned char str[3];;main.c: 34:     unsigned char *arr[9] = {"N ","1 
      +                          ","2 ","3 ","4 ","5 ","R ","C "};
  3034   0028E8  EE20  F060         	lfsr	2,main@F10508
  3035   0028EC  EE10  F037         	lfsr	1,main@arr
  3036   0028F0  0E11               	movlw	17
  3037   0028F2                     u1331:
  3038   0028F2  CFDB FFE3          	movff	plusw2,plusw1
  3039   0028F6  06E8               	decf	wreg,f,c
  3040   0028F8  E2FC               	bc	u1331
  3041   0028FA                     l1872:
  3042                           
  3043                           ;main.c: 37:     {;main.c: 39:         uint16_t speed = get_speed();
  3044   0028FA  EC2C  F013         	call	_get_speed	;wreg free
  3045   0028FE  C032  F04D         	movff	?_get_speed,main@speed
  3046   002902  C033  F04E         	movff	?_get_speed+1,main@speed+1
  3047   002906                     
  3048                           ;main.c: 42:         unsigned char gear = get_gear_pos();
  3049   002906  EC1C  F014         	call	_get_gear_pos	;wreg free
  3050   00290A  6E4C               	movwf	main@gear^0,c
  3051   00290C                     
  3052                           ;main.c: 45:         str[0] = ((speed / 10) + '0');
  3053   00290C  C04D  F001         	movff	main@speed,___lwdiv@dividend
  3054   002910  C04E  F002         	movff	main@speed+1,___lwdiv@dividend+1
  3055   002914  6A04               	clrf	(___lwdiv@divisor+1)^0,c
  3056   002916  0E0A               	movlw	10
  3057   002918  6E03               	movwf	___lwdiv@divisor^0,c
  3058   00291A  EC61  F013         	call	___lwdiv	;wreg free
  3059   00291E  5001               	movf	?___lwdiv^0,w,c
  3060   002920  0F30               	addlw	48
  3061   002922  6E49               	movwf	main@str^0,c
  3062   002924                     
  3063                           ;main.c: 46:         str[1] = ((speed % 10) + '0');
  3064   002924  C04D  F001         	movff	main@speed,___lwmod@dividend
  3065   002928  C04E  F002         	movff	main@speed+1,___lwmod@dividend+1
  3066   00292C  6A04               	clrf	(___lwmod@divisor+1)^0,c
  3067   00292E  0E0A               	movlw	10
  3068   002930  6E03               	movwf	___lwmod@divisor^0,c
  3069   002932  ECFA  F012         	call	___lwmod	;wreg free
  3070   002936  5001               	movf	?___lwmod^0,w,c
  3071   002938  0F30               	addlw	48
  3072   00293A  6E4A               	movwf	(main@str+1)^0,c
  3073   00293C                     
  3074                           ;main.c: 49:         can_transmit(0x10, str, 2);
  3075   00293C  6A06               	clrf	(can_transmit@msg_id+1)^0,c
  3076   00293E  0E10               	movlw	16
  3077   002940  6E05               	movwf	can_transmit@msg_id^0,c
  3078   002942  0E49               	movlw	low main@str
  3079   002944  6E07               	movwf	can_transmit@data^0,c
  3080   002946  6A08               	clrf	(can_transmit@data+1)^0,c
  3081   002948  0E02               	movlw	2
  3082   00294A  6E09               	movwf	can_transmit@len^0,c
  3083   00294C  ECD4  F013         	call	_can_transmit	;wreg free
  3084   002950                     
  3085                           ;main.c: 50:         _delay((unsigned long)((1000)*(200000000/4000000.0)));
  3086   002950  0E41               	movlw	65
  3087   002952  6E36               	movwf	??_main^0,c
  3088   002954  0EEE               	movlw	238
  3089   002956                     u1347:
  3090   002956  2EE8               	decfsz	wreg,f,c
  3091   002958  D7FE               	bra	u1347
  3092   00295A  2E36               	decfsz	??_main^0,f,c
  3093   00295C  D7FC               	bra	u1347
  3094   00295E  D000               	nop2	
  3095   002960                     
  3096                           ;main.c: 53:         can_transmit(0x20, arr[gear], 2);
  3097   002960  6A06               	clrf	(can_transmit@msg_id+1)^0,c
  3098   002962  0E20               	movlw	32
  3099   002964  6E05               	movwf	can_transmit@msg_id^0,c
  3100   002966  504C               	movf	main@gear^0,w,c
  3101   002968  0D02               	mullw	2
  3102   00296A  50F3               	movf	243,w,c
  3103   00296C  0F37               	addlw	low main@arr
  3104   00296E  6ED9               	movwf	fsr2l,c
  3105   002970  6ADA               	clrf	fsr2h,c
  3106   002972  CFDE F007          	movff	postinc2,can_transmit@data
  3107   002976  CFDD F008          	movff	postdec2,can_transmit@data+1
  3108   00297A  0E02               	movlw	2
  3109   00297C  6E09               	movwf	can_transmit@len^0,c
  3110   00297E  ECD4  F013         	call	_can_transmit	;wreg free
  3111   002982                     
  3112                           ;main.c: 54:         _delay((unsigned long)((1000)*(200000000/4000000.0)));
  3113   002982  0E41               	movlw	65
  3114   002984  6E36               	movwf	??_main^0,c
  3115   002986  0EEE               	movlw	238
  3116   002988                     u1357:
  3117   002988  2EE8               	decfsz	wreg,f,c
  3118   00298A  D7FE               	bra	u1357
  3119   00298C  2E36               	decfsz	??_main^0,f,c
  3120   00298E  D7FC               	bra	u1357
  3121   002990  D000               	nop2	
  3122   002992  EF7D  F014         	goto	l1872
  3123   002996  EFFE  F017         	goto	start
  3124   00299A                     __end_of_main:
  3125                           	callstack 0
  3126                           
  3127 ;; *************** function _init_uart *****************
  3128 ;; Defined at:
  3129 ;;		line 4 in file "uart.c"
  3130 ;; Parameters:    Size  Location     Type
  3131 ;;		None
  3132 ;; Auto vars:     Size  Location     Type
  3133 ;;		None
  3134 ;; Return value:  Size  Location     Type
  3135 ;;                  1    wreg      void 
  3136 ;; Registers used:
  3137 ;;		wreg, status,2
  3138 ;; Tracked objects:
  3139 ;;		On entry : 0/0
  3140 ;;		On exit  : 0/0
  3141 ;;		Unchanged: 0/0
  3142 ;; Data sizes:     COMRAM   BANK0   BANK1   BANK2   BANK3   BANK4   BANK5
  3143 ;;      Params:         0       0       0       0       0       0       0
  3144 ;;      Locals:         0       0       0       0       0       0       0
  3145 ;;      Temps:          0       0       0       0       0       0       0
  3146 ;;      Totals:         0       0       0       0       0       0       0
  3147 ;;Total ram usage:        0 bytes
  3148 ;; Hardware stack levels used: 1
  3149 ;; This function calls:
  3150 ;;		Nothing
  3151 ;; This function is called by:
  3152 ;;		_main
  3153 ;; This function uses a non-reentrant model
  3154 ;;
  3155                           
  3156                           	psect	text1
  3157   0024DC                     __ptext1:
  3158                           	callstack 0
  3159   0024DC                     _init_uart:
  3160                           	callstack 30
  3161   0024DC                     
  3162                           ;uart.c: 7:  TRISC7 = 1;
  3163   0024DC  8E94               	bsf	3988,7,c	;volatile
  3164                           
  3165                           ;uart.c: 8:  TRISC6 = 0;
  3166   0024DE  9C94               	bcf	3988,6,c	;volatile
  3167                           
  3168                           ;uart.c: 12:  TX9 = 0;
  3169   0024E0  9CAC               	bcf	4012,6,c	;volatile
  3170                           
  3171                           ;uart.c: 14:  TXEN = 1;
  3172   0024E2  8AAC               	bsf	4012,5,c	;volatile
  3173                           
  3174                           ;uart.c: 17:  SYNC = 0;
  3175   0024E4  98AC               	bcf	4012,4,c	;volatile
  3176                           
  3177                           ;uart.c: 19:  SENDB = 0;
  3178   0024E6  96AC               	bcf	4012,3,c	;volatile
  3179                           
  3180                           ;uart.c: 22:  BRGH = 1;
  3181   0024E8  84AC               	bsf	4012,2,c	;volatile
  3182                           
  3183                           ;uart.c: 26:  SPEN = 1;
  3184   0024EA  8EAB               	bsf	4011,7,c	;volatile
  3185                           
  3186                           ;uart.c: 28:  RX9 = 0;
  3187   0024EC  9CAB               	bcf	4011,6,c	;volatile
  3188                           
  3189                           ;uart.c: 30:  CREN = 1;
  3190   0024EE  88AB               	bsf	4011,4,c	;volatile
  3191                           
  3192                           ;uart.c: 35:  BRG16 = 0;
  3193   0024F0  96B8               	bcf	4024,3,c	;volatile
  3194   0024F2                     
  3195                           ;uart.c: 40:  SPBRG = 129;
  3196   0024F2  0E81               	movlw	129
  3197   0024F4  6EAF               	movwf	175,c	;volatile
  3198   0024F6                     
  3199                           ;uart.c: 44:  TXIF = 0;
  3200   0024F6  989E               	bcf	3998,4,c	;volatile
  3201   0024F8                     
  3202                           ;uart.c: 47:  RCIF = 0;
  3203   0024F8  9A9E               	bcf	3998,5,c	;volatile
  3204   0024FA  0012               	return		;funcret
  3205   0024FC                     __end_of_init_uart:
  3206                           	callstack 0
  3207                           
  3208 ;; *************** function _init_digital_keypad *****************
  3209 ;; Defined at:
  3210 ;;		line 5 in file "digital_keypad.c"
  3211 ;; Parameters:    Size  Location     Type
  3212 ;;		None
  3213 ;; Auto vars:     Size  Location     Type
  3214 ;;		None
  3215 ;; Return value:  Size  Location     Type
  3216 ;;                  1    wreg      void 
  3217 ;; Registers used:
  3218 ;;		wreg, status,2, status,0
  3219 ;; Tracked objects:
  3220 ;;		On entry : 0/0
  3221 ;;		On exit  : 0/0
  3222 ;;		Unchanged: 0/0
  3223 ;; Data sizes:     COMRAM   BANK0   BANK1   BANK2   BANK3   BANK4   BANK5
  3224 ;;      Params:         0       0       0       0       0       0       0
  3225 ;;      Locals:         0       0       0       0       0       0       0
  3226 ;;      Temps:          0       0       0       0       0       0       0
  3227 ;;      Totals:         0       0       0       0       0       0       0
  3228 ;;Total ram usage:        0 bytes
  3229 ;; Hardware stack levels used: 1
  3230 ;; This function calls:
  3231 ;;		Nothing
  3232 ;; This function is called by:
  3233 ;;		_main
  3234 ;; This function uses a non-reentrant model
  3235 ;;
  3236                           
  3237                           	psect	text2
  3238   0024A6                     __ptext2:
  3239                           	callstack 0
  3240   0024A6                     _init_digital_keypad:
  3241                           	callstack 30
  3242   0024A6                     
  3243                           ;digital_keypad.c: 8:  TRISC = TRISC | 0x0F;
  3244   0024A6  5094               	movf	148,w,c	;volatile
  3245   0024A8  090F               	iorlw	15
  3246   0024AA  6E94               	movwf	148,c	;volatile
  3247   0024AC  0012               	return		;funcret
  3248   0024AE                     __end_of_init_digital_keypad:
  3249                           	callstack 0
  3250                           
  3251 ;; *************** function _init_can *****************
  3252 ;; Defined at:
  3253 ;;		line 14 in file "can.c"
  3254 ;; Parameters:    Size  Location     Type
  3255 ;;		None
  3256 ;; Auto vars:     Size  Location     Type
  3257 ;;		None
  3258 ;; Return value:  Size  Location     Type
  3259 ;;                  1    wreg      void 
  3260 ;; Registers used:
  3261 ;;		wreg, status,2, status,0
  3262 ;; Tracked objects:
  3263 ;;		On entry : 0/0
  3264 ;;		On exit  : 0/0
  3265 ;;		Unchanged: 0/0
  3266 ;; Data sizes:     COMRAM   BANK0   BANK1   BANK2   BANK3   BANK4   BANK5
  3267 ;;      Params:         0       0       0       0       0       0       0
  3268 ;;      Locals:         0       0       0       0       0       0       0
  3269 ;;      Temps:          0       0       0       0       0       0       0
  3270 ;;      Totals:         0       0       0       0       0       0       0
  3271 ;;Total ram usage:        0 bytes
  3272 ;; Hardware stack levels used: 1
  3273 ;; This function calls:
  3274 ;;		Nothing
  3275 ;; This function is called by:
  3276 ;;		_main
  3277 ;; This function uses a non-reentrant model
  3278 ;;
  3279                           
  3280                           	psect	text3
  3281   0024FC                     __ptext3:
  3282                           	callstack 0
  3283   0024FC                     _init_can:
  3284                           	callstack 30
  3285   0024FC                     
  3286                           ;can.c: 16:     TRISB2 = 0;
  3287   0024FC  9493               	bcf	3987,2,c	;volatile
  3288                           
  3289                           ;can.c: 17:     TRISB3 = 1;
  3290   0024FE  8693               	bsf	3987,3,c	;volatile
  3291   002500                     
  3292                           ;can.c: 21:     { CANCON &= 0x1F; CANCON |= e_can_op_mode_config; };
  3293   002500  0E1F               	movlw	31
  3294   002502  166F               	andwf	111,f,c	;volatile
  3295   002504  8E6F               	bsf	111,7,c	;volatile
  3296   002506                     l1762:
  3297   002506  0E80               	movlw	128
  3298   002508  186E               	xorwf	110,w,c	;volatile
  3299   00250A  A4D8               	btfss	status,2,c
  3300   00250C  EF8A  F012         	goto	u1171
  3301   002510  EF8C  F012         	goto	u1170
  3302   002514                     u1171:
  3303   002514  EF83  F012         	goto	l1762
  3304   002518                     u1170:
  3305   002518                     
  3306                           ;can.c: 27:     ECANCON = 0x00;
  3307   002518  6A77               	clrf	119,c	;volatile
  3308   00251A                     
  3309                           ;can.c: 30:     BRGCON1 = 0xE1;
  3310   00251A  0EE1               	movlw	225
  3311   00251C  6E70               	movwf	112,c	;volatile
  3312                           
  3313                           ;can.c: 31:     BRGCON2 = 0x1B;
  3314   00251E  0E1B               	movlw	27
  3315   002520  6E71               	movwf	113,c	;volatile
  3316                           
  3317                           ;can.c: 32:     BRGCON3 = 0x03;
  3318   002522  0E03               	movlw	3
  3319   002524  6E72               	movwf	114,c	;volatile
  3320   002526                     
  3321                           ;can.c: 38:     RXFCON0 = 0x00;
  3322   002526  010D               	movlb	13	; () banked
  3323   002528  6BD4               	clrf	212,b	;volatile
  3324   00252A                     
  3325                           ; BSR set to: 13
  3326                           ;can.c: 40:    { CANCON &= 0x1F; CANCON |= e_can_op_mode_normal; };
  3327   00252A  0E1F               	movlw	31
  3328   00252C  166F               	andwf	111,f,c	;volatile
  3329   00252E                     
  3330                           ; BSR set to: 13
  3331   00252E  506F               	movf	111,w,c	;volatile
  3332   002530                     
  3333                           ; BSR set to: 13
  3334                           ;can.c: 43:     RXB0CON = 0x00;
  3335   002530  6A60               	clrf	96,c	;volatile
  3336   002532                     
  3337                           ; BSR set to: 13
  3338   002532  0012               	return		;funcret
  3339   002534                     __end_of_init_can:
  3340                           	callstack 0
  3341                           
  3342 ;; *************** function _init_adc *****************
  3343 ;; Defined at:
  3344 ;;		line 4 in file "adc.c"
  3345 ;; Parameters:    Size  Location     Type
  3346 ;;		None
  3347 ;; Auto vars:     Size  Location     Type
  3348 ;;		None
  3349 ;; Return value:  Size  Location     Type
  3350 ;;                  1    wreg      void 
  3351 ;; Registers used:
  3352 ;;		None
  3353 ;; Tracked objects:
  3354 ;;		On entry : 0/0
  3355 ;;		On exit  : 0/0
  3356 ;;		Unchanged: 0/0
  3357 ;; Data sizes:     COMRAM   BANK0   BANK1   BANK2   BANK3   BANK4   BANK5
  3358 ;;      Params:         0       0       0       0       0       0       0
  3359 ;;      Locals:         0       0       0       0       0       0       0
  3360 ;;      Temps:          0       0       0       0       0       0       0
  3361 ;;      Totals:         0       0       0       0       0       0       0
  3362 ;;Total ram usage:        0 bytes
  3363 ;; Hardware stack levels used: 1
  3364 ;; This function calls:
  3365 ;;		Nothing
  3366 ;; This function is called by:
  3367 ;;		_main
  3368 ;; This function uses a non-reentrant model
  3369 ;;
  3370                           
  3371                           	psect	text4
  3372   0024C0                     __ptext4:
  3373                           	callstack 0
  3374   0024C0                     _init_adc:
  3375                           	callstack 30
  3376   0024C0                     
  3377                           ;adc.c: 7:  ADFM = 1;
  3378   0024C0  8EC0               	bsf	4032,7,c	;volatile
  3379                           
  3380                           ;adc.c: 13:  ACQT2 = 0;
  3381   0024C2  9AC0               	bcf	4032,5,c	;volatile
  3382                           
  3383                           ;adc.c: 14:  ACQT1 = 1;
  3384   0024C4  88C0               	bsf	4032,4,c	;volatile
  3385                           
  3386                           ;adc.c: 15:  ACQT0 = 0;
  3387   0024C6  96C0               	bcf	4032,3,c	;volatile
  3388                           
  3389                           ;adc.c: 21:  ADCS0 = 0;
  3390   0024C8  90C0               	bcf	4032,0,c	;volatile
  3391                           
  3392                           ;adc.c: 22:  ADCS1 = 1;
  3393   0024CA  82C0               	bsf	4032,1,c	;volatile
  3394                           
  3395                           ;adc.c: 23:  ADCS2 = 0;
  3396   0024CC  94C0               	bcf	4032,2,c	;volatile
  3397                           
  3398                           ;adc.c: 26:  GODONE = 0;
  3399   0024CE  92C2               	bcf	4034,1,c	;volatile
  3400                           
  3401                           ;adc.c: 31:  VCFG1 = 0;
  3402   0024D0  9AC1               	bcf	4033,5,c	;volatile
  3403                           
  3404                           ;adc.c: 33:  VCFG0 = 0;
  3405   0024D2  98C1               	bcf	4033,4,c	;volatile
  3406                           
  3407                           ;adc.c: 36:  ADRESH = 0;
  3408   0024D4  6AC4               	clrf	196,c	;volatile
  3409                           
  3410                           ;adc.c: 37:  ADRESL = 0;
  3411   0024D6  6AC3               	clrf	195,c	;volatile
  3412                           
  3413                           ;adc.c: 40:  ADON = 1;
  3414   0024D8  80C2               	bsf	4034,0,c	;volatile
  3415   0024DA  0012               	return		;funcret
  3416   0024DC                     __end_of_init_adc:
  3417                           	callstack 0
  3418                           
  3419 ;; *************** function _get_speed *****************
  3420 ;; Defined at:
  3421 ;;		line 15 in file "ecu1_sensor.c"
  3422 ;; Parameters:    Size  Location     Type
  3423 ;;		None
  3424 ;; Auto vars:     Size  Location     Type
  3425 ;;  val             2   51[COMRAM] unsigned short 
  3426 ;; Return value:  Size  Location     Type
  3427 ;;                  2   49[COMRAM] unsigned short 
  3428 ;; Registers used:
  3429 ;;		wreg, status,2, status,0, cstack
  3430 ;; Tracked objects:
  3431 ;;		On entry : 0/0
  3432 ;;		On exit  : 0/0
  3433 ;;		Unchanged: 0/0
  3434 ;; Data sizes:     COMRAM   BANK0   BANK1   BANK2   BANK3   BANK4   BANK5
  3435 ;;      Params:         2       0       0       0       0       0       0
  3436 ;;      Locals:         2       0       0       0       0       0       0
  3437 ;;      Temps:          0       0       0       0       0       0       0
  3438 ;;      Totals:         4       0       0       0       0       0       0
  3439 ;;Total ram usage:        4 bytes
  3440 ;; Hardware stack levels used: 1
  3441 ;; Hardware stack levels required when called: 1
  3442 ;; This function calls:
  3443 ;;		___fldiv
  3444 ;;		___fltol
  3445 ;;		___xxtofl
  3446 ;;		_read_adc
  3447 ;; This function is called by:
  3448 ;;		_main
  3449 ;; This function uses a non-reentrant model
  3450 ;;
  3451                           
  3452                           	psect	text5
  3453   002658                     __ptext5:
  3454                           	callstack 0
  3455   002658                     _get_speed:
  3456                           	callstack 29
  3457   002658                     
  3458                           ;ecu1_sensor.c: 17:     uint16_t val;;ecu1_sensor.c: 20:     val = read_adc(0x04);
  3459   002658  0E04               	movlw	4
  3460   00265A  ECD7  F012         	call	_read_adc
  3461   00265E  C001  F034         	movff	?_read_adc,get_speed@val
  3462   002662  C002  F035         	movff	?_read_adc+1,get_speed@val+1
  3463                           
  3464                           ;ecu1_sensor.c: 23:     val = val / 10.26;
  3465   002666  0EF6               	movlw	246
  3466   002668  6E13               	movwf	___fldiv@a^0,c
  3467   00266A  0E28               	movlw	40
  3468   00266C  6E14               	movwf	(___fldiv@a+1)^0,c
  3469   00266E  0E24               	movlw	36
  3470   002670  6E15               	movwf	(___fldiv@a+2)^0,c
  3471   002672  0E41               	movlw	65
  3472   002674  6E16               	movwf	(___fldiv@a+3)^0,c
  3473   002676  C034  F001         	movff	get_speed@val,___xxtofl@val
  3474   00267A  C035  F002         	movff	get_speed@val+1,___xxtofl@val+1
  3475   00267E  6A03               	clrf	(___xxtofl@val+2)^0,c
  3476   002680  6A04               	clrf	(___xxtofl@val+3)^0,c
  3477   002682  0E00               	movlw	0
  3478   002684  EC50  F015         	call	___xxtofl
  3479   002688  C001  F00F         	movff	?___xxtofl,___fldiv@b
  3480   00268C  C002  F010         	movff	?___xxtofl+1,___fldiv@b+1
  3481   002690  C003  F011         	movff	?___xxtofl+2,___fldiv@b+2
  3482   002694  C004  F012         	movff	?___xxtofl+3,___fldiv@b+3
  3483   002698  EC2A  F016         	call	___fldiv	;wreg free
  3484   00269C  C00F  F028         	movff	?___fldiv,___fltol@f1
  3485   0026A0  C010  F029         	movff	?___fldiv+1,___fltol@f1+1
  3486   0026A4  C011  F02A         	movff	?___fldiv+2,___fltol@f1+2
  3487   0026A8  C012  F02B         	movff	?___fldiv+3,___fltol@f1+3
  3488   0026AC  ECCD  F014         	call	___fltol	;wreg free
  3489   0026B0  C028  F034         	movff	?___fltol,get_speed@val
  3490   0026B4  C029  F035         	movff	?___fltol+1,get_speed@val+1
  3491   0026B8                     
  3492                           ;ecu1_sensor.c: 26:     return val;
  3493   0026B8  C034  F032         	movff	get_speed@val,?_get_speed
  3494   0026BC  C035  F033         	movff	get_speed@val+1,?_get_speed+1
  3495   0026C0  0012               	return		;funcret
  3496   0026C2                     __end_of_get_speed:
  3497                           	callstack 0
  3498                           
  3499 ;; *************** function _read_adc *****************
  3500 ;; Defined at:
  3501 ;;		line 43 in file "adc.c"
  3502 ;; Parameters:    Size  Location     Type
  3503 ;;  channel         1    wreg     unsigned char 
  3504 ;; Auto vars:     Size  Location     Type
  3505 ;;  channel         1    6[COMRAM] unsigned char 
  3506 ;;  reg_val         2    4[COMRAM] unsigned short 
  3507 ;; Return value:  Size  Location     Type
  3508 ;;                  2    0[COMRAM] unsigned short 
  3509 ;; Registers used:
  3510 ;;		wreg, status,2, status,0
  3511 ;; Tracked objects:
  3512 ;;		On entry : 0/0
  3513 ;;		On exit  : 0/0
  3514 ;;		Unchanged: 0/0
  3515 ;; Data sizes:     COMRAM   BANK0   BANK1   BANK2   BANK3   BANK4   BANK5
  3516 ;;      Params:         2       0       0       0       0       0       0
  3517 ;;      Locals:         3       0       0       0       0       0       0
  3518 ;;      Temps:          2       0       0       0       0       0       0
  3519 ;;      Totals:         7       0       0       0       0       0       0
  3520 ;;Total ram usage:        7 bytes
  3521 ;; Hardware stack levels used: 1
  3522 ;; This function calls:
  3523 ;;		Nothing
  3524 ;; This function is called by:
  3525 ;;		_get_speed
  3526 ;; This function uses a non-reentrant model
  3527 ;;
  3528                           
  3529                           	psect	text6
  3530   0025AE                     __ptext6:
  3531                           	callstack 0
  3532   0025AE                     _read_adc:
  3533                           	callstack 29
  3534                           
  3535                           ;incstack = 0
  3536                           ;read_adc@channel stored from wreg
  3537   0025AE  6E07               	movwf	read_adc@channel^0,c
  3538   0025B0                     
  3539                           ;adc.c: 43: unsigned short read_adc(unsigned char channel);adc.c: 44: {;adc.c: 45:  unsi
      +                          gned short reg_val;;adc.c: 48:  ADCON0 = (ADCON0 & 0xC3) | (channel << 2);
  3540   0025B0  C007  F003         	movff	read_adc@channel,??_read_adc
  3541   0025B4  90D8               	bcf	status,0,c
  3542   0025B6  3603               	rlcf	??_read_adc^0,f,c
  3543   0025B8  90D8               	bcf	status,0,c
  3544   0025BA  3603               	rlcf	??_read_adc^0,f,c
  3545   0025BC  50C2               	movf	194,w,c	;volatile
  3546   0025BE  0BC3               	andlw	195
  3547   0025C0  1003               	iorwf	??_read_adc^0,w,c
  3548   0025C2  6EC2               	movwf	194,c	;volatile
  3549   0025C4                     
  3550                           ;adc.c: 51:  GO = 1;
  3551   0025C4  82C2               	bsf	4034,1,c	;volatile
  3552   0025C6                     l62:
  3553   0025C6  B2C2               	btfsc	4034,1,c	;volatile
  3554   0025C8  EFE8  F012         	goto	u701
  3555   0025CC  EFEA  F012         	goto	u700
  3556   0025D0                     u701:
  3557   0025D0  EFE3  F012         	goto	l62
  3558   0025D4                     u700:
  3559   0025D4                     
  3560                           ;adc.c: 53:  reg_val = (ADRESH << 8) | ADRESL;
  3561   0025D4  50C3               	movf	195,w,c	;volatile
  3562   0025D6  CFC4 F003          	movff	4036,??_read_adc	;volatile
  3563   0025DA  6A04               	clrf	(??_read_adc+1)^0,c
  3564   0025DC  C003  F004         	movff	??_read_adc,??_read_adc+1
  3565   0025E0  6A03               	clrf	??_read_adc^0,c
  3566   0025E2  1003               	iorwf	??_read_adc^0,w,c
  3567   0025E4  6E05               	movwf	read_adc@reg_val^0,c
  3568   0025E6  5004               	movf	(??_read_adc+1)^0,w,c
  3569   0025E8  6E06               	movwf	(read_adc@reg_val+1)^0,c
  3570   0025EA                     
  3571                           ;adc.c: 55:  return reg_val;
  3572   0025EA  C005  F001         	movff	read_adc@reg_val,?_read_adc
  3573   0025EE  C006  F002         	movff	read_adc@reg_val+1,?_read_adc+1
  3574   0025F2  0012               	return		;funcret
  3575   0025F4                     __end_of_read_adc:
  3576                           	callstack 0
  3577                           
  3578 ;; *************** function ___xxtofl *****************
  3579 ;; Defined at:
  3580 ;;		line 10 in file "C:\Program Files\Microchip\xc8\v3.10\pic\sources\c99\common\xxtofl.c"
  3581 ;; Parameters:    Size  Location     Type
  3582 ;;  sign            1    wreg     unsigned char 
  3583 ;;  val             4    0[COMRAM] long 
  3584 ;; Auto vars:     Size  Location     Type
  3585 ;;  sign            1    8[COMRAM] unsigned char 
  3586 ;;  arg             4   10[COMRAM] unsigned long 
  3587 ;;  exp             1    9[COMRAM] unsigned char 
  3588 ;; Return value:  Size  Location     Type
  3589 ;;                  4    0[COMRAM] unsigned char 
  3590 ;; Registers used:
  3591 ;;		wreg, status,2, status,0
  3592 ;; Tracked objects:
  3593 ;;		On entry : 0/0
  3594 ;;		On exit  : 0/0
  3595 ;;		Unchanged: 0/0
  3596 ;; Data sizes:     COMRAM   BANK0   BANK1   BANK2   BANK3   BANK4   BANK5
  3597 ;;      Params:         4       0       0       0       0       0       0
  3598 ;;      Locals:         6       0       0       0       0       0       0
  3599 ;;      Temps:          4       0       0       0       0       0       0
  3600 ;;      Totals:        14       0       0       0       0       0       0
  3601 ;;Total ram usage:       14 bytes
  3602 ;; Hardware stack levels used: 1
  3603 ;; This function calls:
  3604 ;;		Nothing
  3605 ;; This function is called by:
  3606 ;;		_get_speed
  3607 ;; This function uses a non-reentrant model
  3608 ;;
  3609                           
  3610                           	psect	text7
  3611   002AA0                     __ptext7:
  3612                           	callstack 0
  3613   002AA0                     ___xxtofl:
  3614                           	callstack 29
  3615                           
  3616                           ;incstack = 0
  3617                           ;___xxtofl@sign stored from wreg
  3618   002AA0  6E09               	movwf	___xxtofl@sign^0,c
  3619   002AA2  5009               	movf	___xxtofl@sign^0,w,c
  3620   002AA4  B4D8               	btfsc	status,2,c
  3621   002AA6  EF57  F015         	goto	u1071
  3622   002AAA  EF59  F015         	goto	u1070
  3623   002AAE                     u1071:
  3624   002AAE  EF7B  F015         	goto	l1002
  3625   002AB2                     u1070:
  3626   002AB2  BE04               	btfsc	(___xxtofl@val+3)^0,7,c
  3627   002AB4  EF60  F015         	goto	u1080
  3628   002AB8  EF5E  F015         	goto	u1081
  3629   002ABC                     u1081:
  3630   002ABC  EF7B  F015         	goto	l1002
  3631   002AC0                     u1080:
  3632   002AC0  C001  F005         	movff	___xxtofl@val,??___xxtofl
  3633   002AC4  C002  F006         	movff	___xxtofl@val+1,??___xxtofl+1
  3634   002AC8  C003  F007         	movff	___xxtofl@val+2,??___xxtofl+2
  3635   002ACC  C004  F008         	movff	___xxtofl@val+3,??___xxtofl+3
  3636   002AD0  1E05               	comf	??___xxtofl^0,f,c
  3637   002AD2  1E06               	comf	(??___xxtofl+1)^0,f,c
  3638   002AD4  1E07               	comf	(??___xxtofl+2)^0,f,c
  3639   002AD6  1E08               	comf	(??___xxtofl+3)^0,f,c
  3640   002AD8  2A05               	incf	??___xxtofl^0,f,c
  3641   002ADA  0E00               	movlw	0
  3642   002ADC  2206               	addwfc	(??___xxtofl+1)^0,f,c
  3643   002ADE  2207               	addwfc	(??___xxtofl+2)^0,f,c
  3644   002AE0  2208               	addwfc	(??___xxtofl+3)^0,f,c
  3645   002AE2  C005  F00B         	movff	??___xxtofl,___xxtofl@arg
  3646   002AE6  C006  F00C         	movff	??___xxtofl+1,___xxtofl@arg+1
  3647   002AEA  C007  F00D         	movff	??___xxtofl+2,___xxtofl@arg+2
  3648   002AEE  C008  F00E         	movff	??___xxtofl+3,___xxtofl@arg+3
  3649   002AF2  EF83  F015         	goto	l1704
  3650   002AF6                     l1002:
  3651   002AF6  C001  F00B         	movff	___xxtofl@val,___xxtofl@arg
  3652   002AFA  C002  F00C         	movff	___xxtofl@val+1,___xxtofl@arg+1
  3653   002AFE  C003  F00D         	movff	___xxtofl@val+2,___xxtofl@arg+2
  3654   002B02  C004  F00E         	movff	___xxtofl@val+3,___xxtofl@arg+3
  3655   002B06                     l1704:
  3656   002B06  5001               	movf	___xxtofl@val^0,w,c
  3657   002B08  1002               	iorwf	(___xxtofl@val+1)^0,w,c
  3658   002B0A  1003               	iorwf	(___xxtofl@val+2)^0,w,c
  3659   002B0C  1004               	iorwf	(___xxtofl@val+3)^0,w,c
  3660   002B0E  A4D8               	btfss	status,2,c
  3661   002B10  EF8C  F015         	goto	u1091
  3662   002B14  EF8E  F015         	goto	u1090
  3663   002B18                     u1091:
  3664   002B18  EF98  F015         	goto	l1710
  3665   002B1C                     u1090:
  3666   002B1C  0E00               	movlw	0
  3667   002B1E  6E01               	movwf	?___xxtofl^0,c
  3668   002B20  0E00               	movlw	0
  3669   002B22  6E02               	movwf	(?___xxtofl+1)^0,c
  3670   002B24  0E00               	movlw	0
  3671   002B26  6E03               	movwf	(?___xxtofl+2)^0,c
  3672   002B28  0E00               	movlw	0
  3673   002B2A  6E04               	movwf	(?___xxtofl+3)^0,c
  3674   002B2C  EF29  F016         	goto	l1005
  3675   002B30                     l1710:
  3676   002B30  0E96               	movlw	150
  3677   002B32  6E0A               	movwf	___xxtofl@exp^0,c
  3678   002B34  EFA2  F015         	goto	l1714
  3679   002B38                     l1712:
  3680   002B38  2A0A               	incf	___xxtofl@exp^0,f,c
  3681   002B3A  90D8               	bcf	status,0,c
  3682   002B3C  320E               	rrcf	(___xxtofl@arg+3)^0,f,c
  3683   002B3E  320D               	rrcf	(___xxtofl@arg+2)^0,f,c
  3684   002B40  320C               	rrcf	(___xxtofl@arg+1)^0,f,c
  3685   002B42  320B               	rrcf	___xxtofl@arg^0,f,c
  3686   002B44                     l1714:
  3687   002B44  0E00               	movlw	0
  3688   002B46  140B               	andwf	___xxtofl@arg^0,w,c
  3689   002B48  6E05               	movwf	??___xxtofl^0,c
  3690   002B4A  0E00               	movlw	0
  3691   002B4C  140C               	andwf	(___xxtofl@arg+1)^0,w,c
  3692   002B4E  6E06               	movwf	(??___xxtofl+1)^0,c
  3693   002B50  0E00               	movlw	0
  3694   002B52  140D               	andwf	(___xxtofl@arg+2)^0,w,c
  3695   002B54  6E07               	movwf	(??___xxtofl+2)^0,c
  3696   002B56  0EFE               	movlw	254
  3697   002B58  140E               	andwf	(___xxtofl@arg+3)^0,w,c
  3698   002B5A  6E08               	movwf	(??___xxtofl+3)^0,c
  3699   002B5C  5005               	movf	??___xxtofl^0,w,c
  3700   002B5E  1006               	iorwf	(??___xxtofl+1)^0,w,c
  3701   002B60  1007               	iorwf	(??___xxtofl+2)^0,w,c
  3702   002B62  1008               	iorwf	(??___xxtofl+3)^0,w,c
  3703   002B64  A4D8               	btfss	status,2,c
  3704   002B66  EFB7  F015         	goto	u1101
  3705   002B6A  EFB9  F015         	goto	u1100
  3706   002B6E                     u1101:
  3707   002B6E  EF9C  F015         	goto	l1712
  3708   002B72                     u1100:
  3709   002B72  EFC7  F015         	goto	l1009
  3710   002B76                     l1716:
  3711   002B76  2A0A               	incf	___xxtofl@exp^0,f,c
  3712   002B78  0E01               	movlw	1
  3713   002B7A  260B               	addwf	___xxtofl@arg^0,f,c
  3714   002B7C  0E00               	movlw	0
  3715   002B7E  220C               	addwfc	(___xxtofl@arg+1)^0,f,c
  3716   002B80  220D               	addwfc	(___xxtofl@arg+2)^0,f,c
  3717   002B82  220E               	addwfc	(___xxtofl@arg+3)^0,f,c
  3718   002B84  90D8               	bcf	status,0,c
  3719   002B86  320E               	rrcf	(___xxtofl@arg+3)^0,f,c
  3720   002B88  320D               	rrcf	(___xxtofl@arg+2)^0,f,c
  3721   002B8A  320C               	rrcf	(___xxtofl@arg+1)^0,f,c
  3722   002B8C  320B               	rrcf	___xxtofl@arg^0,f,c
  3723   002B8E                     l1009:
  3724   002B8E  0E00               	movlw	0
  3725   002B90  140B               	andwf	___xxtofl@arg^0,w,c
  3726   002B92  6E05               	movwf	??___xxtofl^0,c
  3727   002B94  0E00               	movlw	0
  3728   002B96  140C               	andwf	(___xxtofl@arg+1)^0,w,c
  3729   002B98  6E06               	movwf	(??___xxtofl+1)^0,c
  3730   002B9A  0E00               	movlw	0
  3731   002B9C  140D               	andwf	(___xxtofl@arg+2)^0,w,c
  3732   002B9E  6E07               	movwf	(??___xxtofl+2)^0,c
  3733   002BA0  0EFF               	movlw	255
  3734   002BA2  140E               	andwf	(___xxtofl@arg+3)^0,w,c
  3735   002BA4  6E08               	movwf	(??___xxtofl+3)^0,c
  3736   002BA6  5005               	movf	??___xxtofl^0,w,c
  3737   002BA8  1006               	iorwf	(??___xxtofl+1)^0,w,c
  3738   002BAA  1007               	iorwf	(??___xxtofl+2)^0,w,c
  3739   002BAC  1008               	iorwf	(??___xxtofl+3)^0,w,c
  3740   002BAE  A4D8               	btfss	status,2,c
  3741   002BB0  EFDC  F015         	goto	u1111
  3742   002BB4  EFDE  F015         	goto	u1110
  3743   002BB8                     u1111:
  3744   002BB8  EFBB  F015         	goto	l1716
  3745   002BBC                     u1110:
  3746   002BBC  EFE6  F015         	goto	l1724
  3747   002BC0                     l1722:
  3748   002BC0  060A               	decf	___xxtofl@exp^0,f,c
  3749   002BC2  90D8               	bcf	status,0,c
  3750   002BC4  360B               	rlcf	___xxtofl@arg^0,f,c
  3751   002BC6  360C               	rlcf	(___xxtofl@arg+1)^0,f,c
  3752   002BC8  360D               	rlcf	(___xxtofl@arg+2)^0,f,c
  3753   002BCA  360E               	rlcf	(___xxtofl@arg+3)^0,f,c
  3754   002BCC                     l1724:
  3755   002BCC  BE0D               	btfsc	(___xxtofl@arg+2)^0,7,c
  3756   002BCE  EFEB  F015         	goto	u1121
  3757   002BD2  EFED  F015         	goto	u1120
  3758   002BD6                     u1121:
  3759   002BD6  EFF5  F015         	goto	l1016
  3760   002BDA                     u1120:
  3761   002BDA  0E02               	movlw	2
  3762   002BDC  600A               	cpfslt	___xxtofl@exp^0,c
  3763   002BDE  EFF3  F015         	goto	u1131
  3764   002BE2  EFF5  F015         	goto	u1130
  3765   002BE6                     u1131:
  3766   002BE6  EFE0  F015         	goto	l1722
  3767   002BEA                     u1130:
  3768   002BEA                     l1016:
  3769   002BEA  B00A               	btfsc	___xxtofl@exp^0,0,c
  3770   002BEC  EFFA  F015         	goto	u1141
  3771   002BF0  EFFC  F015         	goto	u1140
  3772   002BF4                     u1141:
  3773   002BF4  EFFD  F015         	goto	l1730
  3774   002BF8                     u1140:
  3775   002BF8  9E0D               	bcf	(___xxtofl@arg+2)^0,7,c
  3776   002BFA                     l1730:
  3777   002BFA  90D8               	bcf	status,0,c
  3778   002BFC  320A               	rrcf	___xxtofl@exp^0,f,c
  3779   002BFE  C00A  F005         	movff	___xxtofl@exp,??___xxtofl
  3780   002C02  6A06               	clrf	(??___xxtofl+1)^0,c
  3781   002C04  6A07               	clrf	(??___xxtofl+2)^0,c
  3782   002C06  6A08               	clrf	(??___xxtofl+3)^0,c
  3783   002C08  C005  F008         	movff	??___xxtofl,??___xxtofl+3
  3784   002C0C  6A07               	clrf	(??___xxtofl+2)^0,c
  3785   002C0E  6A06               	clrf	(??___xxtofl+1)^0,c
  3786   002C10  6A05               	clrf	??___xxtofl^0,c
  3787   002C12  5005               	movf	??___xxtofl^0,w,c
  3788   002C14  120B               	iorwf	___xxtofl@arg^0,f,c
  3789   002C16  5006               	movf	(??___xxtofl+1)^0,w,c
  3790   002C18  120C               	iorwf	(___xxtofl@arg+1)^0,f,c
  3791   002C1A  5007               	movf	(??___xxtofl+2)^0,w,c
  3792   002C1C  120D               	iorwf	(___xxtofl@arg+2)^0,f,c
  3793   002C1E  5008               	movf	(??___xxtofl+3)^0,w,c
  3794   002C20  120E               	iorwf	(___xxtofl@arg+3)^0,f,c
  3795   002C22  5009               	movf	___xxtofl@sign^0,w,c
  3796   002C24  B4D8               	btfsc	status,2,c
  3797   002C26  EF17  F016         	goto	u1151
  3798   002C2A  EF19  F016         	goto	u1150
  3799   002C2E                     u1151:
  3800   002C2E  EF21  F016         	goto	l1740
  3801   002C32                     u1150:
  3802   002C32  BE04               	btfsc	(___xxtofl@val+3)^0,7,c
  3803   002C34  EF20  F016         	goto	u1160
  3804   002C38  EF1E  F016         	goto	u1161
  3805   002C3C                     u1161:
  3806   002C3C  EF21  F016         	goto	l1740
  3807   002C40                     u1160:
  3808   002C40  8E0E               	bsf	(___xxtofl@arg+3)^0,7,c
  3809   002C42                     l1740:
  3810   002C42  C00B  F001         	movff	___xxtofl@arg,?___xxtofl
  3811   002C46  C00C  F002         	movff	___xxtofl@arg+1,?___xxtofl+1
  3812   002C4A  C00D  F003         	movff	___xxtofl@arg+2,?___xxtofl+2
  3813   002C4E  C00E  F004         	movff	___xxtofl@arg+3,?___xxtofl+3
  3814   002C52                     l1005:
  3815   002C52  0012               	return		;funcret
  3816   002C54                     __end_of___xxtofl:
  3817                           	callstack 0
  3818                           
  3819 ;; *************** function ___fltol *****************
  3820 ;; Defined at:
  3821 ;;		line 43 in file "C:\Program Files\Microchip\xc8\v3.10\pic\sources\c99\common\fltol.c"
  3822 ;; Parameters:    Size  Location     Type
  3823 ;;  f1              4   39[COMRAM] unsigned char 
  3824 ;; Auto vars:     Size  Location     Type
  3825 ;;  exp1            1   48[COMRAM] unsigned char 
  3826 ;;  sign1           1   47[COMRAM] unsigned char 
  3827 ;; Return value:  Size  Location     Type
  3828 ;;                  4   39[COMRAM] long 
  3829 ;; Registers used:
  3830 ;;		wreg, status,2, status,0
  3831 ;; Tracked objects:
  3832 ;;		On entry : 0/0
  3833 ;;		On exit  : 0/0
  3834 ;;		Unchanged: 0/0
  3835 ;; Data sizes:     COMRAM   BANK0   BANK1   BANK2   BANK3   BANK4   BANK5
  3836 ;;      Params:         4       0       0       0       0       0       0
  3837 ;;      Locals:         2       0       0       0       0       0       0
  3838 ;;      Temps:          4       0       0       0       0       0       0
  3839 ;;      Totals:        10       0       0       0       0       0       0
  3840 ;;Total ram usage:       10 bytes
  3841 ;; Hardware stack levels used: 1
  3842 ;; This function calls:
  3843 ;;		Nothing
  3844 ;; This function is called by:
  3845 ;;		_get_speed
  3846 ;; This function uses a non-reentrant model
  3847 ;;
  3848                           
  3849                           	psect	text8
  3850   00299A                     __ptext8:
  3851                           	callstack 0
  3852   00299A                     ___fltol:
  3853                           	callstack 29
  3854   00299A  342A               	rlcf	(___fltol@f1+2)^0,w,c
  3855   00299C  342B               	rlcf	(___fltol@f1+3)^0,w,c
  3856   00299E  6E31               	movwf	___fltol@exp1^0,c
  3857   0029A0  5031               	movf	___fltol@exp1^0,w,c
  3858   0029A2  A4D8               	btfss	status,2,c
  3859   0029A4  EFD6  F014         	goto	u1001
  3860   0029A8  EFD8  F014         	goto	u1000
  3861   0029AC                     u1001:
  3862   0029AC  EFE2  F014         	goto	l1660
  3863   0029B0                     u1000:
  3864   0029B0                     l1656:
  3865   0029B0  0E00               	movlw	0
  3866   0029B2  6E28               	movwf	?___fltol^0,c
  3867   0029B4  0E00               	movlw	0
  3868   0029B6  6E29               	movwf	(?___fltol+1)^0,c
  3869   0029B8  0E00               	movlw	0
  3870   0029BA  6E2A               	movwf	(?___fltol+2)^0,c
  3871   0029BC  0E00               	movlw	0
  3872   0029BE  6E2B               	movwf	(?___fltol+3)^0,c
  3873   0029C0  EF4F  F015         	goto	l644
  3874   0029C4                     l1660:
  3875   0029C4  C028  F02C         	movff	___fltol@f1,??___fltol
  3876   0029C8  C029  F02D         	movff	___fltol@f1+1,??___fltol+1
  3877   0029CC  C02A  F02E         	movff	___fltol@f1+2,??___fltol+2
  3878   0029D0  C02B  F02F         	movff	___fltol@f1+3,??___fltol+3
  3879   0029D4  0E20               	movlw	32
  3880   0029D6  EFF2  F014         	goto	u1010
  3881   0029DA                     u1015:
  3882   0029DA  90D8               	bcf	status,0,c
  3883   0029DC  322F               	rrcf	(??___fltol+3)^0,f,c
  3884   0029DE  322E               	rrcf	(??___fltol+2)^0,f,c
  3885   0029E0  322D               	rrcf	(??___fltol+1)^0,f,c
  3886   0029E2  322C               	rrcf	??___fltol^0,f,c
  3887   0029E4                     u1010:
  3888   0029E4  2EE8               	decfsz	wreg,f,c
  3889   0029E6  EFED  F014         	goto	u1015
  3890   0029EA  502C               	movf	??___fltol^0,w,c
  3891   0029EC  6E30               	movwf	___fltol@sign1^0,c
  3892   0029EE  8E2A               	bsf	(___fltol@f1+2)^0,7,c
  3893   0029F0  0EFF               	movlw	255
  3894   0029F2  1628               	andwf	___fltol@f1^0,f,c
  3895   0029F4  0EFF               	movlw	255
  3896   0029F6  1629               	andwf	(___fltol@f1+1)^0,f,c
  3897   0029F8  0EFF               	movlw	255
  3898   0029FA  162A               	andwf	(___fltol@f1+2)^0,f,c
  3899   0029FC  0E00               	movlw	0
  3900   0029FE  162B               	andwf	(___fltol@f1+3)^0,f,c
  3901   002A00  0E96               	movlw	150
  3902   002A02  5E31               	subwf	___fltol@exp1^0,f,c
  3903   002A04  BE31               	btfsc	___fltol@exp1^0,7,c
  3904   002A06  EF09  F015         	goto	u1020
  3905   002A0A  EF07  F015         	goto	u1021
  3906   002A0E                     u1021:
  3907   002A0E  EF1F  F015         	goto	l1680
  3908   002A12                     u1020:
  3909   002A12  5031               	movf	___fltol@exp1^0,w,c
  3910   002A14  0A80               	xorlw	128
  3911   002A16  0F97               	addlw	151
  3912   002A18  B0D8               	btfsc	status,0,c
  3913   002A1A  EF11  F015         	goto	u1031
  3914   002A1E  EF13  F015         	goto	u1030
  3915   002A22                     u1031:
  3916   002A22  EF15  F015         	goto	l1676
  3917   002A26                     u1030:
  3918   002A26  EFD8  F014         	goto	l1656
  3919   002A2A                     l1676:
  3920   002A2A  90D8               	bcf	status,0,c
  3921   002A2C  322B               	rrcf	(___fltol@f1+3)^0,f,c
  3922   002A2E  322A               	rrcf	(___fltol@f1+2)^0,f,c
  3923   002A30  3229               	rrcf	(___fltol@f1+1)^0,f,c
  3924   002A32  3228               	rrcf	___fltol@f1^0,f,c
  3925   002A34  3E31               	incfsz	___fltol@exp1^0,f,c
  3926   002A36  EF15  F015         	goto	l1676
  3927   002A3A  EF37  F015         	goto	l1690
  3928   002A3E                     l1680:
  3929   002A3E  0E1F               	movlw	31
  3930   002A40  6431               	cpfsgt	___fltol@exp1^0,c
  3931   002A42  EF25  F015         	goto	u1041
  3932   002A46  EF27  F015         	goto	u1040
  3933   002A4A                     u1041:
  3934   002A4A  EF2F  F015         	goto	l1688
  3935   002A4E                     u1040:
  3936   002A4E  EFD8  F014         	goto	l1656
  3937   002A52                     l1686:
  3938   002A52  90D8               	bcf	status,0,c
  3939   002A54  3628               	rlcf	___fltol@f1^0,f,c
  3940   002A56  3629               	rlcf	(___fltol@f1+1)^0,f,c
  3941   002A58  362A               	rlcf	(___fltol@f1+2)^0,f,c
  3942   002A5A  362B               	rlcf	(___fltol@f1+3)^0,f,c
  3943   002A5C  0631               	decf	___fltol@exp1^0,f,c
  3944   002A5E                     l1688:
  3945   002A5E  5031               	movf	___fltol@exp1^0,w,c
  3946   002A60  A4D8               	btfss	status,2,c
  3947   002A62  EF35  F015         	goto	u1051
  3948   002A66  EF37  F015         	goto	u1050
  3949   002A6A                     u1051:
  3950   002A6A  EF29  F015         	goto	l1686
  3951   002A6E                     u1050:
  3952   002A6E                     l1690:
  3953   002A6E  5030               	movf	___fltol@sign1^0,w,c
  3954   002A70  B4D8               	btfsc	status,2,c
  3955   002A72  EF3D  F015         	goto	u1061
  3956   002A76  EF3F  F015         	goto	u1060
  3957   002A7A                     u1061:
  3958   002A7A  EF47  F015         	goto	l1694
  3959   002A7E                     u1060:
  3960   002A7E  1E2B               	comf	(___fltol@f1+3)^0,f,c
  3961   002A80  1E2A               	comf	(___fltol@f1+2)^0,f,c
  3962   002A82  1E29               	comf	(___fltol@f1+1)^0,f,c
  3963   002A84  6C28               	negf	___fltol@f1^0,c
  3964   002A86  0E00               	movlw	0
  3965   002A88  2229               	addwfc	(___fltol@f1+1)^0,f,c
  3966   002A8A  222A               	addwfc	(___fltol@f1+2)^0,f,c
  3967   002A8C  222B               	addwfc	(___fltol@f1+3)^0,f,c
  3968   002A8E                     l1694:
  3969   002A8E  C028  F028         	movff	___fltol@f1,?___fltol
  3970   002A92  C029  F029         	movff	___fltol@f1+1,?___fltol+1
  3971   002A96  C02A  F02A         	movff	___fltol@f1+2,?___fltol+2
  3972   002A9A  C02B  F02B         	movff	___fltol@f1+3,?___fltol+3
  3973   002A9E                     l644:
  3974   002A9E  0012               	return		;funcret
  3975   002AA0                     __end_of___fltol:
  3976                           	callstack 0
  3977                           
  3978 ;; *************** function ___fldiv *****************
  3979 ;; Defined at:
  3980 ;;		line 11 in file "C:\Program Files\Microchip\xc8\v3.10\pic\sources\c99\common\sprcdiv.c"
  3981 ;; Parameters:    Size  Location     Type
  3982 ;;  b               4   14[COMRAM] long 
  3983 ;;  a               4   18[COMRAM] long 
  3984 ;; Auto vars:     Size  Location     Type
  3985 ;;  grs             4   33[COMRAM] unsigned long 
  3986 ;;  rem             4   26[COMRAM] unsigned long 
  3987 ;;  new_exp         2   31[COMRAM] short 
  3988 ;;  aexp            1   38[COMRAM] unsigned char 
  3989 ;;  bexp            1   37[COMRAM] unsigned char 
  3990 ;;  sign            1   30[COMRAM] unsigned char 
  3991 ;; Return value:  Size  Location     Type
  3992 ;;                  4   14[COMRAM] unsigned char 
  3993 ;; Registers used:
  3994 ;;		wreg, status,2, status,0
  3995 ;; Tracked objects:
  3996 ;;		On entry : 0/0
  3997 ;;		On exit  : 0/0
  3998 ;;		Unchanged: 0/0
  3999 ;; Data sizes:     COMRAM   BANK0   BANK1   BANK2   BANK3   BANK4   BANK5
  4000 ;;      Params:         8       0       0       0       0       0       0
  4001 ;;      Locals:        13       0       0       0       0       0       0
  4002 ;;      Temps:          4       0       0       0       0       0       0
  4003 ;;      Totals:        25       0       0       0       0       0       0
  4004 ;;Total ram usage:       25 bytes
  4005 ;; Hardware stack levels used: 1
  4006 ;; This function calls:
  4007 ;;		Nothing
  4008 ;; This function is called by:
  4009 ;;		_get_speed
  4010 ;; This function uses a non-reentrant model
  4011 ;;
  4012                           
  4013                           	psect	text9
  4014   002C54                     __ptext9:
  4015                           	callstack 0
  4016   002C54                     ___fldiv:
  4017                           	callstack 29
  4018   002C54  5012               	movf	(___fldiv@b+3)^0,w,c
  4019   002C56  0B80               	andlw	128
  4020   002C58  6E1F               	movwf	___fldiv@sign^0,c
  4021   002C5A  5012               	movf	(___fldiv@b+3)^0,w,c
  4022   002C5C  2412               	addwf	(___fldiv@b+3)^0,w,c
  4023   002C5E  6E26               	movwf	___fldiv@bexp^0,c
  4024   002C60  AE11               	btfss	(___fldiv@b+2)^0,7,c
  4025   002C62  EF35  F016         	goto	u771
  4026   002C66  EF37  F016         	goto	u770
  4027   002C6A                     u771:
  4028   002C6A  EF38  F016         	goto	l1524
  4029   002C6E                     u770:
  4030   002C6E  8026               	bsf	___fldiv@bexp^0,0,c
  4031   002C70                     l1524:
  4032   002C70  5026               	movf	___fldiv@bexp^0,w,c
  4033   002C72  B4D8               	btfsc	status,2,c
  4034   002C74  EF3E  F016         	goto	u781
  4035   002C78  EF40  F016         	goto	u780
  4036   002C7C                     u781:
  4037   002C7C  EF54  F016         	goto	l1534
  4038   002C80                     u780:
  4039   002C80  2826               	incf	___fldiv@bexp^0,w,c
  4040   002C82  A4D8               	btfss	status,2,c
  4041   002C84  EF46  F016         	goto	u791
  4042   002C88  EF48  F016         	goto	u790
  4043   002C8C                     u791:
  4044   002C8C  EF50  F016         	goto	l1530
  4045   002C90                     u790:
  4046   002C90  0E00               	movlw	0
  4047   002C92  6E0F               	movwf	___fldiv@b^0,c
  4048   002C94  0E00               	movlw	0
  4049   002C96  6E10               	movwf	(___fldiv@b+1)^0,c
  4050   002C98  0E00               	movlw	0
  4051   002C9A  6E11               	movwf	(___fldiv@b+2)^0,c
  4052   002C9C  0E00               	movlw	0
  4053   002C9E  6E12               	movwf	(___fldiv@b+3)^0,c
  4054   002CA0                     l1530:
  4055   002CA0  8E11               	bsf	(___fldiv@b+2)^0,7,c
  4056   002CA2  6A12               	clrf	(___fldiv@b+3)^0,c
  4057   002CA4  EF5C  F016         	goto	l1536
  4058   002CA8                     l1534:
  4059   002CA8  0E00               	movlw	0
  4060   002CAA  6E0F               	movwf	___fldiv@b^0,c
  4061   002CAC  0E00               	movlw	0
  4062   002CAE  6E10               	movwf	(___fldiv@b+1)^0,c
  4063   002CB0  0E00               	movlw	0
  4064   002CB2  6E11               	movwf	(___fldiv@b+2)^0,c
  4065   002CB4  0E00               	movlw	0
  4066   002CB6  6E12               	movwf	(___fldiv@b+3)^0,c
  4067   002CB8                     l1536:
  4068   002CB8  5016               	movf	(___fldiv@a+3)^0,w,c
  4069   002CBA  0B80               	andlw	128
  4070   002CBC  1A1F               	xorwf	___fldiv@sign^0,f,c
  4071   002CBE  5016               	movf	(___fldiv@a+3)^0,w,c
  4072   002CC0  2416               	addwf	(___fldiv@a+3)^0,w,c
  4073   002CC2  6E27               	movwf	___fldiv@aexp^0,c
  4074   002CC4  AE15               	btfss	(___fldiv@a+2)^0,7,c
  4075   002CC6  EF67  F016         	goto	u801
  4076   002CCA  EF69  F016         	goto	u800
  4077   002CCE                     u801:
  4078   002CCE  EF6A  F016         	goto	l1544
  4079   002CD2                     u800:
  4080   002CD2  8027               	bsf	___fldiv@aexp^0,0,c
  4081   002CD4                     l1544:
  4082   002CD4  5027               	movf	___fldiv@aexp^0,w,c
  4083   002CD6  B4D8               	btfsc	status,2,c
  4084   002CD8  EF70  F016         	goto	u811
  4085   002CDC  EF72  F016         	goto	u810
  4086   002CE0                     u811:
  4087   002CE0  EF86  F016         	goto	l1554
  4088   002CE4                     u810:
  4089   002CE4  2827               	incf	___fldiv@aexp^0,w,c
  4090   002CE6  A4D8               	btfss	status,2,c
  4091   002CE8  EF78  F016         	goto	u821
  4092   002CEC  EF7A  F016         	goto	u820
  4093   002CF0                     u821:
  4094   002CF0  EF82  F016         	goto	l1550
  4095   002CF4                     u820:
  4096   002CF4  0E00               	movlw	0
  4097   002CF6  6E13               	movwf	___fldiv@a^0,c
  4098   002CF8  0E00               	movlw	0
  4099   002CFA  6E14               	movwf	(___fldiv@a+1)^0,c
  4100   002CFC  0E00               	movlw	0
  4101   002CFE  6E15               	movwf	(___fldiv@a+2)^0,c
  4102   002D00  0E00               	movlw	0
  4103   002D02  6E16               	movwf	(___fldiv@a+3)^0,c
  4104   002D04                     l1550:
  4105   002D04  8E15               	bsf	(___fldiv@a+2)^0,7,c
  4106   002D06  6A16               	clrf	(___fldiv@a+3)^0,c
  4107   002D08  EF8E  F016         	goto	l1556
  4108   002D0C                     l1554:
  4109   002D0C  0E00               	movlw	0
  4110   002D0E  6E13               	movwf	___fldiv@a^0,c
  4111   002D10  0E00               	movlw	0
  4112   002D12  6E14               	movwf	(___fldiv@a+1)^0,c
  4113   002D14  0E00               	movlw	0
  4114   002D16  6E15               	movwf	(___fldiv@a+2)^0,c
  4115   002D18  0E00               	movlw	0
  4116   002D1A  6E16               	movwf	(___fldiv@a+3)^0,c
  4117   002D1C                     l1556:
  4118   002D1C  5013               	movf	___fldiv@a^0,w,c
  4119   002D1E  1014               	iorwf	(___fldiv@a+1)^0,w,c
  4120   002D20  1015               	iorwf	(___fldiv@a+2)^0,w,c
  4121   002D22  1016               	iorwf	(___fldiv@a+3)^0,w,c
  4122   002D24  A4D8               	btfss	status,2,c
  4123   002D26  EF97  F016         	goto	u831
  4124   002D2A  EF99  F016         	goto	u830
  4125   002D2E                     u831:
  4126   002D2E  EFB1  F016         	goto	l1568
  4127   002D32                     u830:
  4128   002D32  0E00               	movlw	0
  4129   002D34  6E0F               	movwf	___fldiv@b^0,c
  4130   002D36  0E00               	movlw	0
  4131   002D38  6E10               	movwf	(___fldiv@b+1)^0,c
  4132   002D3A  0E00               	movlw	0
  4133   002D3C  6E11               	movwf	(___fldiv@b+2)^0,c
  4134   002D3E  0E00               	movlw	0
  4135   002D40  6E12               	movwf	(___fldiv@b+3)^0,c
  4136   002D42  0E80               	movlw	128
  4137   002D44  1211               	iorwf	(___fldiv@b+2)^0,f,c
  4138   002D46  0E7F               	movlw	127
  4139   002D48  1212               	iorwf	(___fldiv@b+3)^0,f,c
  4140   002D4A                     l1562:
  4141   002D4A  501F               	movf	___fldiv@sign^0,w,c
  4142   002D4C  1212               	iorwf	(___fldiv@b+3)^0,f,c
  4143   002D4E  C00F  F00F         	movff	___fldiv@b,?___fldiv
  4144   002D52  C010  F010         	movff	___fldiv@b+1,?___fldiv+1
  4145   002D56  C011  F011         	movff	___fldiv@b+2,?___fldiv+2
  4146   002D5A  C012  F012         	movff	___fldiv@b+3,?___fldiv+3
  4147   002D5E  EFF0  F017         	goto	l929
  4148   002D62                     l1568:
  4149   002D62  5026               	movf	___fldiv@bexp^0,w,c
  4150   002D64  A4D8               	btfss	status,2,c
  4151   002D66  EFB7  F016         	goto	u841
  4152   002D6A  EFB9  F016         	goto	u840
  4153   002D6E                     u841:
  4154   002D6E  EFC3  F016         	goto	l1576
  4155   002D72                     u840:
  4156   002D72  0E00               	movlw	0
  4157   002D74  6E0F               	movwf	?___fldiv^0,c
  4158   002D76  0E00               	movlw	0
  4159   002D78  6E10               	movwf	(?___fldiv+1)^0,c
  4160   002D7A  0E00               	movlw	0
  4161   002D7C  6E11               	movwf	(?___fldiv+2)^0,c
  4162   002D7E  0E00               	movlw	0
  4163   002D80  6E12               	movwf	(?___fldiv+3)^0,c
  4164   002D82  EFF0  F017         	goto	l929
  4165   002D86                     l1576:
  4166   002D86  5027               	movf	___fldiv@aexp^0,w,c
  4167   002D88  C026  F017         	movff	___fldiv@bexp,??___fldiv
  4168   002D8C  6A18               	clrf	(??___fldiv+1)^0,c
  4169   002D8E  5E17               	subwf	??___fldiv^0,f,c
  4170   002D90  0E00               	movlw	0
  4171   002D92  5A18               	subwfb	(??___fldiv+1)^0,f,c
  4172   002D94  0E7F               	movlw	127
  4173   002D96  2417               	addwf	??___fldiv^0,w,c
  4174   002D98  6E20               	movwf	___fldiv@new_exp^0,c
  4175   002D9A  0E00               	movlw	0
  4176   002D9C  2018               	addwfc	(??___fldiv+1)^0,w,c
  4177   002D9E  6E21               	movwf	(___fldiv@new_exp+1)^0,c
  4178   002DA0  C00F  F01B         	movff	___fldiv@b,___fldiv@rem
  4179   002DA4  C010  F01C         	movff	___fldiv@b+1,___fldiv@rem+1
  4180   002DA8  C011  F01D         	movff	___fldiv@b+2,___fldiv@rem+2
  4181   002DAC  C012  F01E         	movff	___fldiv@b+3,___fldiv@rem+3
  4182   002DB0  0E00               	movlw	0
  4183   002DB2  6E0F               	movwf	___fldiv@b^0,c
  4184   002DB4  0E00               	movlw	0
  4185   002DB6  6E10               	movwf	(___fldiv@b+1)^0,c
  4186   002DB8  0E00               	movlw	0
  4187   002DBA  6E11               	movwf	(___fldiv@b+2)^0,c
  4188   002DBC  0E00               	movlw	0
  4189   002DBE  6E12               	movwf	(___fldiv@b+3)^0,c
  4190   002DC0  0E00               	movlw	0
  4191   002DC2  6E22               	movwf	___fldiv@grs^0,c
  4192   002DC4  0E00               	movlw	0
  4193   002DC6  6E23               	movwf	(___fldiv@grs+1)^0,c
  4194   002DC8  0E00               	movlw	0
  4195   002DCA  6E24               	movwf	(___fldiv@grs+2)^0,c
  4196   002DCC  0E00               	movlw	0
  4197   002DCE  6E25               	movwf	(___fldiv@grs+3)^0,c
  4198   002DD0  6A27               	clrf	___fldiv@aexp^0,c
  4199   002DD2  EF23  F017         	goto	l931
  4200   002DD6                     l1586:
  4201   002DD6  5027               	movf	___fldiv@aexp^0,w,c
  4202   002DD8  B4D8               	btfsc	status,2,c
  4203   002DDA  EFF1  F016         	goto	u851
  4204   002DDE  EFF3  F016         	goto	u850
  4205   002DE2                     u851:
  4206   002DE2  EF0A  F017         	goto	l1594
  4207   002DE6                     u850:
  4208   002DE6  90D8               	bcf	status,0,c
  4209   002DE8  361B               	rlcf	___fldiv@rem^0,f,c
  4210   002DEA  361C               	rlcf	(___fldiv@rem+1)^0,f,c
  4211   002DEC  361D               	rlcf	(___fldiv@rem+2)^0,f,c
  4212   002DEE  361E               	rlcf	(___fldiv@rem+3)^0,f,c
  4213   002DF0  90D8               	bcf	status,0,c
  4214   002DF2  360F               	rlcf	___fldiv@b^0,f,c
  4215   002DF4  3610               	rlcf	(___fldiv@b+1)^0,f,c
  4216   002DF6  3611               	rlcf	(___fldiv@b+2)^0,f,c
  4217   002DF8  3612               	rlcf	(___fldiv@b+3)^0,f,c
  4218   002DFA  AE25               	btfss	(___fldiv@grs+3)^0,7,c
  4219   002DFC  EF02  F017         	goto	u861
  4220   002E00  EF04  F017         	goto	u860
  4221   002E04                     u861:
  4222   002E04  EF05  F017         	goto	l934
  4223   002E08                     u860:
  4224   002E08  800F               	bsf	___fldiv@b^0,0,c
  4225   002E0A                     l934:
  4226   002E0A  90D8               	bcf	status,0,c
  4227   002E0C  3622               	rlcf	___fldiv@grs^0,f,c
  4228   002E0E  3623               	rlcf	(___fldiv@grs+1)^0,f,c
  4229   002E10  3624               	rlcf	(___fldiv@grs+2)^0,f,c
  4230   002E12  3625               	rlcf	(___fldiv@grs+3)^0,f,c
  4231   002E14                     l1594:
  4232   002E14  5013               	movf	___fldiv@a^0,w,c
  4233   002E16  5C1B               	subwf	___fldiv@rem^0,w,c
  4234   002E18  5014               	movf	(___fldiv@a+1)^0,w,c
  4235   002E1A  581C               	subwfb	(___fldiv@rem+1)^0,w,c
  4236   002E1C  5015               	movf	(___fldiv@a+2)^0,w,c
  4237   002E1E  581D               	subwfb	(___fldiv@rem+2)^0,w,c
  4238   002E20  5016               	movf	(___fldiv@a+3)^0,w,c
  4239   002E22  581E               	subwfb	(___fldiv@rem+3)^0,w,c
  4240   002E24  A0D8               	btfss	status,0,c
  4241   002E26  EF17  F017         	goto	u871
  4242   002E2A  EF19  F017         	goto	u870
  4243   002E2E                     u871:
  4244   002E2E  EF22  F017         	goto	l1600
  4245   002E32                     u870:
  4246   002E32  8C25               	bsf	(___fldiv@grs+3)^0,6,c
  4247   002E34  5013               	movf	___fldiv@a^0,w,c
  4248   002E36  5E1B               	subwf	___fldiv@rem^0,f,c
  4249   002E38  5014               	movf	(___fldiv@a+1)^0,w,c
  4250   002E3A  5A1C               	subwfb	(___fldiv@rem+1)^0,f,c
  4251   002E3C  5015               	movf	(___fldiv@a+2)^0,w,c
  4252   002E3E  5A1D               	subwfb	(___fldiv@rem+2)^0,f,c
  4253   002E40  5016               	movf	(___fldiv@a+3)^0,w,c
  4254   002E42  5A1E               	subwfb	(___fldiv@rem+3)^0,f,c
  4255   002E44                     l1600:
  4256   002E44  2A27               	incf	___fldiv@aexp^0,f,c
  4257   002E46                     l931:
  4258   002E46  0E19               	movlw	25
  4259   002E48  6427               	cpfsgt	___fldiv@aexp^0,c
  4260   002E4A  EF29  F017         	goto	u881
  4261   002E4E  EF2B  F017         	goto	u880
  4262   002E52                     u881:
  4263   002E52  EFEB  F016         	goto	l1586
  4264   002E56                     u880:
  4265   002E56  501B               	movf	___fldiv@rem^0,w,c
  4266   002E58  101C               	iorwf	(___fldiv@rem+1)^0,w,c
  4267   002E5A  101D               	iorwf	(___fldiv@rem+2)^0,w,c
  4268   002E5C  101E               	iorwf	(___fldiv@rem+3)^0,w,c
  4269   002E5E  B4D8               	btfsc	status,2,c
  4270   002E60  EF34  F017         	goto	u891
  4271   002E64  EF36  F017         	goto	u890
  4272   002E68                     u891:
  4273   002E68  EF4E  F017         	goto	l1612
  4274   002E6C                     u890:
  4275   002E6C  8022               	bsf	___fldiv@grs^0,0,c
  4276   002E6E  EF4E  F017         	goto	l1612
  4277   002E72                     l1606:
  4278   002E72  90D8               	bcf	status,0,c
  4279   002E74  360F               	rlcf	___fldiv@b^0,f,c
  4280   002E76  3610               	rlcf	(___fldiv@b+1)^0,f,c
  4281   002E78  3611               	rlcf	(___fldiv@b+2)^0,f,c
  4282   002E7A  3612               	rlcf	(___fldiv@b+3)^0,f,c
  4283   002E7C  AE25               	btfss	(___fldiv@grs+3)^0,7,c
  4284   002E7E  EF43  F017         	goto	u901
  4285   002E82  EF45  F017         	goto	u900
  4286   002E86                     u901:
  4287   002E86  EF46  F017         	goto	l940
  4288   002E8A                     u900:
  4289   002E8A  800F               	bsf	___fldiv@b^0,0,c
  4290   002E8C                     l940:
  4291   002E8C  90D8               	bcf	status,0,c
  4292   002E8E  3622               	rlcf	___fldiv@grs^0,f,c
  4293   002E90  3623               	rlcf	(___fldiv@grs+1)^0,f,c
  4294   002E92  3624               	rlcf	(___fldiv@grs+2)^0,f,c
  4295   002E94  3625               	rlcf	(___fldiv@grs+3)^0,f,c
  4296   002E96  0620               	decf	___fldiv@new_exp^0,f,c
  4297   002E98  A0D8               	btfss	status,0,c
  4298   002E9A  0621               	decf	(___fldiv@new_exp+1)^0,f,c
  4299   002E9C                     l1612:
  4300   002E9C  AE11               	btfss	(___fldiv@b+2)^0,7,c
  4301   002E9E  EF53  F017         	goto	u911
  4302   002EA2  EF55  F017         	goto	u910
  4303   002EA6                     u911:
  4304   002EA6  EF39  F017         	goto	l1606
  4305   002EAA                     u910:
  4306   002EAA  6A27               	clrf	___fldiv@aexp^0,c
  4307   002EAC  AE25               	btfss	(___fldiv@grs+3)^0,7,c
  4308   002EAE  EF5B  F017         	goto	u921
  4309   002EB2  EF5D  F017         	goto	u920
  4310   002EB6                     u921:
  4311   002EB6  EF81  F017         	goto	l942
  4312   002EBA                     u920:
  4313   002EBA  0EFF               	movlw	255
  4314   002EBC  1422               	andwf	___fldiv@grs^0,w,c
  4315   002EBE  6E17               	movwf	??___fldiv^0,c
  4316   002EC0  0EFF               	movlw	255
  4317   002EC2  1423               	andwf	(___fldiv@grs+1)^0,w,c
  4318   002EC4  6E18               	movwf	(??___fldiv+1)^0,c
  4319   002EC6  0EFF               	movlw	255
  4320   002EC8  1424               	andwf	(___fldiv@grs+2)^0,w,c
  4321   002ECA  6E19               	movwf	(??___fldiv+2)^0,c
  4322   002ECC  0E7F               	movlw	127
  4323   002ECE  1425               	andwf	(___fldiv@grs+3)^0,w,c
  4324   002ED0  6E1A               	movwf	(??___fldiv+3)^0,c
  4325   002ED2  5017               	movf	??___fldiv^0,w,c
  4326   002ED4  1018               	iorwf	(??___fldiv+1)^0,w,c
  4327   002ED6  1019               	iorwf	(??___fldiv+2)^0,w,c
  4328   002ED8  101A               	iorwf	(??___fldiv+3)^0,w,c
  4329   002EDA  B4D8               	btfsc	status,2,c
  4330   002EDC  EF72  F017         	goto	u931
  4331   002EE0  EF74  F017         	goto	u930
  4332   002EE4                     u931:
  4333   002EE4  EF78  F017         	goto	l943
  4334   002EE8                     u930:
  4335   002EE8                     l1616:
  4336   002EE8  0E01               	movlw	1
  4337   002EEA  6E27               	movwf	___fldiv@aexp^0,c
  4338   002EEC  EF81  F017         	goto	l942
  4339   002EF0                     l943:
  4340   002EF0  A00F               	btfss	___fldiv@b^0,0,c
  4341   002EF2  EF7D  F017         	goto	u941
  4342   002EF6  EF7F  F017         	goto	u940
  4343   002EFA                     u941:
  4344   002EFA  EF81  F017         	goto	l942
  4345   002EFE                     u940:
  4346   002EFE  EF74  F017         	goto	l1616
  4347   002F02                     l942:
  4348   002F02  5027               	movf	___fldiv@aexp^0,w,c
  4349   002F04  B4D8               	btfsc	status,2,c
  4350   002F06  EF87  F017         	goto	u951
  4351   002F0A  EF89  F017         	goto	u950
  4352   002F0E                     u951:
  4353   002F0E  EFAD  F017         	goto	l1628
  4354   002F12                     u950:
  4355   002F12  0E01               	movlw	1
  4356   002F14  260F               	addwf	___fldiv@b^0,f,c
  4357   002F16  0E00               	movlw	0
  4358   002F18  2210               	addwfc	(___fldiv@b+1)^0,f,c
  4359   002F1A  2211               	addwfc	(___fldiv@b+2)^0,f,c
  4360   002F1C  2212               	addwfc	(___fldiv@b+3)^0,f,c
  4361   002F1E  A012               	btfss	(___fldiv@b+3)^0,0,c
  4362   002F20  EF94  F017         	goto	u961
  4363   002F24  EF96  F017         	goto	u960
  4364   002F28                     u961:
  4365   002F28  EFAD  F017         	goto	l1628
  4366   002F2C                     u960:
  4367   002F2C  C00F  F017         	movff	___fldiv@b,??___fldiv
  4368   002F30  C010  F018         	movff	___fldiv@b+1,??___fldiv+1
  4369   002F34  C011  F019         	movff	___fldiv@b+2,??___fldiv+2
  4370   002F38  C012  F01A         	movff	___fldiv@b+3,??___fldiv+3
  4371   002F3C  341A               	rlcf	(??___fldiv+3)^0,w,c
  4372   002F3E  321A               	rrcf	(??___fldiv+3)^0,f,c
  4373   002F40  3219               	rrcf	(??___fldiv+2)^0,f,c
  4374   002F42  3218               	rrcf	(??___fldiv+1)^0,f,c
  4375   002F44  3217               	rrcf	??___fldiv^0,f,c
  4376   002F46  C017  F00F         	movff	??___fldiv,___fldiv@b
  4377   002F4A  C018  F010         	movff	??___fldiv+1,___fldiv@b+1
  4378   002F4E  C019  F011         	movff	??___fldiv+2,___fldiv@b+2
  4379   002F52  C01A  F012         	movff	??___fldiv+3,___fldiv@b+3
  4380   002F56  4A20               	infsnz	___fldiv@new_exp^0,f,c
  4381   002F58  2A21               	incf	(___fldiv@new_exp+1)^0,f,c
  4382   002F5A                     l1628:
  4383   002F5A  BE21               	btfsc	(___fldiv@new_exp+1)^0,7,c
  4384   002F5C  EFB8  F017         	goto	u971
  4385   002F60  5021               	movf	(___fldiv@new_exp+1)^0,w,c
  4386   002F62  E108               	bnz	u970
  4387   002F64  2820               	incf	___fldiv@new_exp^0,w,c
  4388   002F66  A0D8               	btfss	status,0,c
  4389   002F68  EFB8  F017         	goto	u971
  4390   002F6C  EFBA  F017         	goto	u970
  4391   002F70                     u971:
  4392   002F70  EFC5  F017         	goto	l1632
  4393   002F74                     u970:
  4394   002F74  0E00               	movlw	0
  4395   002F76  6E21               	movwf	(___fldiv@new_exp+1)^0,c
  4396   002F78  6820               	setf	___fldiv@new_exp^0,c
  4397   002F7A  0E00               	movlw	0
  4398   002F7C  6E0F               	movwf	___fldiv@b^0,c
  4399   002F7E  0E00               	movlw	0
  4400   002F80  6E10               	movwf	(___fldiv@b+1)^0,c
  4401   002F82  0E00               	movlw	0
  4402   002F84  6E11               	movwf	(___fldiv@b+2)^0,c
  4403   002F86  0E00               	movlw	0
  4404   002F88  6E12               	movwf	(___fldiv@b+3)^0,c
  4405   002F8A                     l1632:
  4406   002F8A  BE21               	btfsc	(___fldiv@new_exp+1)^0,7,c
  4407   002F8C  EFD2  F017         	goto	u980
  4408   002F90  5021               	movf	(___fldiv@new_exp+1)^0,w,c
  4409   002F92  E106               	bnz	u981
  4410   002F94  0420               	decf	___fldiv@new_exp^0,w,c
  4411   002F96  B0D8               	btfsc	status,0,c
  4412   002F98  EFD0  F017         	goto	u981
  4413   002F9C  EFD2  F017         	goto	u980
  4414   002FA0                     u981:
  4415   002FA0  EFDE  F017         	goto	l1638
  4416   002FA4                     u980:
  4417   002FA4  6A21               	clrf	(___fldiv@new_exp+1)^0,c
  4418   002FA6  0E00               	movlw	0
  4419   002FA8  6E20               	movwf	___fldiv@new_exp^0,c
  4420   002FAA  0E00               	movlw	0
  4421   002FAC  6E0F               	movwf	___fldiv@b^0,c
  4422   002FAE  0E00               	movlw	0
  4423   002FB0  6E10               	movwf	(___fldiv@b+1)^0,c
  4424   002FB2  0E00               	movlw	0
  4425   002FB4  6E11               	movwf	(___fldiv@b+2)^0,c
  4426   002FB6  0E00               	movlw	0
  4427   002FB8  6E12               	movwf	(___fldiv@b+3)^0,c
  4428   002FBA  6A1F               	clrf	___fldiv@sign^0,c
  4429   002FBC                     l1638:
  4430   002FBC  C020  F026         	movff	___fldiv@new_exp,___fldiv@bexp
  4431   002FC0  A026               	btfss	___fldiv@bexp^0,0,c
  4432   002FC2  EFE5  F017         	goto	u991
  4433   002FC6  EFE7  F017         	goto	u990
  4434   002FCA                     u991:
  4435   002FCA  EFEA  F017         	goto	l1644
  4436   002FCE                     u990:
  4437   002FCE  8E11               	bsf	(___fldiv@b+2)^0,7,c
  4438   002FD0  EFEB  F017         	goto	l1646
  4439   002FD4                     l1644:
  4440   002FD4  9E11               	bcf	(___fldiv@b+2)^0,7,c
  4441   002FD6                     l1646:
  4442   002FD6  90D8               	bcf	status,0,c
  4443   002FD8  3026               	rrcf	___fldiv@bexp^0,w,c
  4444   002FDA  6E12               	movwf	(___fldiv@b+3)^0,c
  4445   002FDC  EFA5  F016         	goto	l1562
  4446   002FE0                     l929:
  4447   002FE0  0012               	return		;funcret
  4448   002FE2                     __end_of___fldiv:
  4449                           	callstack 0
  4450                           
  4451 ;; *************** function _get_gear_pos *****************
  4452 ;; Defined at:
  4453 ;;		line 30 in file "ecu1_sensor.c"
  4454 ;; Parameters:    Size  Location     Type
  4455 ;;		None
  4456 ;; Auto vars:     Size  Location     Type
  4457 ;;  key             1    1[COMRAM] unsigned char 
  4458 ;; Return value:  Size  Location     Type
  4459 ;;                  1    wreg      unsigned char 
  4460 ;; Registers used:
  4461 ;;		wreg, status,2, status,0, cstack
  4462 ;; Tracked objects:
  4463 ;;		On entry : 0/0
  4464 ;;		On exit  : 0/0
  4465 ;;		Unchanged: 0/0
  4466 ;; Data sizes:     COMRAM   BANK0   BANK1   BANK2   BANK3   BANK4   BANK5
  4467 ;;      Params:         0       0       0       0       0       0       0
  4468 ;;      Locals:         1       0       0       0       0       0       0
  4469 ;;      Temps:          0       0       0       0       0       0       0
  4470 ;;      Totals:         1       0       0       0       0       0       0
  4471 ;;Total ram usage:        1 bytes
  4472 ;; Hardware stack levels used: 1
  4473 ;; Hardware stack levels required when called: 1
  4474 ;; This function calls:
  4475 ;;		_read_digital_keypad
  4476 ;; This function is called by:
  4477 ;;		_main
  4478 ;; This function uses a non-reentrant model
  4479 ;;
  4480                           
  4481                           	psect	text10
  4482   002838                     __ptext10:
  4483                           	callstack 0
  4484   002838                     _get_gear_pos:
  4485                           	callstack 29
  4486   002838                     
  4487                           ;ecu1_sensor.c: 33:     static char gear = 0;;ecu1_sensor.c: 36:     unsigned char key =
      +                           read_digital_keypad(1);
  4488   002838  0E01               	movlw	1
  4489   00283A  EC9A  F013         	call	_read_digital_keypad
  4490   00283E  6E02               	movwf	get_gear_pos@key^0,c
  4491   002840                     
  4492                           ;ecu1_sensor.c: 39:     if (key == 0x0E)
  4493   002840  0E0E               	movlw	14
  4494   002842  1802               	xorwf	get_gear_pos@key^0,w,c
  4495   002844  A4D8               	btfss	status,2,c
  4496   002846  EF27  F014         	goto	u1181
  4497   00284A  EF29  F014         	goto	u1180
  4498   00284E                     u1181:
  4499   00284E  EF40  F014         	goto	l1792
  4500   002852                     u1180:
  4501   002852                     
  4502                           ;ecu1_sensor.c: 40:     {;ecu1_sensor.c: 42:         if (gear == 7)
  4503   002852  0E07               	movlw	7
  4504   002854  184F               	xorwf	get_gear_pos@gear^0,w,c
  4505   002856  A4D8               	btfss	status,2,c
  4506   002858  EF30  F014         	goto	u1191
  4507   00285C  EF32  F014         	goto	u1190
  4508   002860                     u1191:
  4509   002860  EF35  F014         	goto	l1788
  4510   002864                     u1190:
  4511   002864                     l1786:
  4512                           
  4513                           ;ecu1_sensor.c: 43:         {;ecu1_sensor.c: 44:             gear = 0;
  4514   002864  6A4F               	clrf	get_gear_pos@gear^0,c
  4515                           
  4516                           ;ecu1_sensor.c: 45:         }
  4517   002866  EF6A  F014         	goto	l171
  4518   00286A                     l1788:
  4519   00286A  0E06               	movlw	6
  4520   00286C  604F               	cpfslt	get_gear_pos@gear^0,c
  4521   00286E  EF3B  F014         	goto	u1201
  4522   002872  EF3D  F014         	goto	u1200
  4523   002876                     u1201:
  4524   002876  EF6A  F014         	goto	l171
  4525   00287A                     u1200:
  4526   00287A                     
  4527                           ;ecu1_sensor.c: 48:         {;ecu1_sensor.c: 49:             gear++;
  4528   00287A  2A4F               	incf	get_gear_pos@gear^0,f,c
  4529   00287C  EF6A  F014         	goto	l171
  4530   002880                     l1792:
  4531   002880  0E0D               	movlw	13
  4532   002882  1802               	xorwf	get_gear_pos@key^0,w,c
  4533   002884  A4D8               	btfss	status,2,c
  4534   002886  EF47  F014         	goto	u1211
  4535   00288A  EF49  F014         	goto	u1210
  4536   00288E                     u1211:
  4537   00288E  EF5F  F014         	goto	l1802
  4538   002892                     u1210:
  4539   002892                     
  4540                           ;ecu1_sensor.c: 54:     {;ecu1_sensor.c: 56:         if (gear == 7)
  4541   002892  0E07               	movlw	7
  4542   002894  184F               	xorwf	get_gear_pos@gear^0,w,c
  4543   002896  A4D8               	btfss	status,2,c
  4544   002898  EF50  F014         	goto	u1221
  4545   00289C  EF52  F014         	goto	u1220
  4546   0028A0                     u1221:
  4547   0028A0  EF54  F014         	goto	l1798
  4548   0028A4                     u1220:
  4549   0028A4  EF32  F014         	goto	l1786
  4550   0028A8                     l1798:
  4551   0028A8  504F               	movf	get_gear_pos@gear^0,w,c
  4552   0028AA  B4D8               	btfsc	status,2,c
  4553   0028AC  EF5A  F014         	goto	u1231
  4554   0028B0  EF5C  F014         	goto	u1230
  4555   0028B4                     u1231:
  4556   0028B4  EF6A  F014         	goto	l171
  4557   0028B8                     u1230:
  4558   0028B8                     
  4559                           ;ecu1_sensor.c: 62:         {;ecu1_sensor.c: 63:             gear--;
  4560   0028B8  064F               	decf	get_gear_pos@gear^0,f,c
  4561   0028BA  EF6A  F014         	goto	l171
  4562   0028BE                     l1802:
  4563   0028BE  0E0B               	movlw	11
  4564   0028C0  1802               	xorwf	get_gear_pos@key^0,w,c
  4565   0028C2  A4D8               	btfss	status,2,c
  4566   0028C4  EF66  F014         	goto	u1241
  4567   0028C8  EF68  F014         	goto	u1240
  4568   0028CC                     u1241:
  4569   0028CC  EF6A  F014         	goto	l171
  4570   0028D0                     u1240:
  4571   0028D0                     
  4572                           ;ecu1_sensor.c: 68:     {;ecu1_sensor.c: 69:         gear = 7;
  4573   0028D0  0E07               	movlw	7
  4574   0028D2  6E4F               	movwf	get_gear_pos@gear^0,c
  4575   0028D4                     l171:
  4576                           
  4577                           ;ecu1_sensor.c: 73:     return gear;
  4578   0028D4  504F               	movf	get_gear_pos@gear^0,w,c
  4579   0028D6  0012               	return		;funcret
  4580   0028D8                     __end_of_get_gear_pos:
  4581                           	callstack 0
  4582                           
  4583 ;; *************** function _read_digital_keypad *****************
  4584 ;; Defined at:
  4585 ;;		line 12 in file "digital_keypad.c"
  4586 ;; Parameters:    Size  Location     Type
  4587 ;;  detection_ty    1    wreg     unsigned char 
  4588 ;; Auto vars:     Size  Location     Type
  4589 ;;  detection_ty    1    0[COMRAM] unsigned char 
  4590 ;; Return value:  Size  Location     Type
  4591 ;;                  1    wreg      unsigned char 
  4592 ;; Registers used:
  4593 ;;		wreg, status,2, status,0
  4594 ;; Tracked objects:
  4595 ;;		On entry : 0/0
  4596 ;;		On exit  : 0/0
  4597 ;;		Unchanged: 0/0
  4598 ;; Data sizes:     COMRAM   BANK0   BANK1   BANK2   BANK3   BANK4   BANK5
  4599 ;;      Params:         0       0       0       0       0       0       0
  4600 ;;      Locals:         1       0       0       0       0       0       0
  4601 ;;      Temps:          0       0       0       0       0       0       0
  4602 ;;      Totals:         1       0       0       0       0       0       0
  4603 ;;Total ram usage:        1 bytes
  4604 ;; Hardware stack levels used: 1
  4605 ;; This function calls:
  4606 ;;		Nothing
  4607 ;; This function is called by:
  4608 ;;		_get_gear_pos
  4609 ;; This function uses a non-reentrant model
  4610 ;;
  4611                           
  4612                           	psect	text11
  4613   002734                     __ptext11:
  4614                           	callstack 0
  4615   002734                     _read_digital_keypad:
  4616                           	callstack 29
  4617                           
  4618                           ;incstack = 0
  4619                           ;read_digital_keypad@detection_type stored from wreg
  4620   002734  6E01               	movwf	read_digital_keypad@detection_type^0,c
  4621   002736                     
  4622                           ;digital_keypad.c: 12: unsigned char read_digital_keypad(unsigned char detection_type);d
      +                          igital_keypad.c: 13: {;digital_keypad.c: 15:  static unsigned char once = 1;;digital_key
      +                          pad.c: 18:  if (detection_type == 1)
  4623   002736  0401               	decf	read_digital_keypad@detection_type^0,w,c
  4624   002738  A4D8               	btfss	status,2,c
  4625   00273A  EFA1  F013         	goto	u721
  4626   00273E  EFA3  F013         	goto	u720
  4627   002742                     u721:
  4628   002742  EFC8  F013         	goto	l1508
  4629   002746                     u720:
  4630   002746                     
  4631                           ;digital_keypad.c: 19:  {;digital_keypad.c: 21:   if (((PORTC & 0x0F) != 0x0F) && once)
  4632   002746  5082               	movf	130,w,c	;volatile
  4633   002748  0B0F               	andlw	15
  4634   00274A  0A0F               	xorlw	15
  4635   00274C  B4D8               	btfsc	status,2,c
  4636   00274E  EFAB  F013         	goto	u731
  4637   002752  EFAD  F013         	goto	u730
  4638   002756                     u731:
  4639   002756  EFBA  F013         	goto	l1504
  4640   00275A                     u730:
  4641   00275A  5050               	movf	read_digital_keypad@once^0,w,c
  4642   00275C  B4D8               	btfsc	status,2,c
  4643   00275E  EFB3  F013         	goto	u741
  4644   002762  EFB5  F013         	goto	u740
  4645   002766                     u741:
  4646   002766  EFBA  F013         	goto	l1504
  4647   00276A                     u740:
  4648   00276A                     
  4649                           ;digital_keypad.c: 22:   {;digital_keypad.c: 23:    once = 0;
  4650   00276A  6A50               	clrf	read_digital_keypad@once^0,c
  4651   00276C                     l1498:
  4652                           
  4653                           ;digital_keypad.c: 25:    return (PORTC & 0x0F);
  4654   00276C  5082               	movf	130,w,c	;volatile
  4655   00276E  0B0F               	andlw	15
  4656   002770  EFD3  F013         	goto	l151
  4657   002774                     l1504:
  4658   002774  5082               	movf	130,w,c	;volatile
  4659   002776  0B0F               	andlw	15
  4660   002778  0A0F               	xorlw	15
  4661   00277A  A4D8               	btfss	status,2,c
  4662   00277C  EFC2  F013         	goto	u751
  4663   002780  EFC4  F013         	goto	u750
  4664   002784                     u751:
  4665   002784  EFD2  F013         	goto	l1514
  4666   002788                     u750:
  4667   002788                     
  4668                           ;digital_keypad.c: 29:   {;digital_keypad.c: 30:    once = 1;
  4669   002788  0E01               	movlw	1
  4670   00278A  6E50               	movwf	read_digital_keypad@once^0,c
  4671   00278C  EFD2  F013         	goto	l1514
  4672   002790                     l1508:
  4673   002790  5001               	movf	read_digital_keypad@detection_type^0,w,c
  4674   002792  A4D8               	btfss	status,2,c
  4675   002794  EFCE  F013         	goto	u761
  4676   002798  EFD0  F013         	goto	u760
  4677   00279C                     u761:
  4678   00279C  EFD2  F013         	goto	l1514
  4679   0027A0                     u760:
  4680   0027A0  EFB6  F013         	goto	l1498
  4681   0027A4                     l1514:
  4682                           
  4683                           ;digital_keypad.c: 41:  return 0xFF;
  4684   0027A4  0EFF               	movlw	255
  4685   0027A6                     l151:
  4686   0027A6  0012               	return		;funcret
  4687   0027A8                     __end_of_read_digital_keypad:
  4688                           	callstack 0
  4689                           
  4690 ;; *************** function _can_transmit *****************
  4691 ;; Defined at:
  4692 ;;		line 60 in file "can.c"
  4693 ;; Parameters:    Size  Location     Type
  4694 ;;  msg_id          2    4[COMRAM] unsigned short 
  4695 ;;  data            2    6[COMRAM] PTR const unsigned char 
  4696 ;;		 -> main@str(3), STR_8(3), STR_7(3), STR_6(3), 
  4697 ;;		 -> STR_5(3), STR_4(3), STR_3(3), STR_2(3), 
  4698 ;;		 -> STR_1(3), 
  4699 ;;  len             1    8[COMRAM] unsigned char 
  4700 ;; Auto vars:     Size  Location     Type
  4701 ;;  i               2   14[COMRAM] int 
  4702 ;;  ptr             2   12[COMRAM] PTR unsigned char 
  4703 ;;		 -> TXB0D0(1), 
  4704 ;; Return value:  Size  Location     Type
  4705 ;;                  1    wreg      void 
  4706 ;; Registers used:
  4707 ;;		wreg, fsr0l, fsr0h, fsr2l, fsr2h, status,2, status,0, tblptrl, tblptrh, tblptru, cstack
  4708 ;; Tracked objects:
  4709 ;;		On entry : 0/0
  4710 ;;		On exit  : 0/0
  4711 ;;		Unchanged: 0/0
  4712 ;; Data sizes:     COMRAM   BANK0   BANK1   BANK2   BANK3   BANK4   BANK5
  4713 ;;      Params:         5       0       0       0       0       0       0
  4714 ;;      Locals:         4       0       0       0       0       0       0
  4715 ;;      Temps:          3       0       0       0       0       0       0
  4716 ;;      Totals:        12       0       0       0       0       0       0
  4717 ;;Total ram usage:       12 bytes
  4718 ;; Hardware stack levels used: 1
  4719 ;; Hardware stack levels required when called: 1
  4720 ;; This function calls:
  4721 ;;		_set_msg_id_std
  4722 ;; This function is called by:
  4723 ;;		_main
  4724 ;; This function uses a non-reentrant model
  4725 ;;
  4726                           
  4727                           	psect	text12
  4728   0027A8                     __ptext12:
  4729                           	callstack 0
  4730   0027A8                     _can_transmit:
  4731                           	callstack 29
  4732   0027A8                     
  4733                           ;can.c: 61:     uint8_t *ptr;;can.c: 62:     TXB0EIDH = 0x00;
  4734   0027A8  010F               	movlb	15	; () banked
  4735   0027AA  6B43               	clrf	67,b	;volatile
  4736                           
  4737                           ;can.c: 63:     TXB0EIDL = 0x00;
  4738   0027AC  6B44               	clrf	68,b	;volatile
  4739   0027AE                     
  4740                           ; BSR set to: 15
  4741                           ;can.c: 66:     set_msg_id_std(msg_id);
  4742   0027AE  C005  F001         	movff	can_transmit@msg_id,set_msg_id_std@id
  4743   0027B2  C006  F002         	movff	can_transmit@msg_id+1,set_msg_id_std@id+1
  4744   0027B6  EC9A  F012         	call	_set_msg_id_std	;wreg free
  4745   0027BA                     
  4746                           ;can.c: 69:     TXB0DLC = len;
  4747   0027BA  C009  FF45         	movff	can_transmit@len,3909	;volatile
  4748   0027BE                     
  4749                           ;can.c: 74:     ptr = (uint8_t *) & TXB0D0;
  4750   0027BE  0E46               	movlw	70
  4751   0027C0  6E0D               	movwf	can_transmit@ptr^0,c
  4752   0027C2  0E0F               	movlw	15
  4753   0027C4  6E0E               	movwf	(can_transmit@ptr+1)^0,c
  4754   0027C6                     
  4755                           ;can.c: 75:     for (int i = 0; i < len; i++) {
  4756   0027C6  6A10               	clrf	(can_transmit@i+1)^0,c
  4757   0027C8  0E00               	movlw	0
  4758   0027CA  6E0F               	movwf	can_transmit@i^0,c
  4759   0027CC  EF07  F014         	goto	l1822
  4760   0027D0                     l1818:
  4761                           
  4762                           ;can.c: 76:         ptr[i] = data[i];
  4763   0027D0  500F               	movf	can_transmit@i^0,w,c
  4764   0027D2  2407               	addwf	can_transmit@data^0,w,c
  4765   0027D4  6E0A               	movwf	??_can_transmit^0,c
  4766   0027D6  5010               	movf	(can_transmit@i+1)^0,w,c
  4767   0027D8  2008               	addwfc	(can_transmit@data+1)^0,w,c
  4768   0027DA  6E0B               	movwf	(??_can_transmit+1)^0,c
  4769   0027DC  C00A  FFF6         	movff	??_can_transmit,tblptrl
  4770   0027E0  C00B  FFF7         	movff	??_can_transmit+1,tblptrh
  4771   0027E4  6AF8               	clrf	tblptru,c
  4772   0027E6  500F               	movf	can_transmit@i^0,w,c
  4773   0027E8  240D               	addwf	can_transmit@ptr^0,w,c
  4774   0027EA  6ED9               	movwf	fsr2l,c
  4775   0027EC  5010               	movf	(can_transmit@i+1)^0,w,c
  4776   0027EE  200E               	addwfc	(can_transmit@ptr+1)^0,w,c
  4777   0027F0  6EDA               	movwf	fsr2h,c
  4778   0027F2  0E05               	movlw	(high __ramtop+-1)
  4779   0027F4  64F7               	cpfsgt	tblptrh,c
  4780   0027F6  D003               	bra	u1257
  4781   0027F8  0008               	tblrd		*
  4782   0027FA  50F5               	movf	tablat,w,c
  4783   0027FC  D005               	bra	u1250
  4784   0027FE                     u1257:
  4785   0027FE  CFF6 FFE9          	movff	tblptrl,fsr0l
  4786   002802  CFF7 FFEA          	movff	tblptrh,fsr0h
  4787   002806  50EF               	movf	indf0,w,c
  4788   002808                     u1250:
  4789   002808  6EDF               	movwf	indf2,c
  4790   00280A                     
  4791                           ;can.c: 77:     }
  4792   00280A  4A0F               	infsnz	can_transmit@i^0,f,c
  4793   00280C  2A10               	incf	(can_transmit@i+1)^0,f,c
  4794   00280E                     l1822:
  4795   00280E  5009               	movf	can_transmit@len^0,w,c
  4796   002810  6E0A               	movwf	??_can_transmit^0,c
  4797   002812  6A0B               	clrf	(??_can_transmit+1)^0,c
  4798   002814  500A               	movf	??_can_transmit^0,w,c
  4799   002816  5C0F               	subwf	can_transmit@i^0,w,c
  4800   002818  5010               	movf	(can_transmit@i+1)^0,w,c
  4801   00281A  0A80               	xorlw	128
  4802   00281C  6E0C               	movwf	(??_can_transmit+2)^0,c
  4803   00281E  500B               	movf	(??_can_transmit+1)^0,w,c
  4804   002820  0A80               	xorlw	128
  4805   002822  580C               	subwfb	(??_can_transmit+2)^0,w,c
  4806   002824  A0D8               	btfss	status,0,c
  4807   002826  EF17  F014         	goto	u1261
  4808   00282A  EF19  F014         	goto	u1260
  4809   00282E                     u1261:
  4810   00282E  EFE8  F013         	goto	l1818
  4811   002832                     u1260:
  4812   002832                     
  4813                           ;can.c: 78:     TXB0REQ = 1;
  4814   002832  010F               	movlb	15	; () banked
  4815   002834  8740               	bsf	64,3,b	;volatile
  4816   002836                     
  4817                           ; BSR set to: 15
  4818   002836  0012               	return		;funcret
  4819   002838                     __end_of_can_transmit:
  4820                           	callstack 0
  4821                           
  4822 ;; *************** function _set_msg_id_std *****************
  4823 ;; Defined at:
  4824 ;;		line 53 in file "can.c"
  4825 ;; Parameters:    Size  Location     Type
  4826 ;;  id              2    0[COMRAM] unsigned int 
  4827 ;; Auto vars:     Size  Location     Type
  4828 ;;		None
  4829 ;; Return value:  Size  Location     Type
  4830 ;;                  1    wreg      void 
  4831 ;; Registers used:
  4832 ;;		wreg, status,2, status,0
  4833 ;; Tracked objects:
  4834 ;;		On entry : 0/0
  4835 ;;		On exit  : 0/0
  4836 ;;		Unchanged: 0/0
  4837 ;; Data sizes:     COMRAM   BANK0   BANK1   BANK2   BANK3   BANK4   BANK5
  4838 ;;      Params:         2       0       0       0       0       0       0
  4839 ;;      Locals:         0       0       0       0       0       0       0
  4840 ;;      Temps:          2       0       0       0       0       0       0
  4841 ;;      Totals:         4       0       0       0       0       0       0
  4842 ;;Total ram usage:        4 bytes
  4843 ;; Hardware stack levels used: 1
  4844 ;; This function calls:
  4845 ;;		Nothing
  4846 ;; This function is called by:
  4847 ;;		_can_transmit
  4848 ;; This function uses a non-reentrant model
  4849 ;;
  4850                           
  4851                           	psect	text13
  4852   002534                     __ptext13:
  4853                           	callstack 0
  4854   002534                     _set_msg_id_std:
  4855                           	callstack 29
  4856   002534                     
  4857                           ;can.c: 54:     TXB0SIDL = (id & 0x7) << 5;
  4858   002534  C001  F003         	movff	set_msg_id_std@id,??_set_msg_id_std
  4859   002538  0E07               	movlw	7
  4860   00253A  1603               	andwf	??_set_msg_id_std^0,f,c
  4861   00253C  0E05               	movlw	5
  4862   00253E  6E04               	movwf	(??_set_msg_id_std+1)^0,c
  4863   002540                     u715:
  4864   002540  90D8               	bcf	status,0,c
  4865   002542  3603               	rlcf	??_set_msg_id_std^0,f,c
  4866   002544  2E04               	decfsz	(??_set_msg_id_std+1)^0,f,c
  4867   002546  EFA0  F012         	goto	u715
  4868   00254A  5003               	movf	??_set_msg_id_std^0,w,c
  4869   00254C  010F               	movlb	15	; () banked
  4870   00254E  6F42               	movwf	66,b	;volatile
  4871                           
  4872                           ;can.c: 55:     TXB0SIDH = (id >> 3);
  4873   002550  C001  F003         	movff	set_msg_id_std@id,??_set_msg_id_std
  4874   002554  C002  F004         	movff	set_msg_id_std@id+1,??_set_msg_id_std+1
  4875   002558  90D8               	bcf	status,0,c
  4876   00255A  3204               	rrcf	(??_set_msg_id_std+1)^0,f,c
  4877   00255C  3203               	rrcf	??_set_msg_id_std^0,f,c
  4878   00255E  90D8               	bcf	status,0,c
  4879   002560  3204               	rrcf	(??_set_msg_id_std+1)^0,f,c
  4880   002562  3203               	rrcf	??_set_msg_id_std^0,f,c
  4881   002564  90D8               	bcf	status,0,c
  4882   002566  3204               	rrcf	(??_set_msg_id_std+1)^0,f,c
  4883   002568  3203               	rrcf	??_set_msg_id_std^0,f,c
  4884   00256A  5003               	movf	??_set_msg_id_std^0,w,c
  4885   00256C  6F41               	movwf	65,b	;volatile
  4886   00256E                     
  4887                           ; BSR set to: 15
  4888   00256E  0012               	return		;funcret
  4889   002570                     __end_of_set_msg_id_std:
  4890                           	callstack 0
  4891                           
  4892 ;; *************** function ___lwmod *****************
  4893 ;; Defined at:
  4894 ;;		line 7 in file "C:\Program Files\Microchip\xc8\v3.10\pic\sources\c99\common\lwmod.c"
  4895 ;; Parameters:    Size  Location     Type
  4896 ;;  dividend        2    0[COMRAM] unsigned int 
  4897 ;;  divisor         2    2[COMRAM] unsigned int 
  4898 ;; Auto vars:     Size  Location     Type
  4899 ;;  counter         1    4[COMRAM] unsigned char 
  4900 ;; Return value:  Size  Location     Type
  4901 ;;                  2    0[COMRAM] unsigned int 
  4902 ;; Registers used:
  4903 ;;		wreg, status,2, status,0
  4904 ;; Tracked objects:
  4905 ;;		On entry : 0/0
  4906 ;;		On exit  : 0/0
  4907 ;;		Unchanged: 0/0
  4908 ;; Data sizes:     COMRAM   BANK0   BANK1   BANK2   BANK3   BANK4   BANK5
  4909 ;;      Params:         4       0       0       0       0       0       0
  4910 ;;      Locals:         1       0       0       0       0       0       0
  4911 ;;      Temps:          0       0       0       0       0       0       0
  4912 ;;      Totals:         5       0       0       0       0       0       0
  4913 ;;Total ram usage:        5 bytes
  4914 ;; Hardware stack levels used: 1
  4915 ;; This function calls:
  4916 ;;		Nothing
  4917 ;; This function is called by:
  4918 ;;		_main
  4919 ;; This function uses a non-reentrant model
  4920 ;;
  4921                           
  4922                           	psect	text14
  4923   0025F4                     __ptext14:
  4924                           	callstack 0
  4925   0025F4                     ___lwmod:
  4926                           	callstack 30
  4927   0025F4  5003               	movf	___lwmod@divisor^0,w,c
  4928   0025F6  1004               	iorwf	(___lwmod@divisor+1)^0,w,c
  4929   0025F8  B4D8               	btfsc	status,2,c
  4930   0025FA  EF01  F013         	goto	u1301
  4931   0025FE  EF03  F013         	goto	u1300
  4932   002602                     u1301:
  4933   002602  EF27  F013         	goto	l848
  4934   002606                     u1300:
  4935   002606  0E01               	movlw	1
  4936   002608  6E05               	movwf	___lwmod@counter^0,c
  4937   00260A  EF0B  F013         	goto	l1852
  4938   00260E                     l1850:
  4939   00260E  90D8               	bcf	status,0,c
  4940   002610  3603               	rlcf	___lwmod@divisor^0,f,c
  4941   002612  3604               	rlcf	(___lwmod@divisor+1)^0,f,c
  4942   002614  2A05               	incf	___lwmod@counter^0,f,c
  4943   002616                     l1852:
  4944   002616  AE04               	btfss	(___lwmod@divisor+1)^0,7,c
  4945   002618  EF10  F013         	goto	u1311
  4946   00261C  EF12  F013         	goto	u1310
  4947   002620                     u1311:
  4948   002620  EF07  F013         	goto	l1850
  4949   002624                     u1310:
  4950   002624                     l1854:
  4951   002624  5003               	movf	___lwmod@divisor^0,w,c
  4952   002626  5C01               	subwf	___lwmod@dividend^0,w,c
  4953   002628  5004               	movf	(___lwmod@divisor+1)^0,w,c
  4954   00262A  5802               	subwfb	(___lwmod@dividend+1)^0,w,c
  4955   00262C  A0D8               	btfss	status,0,c
  4956   00262E  EF1B  F013         	goto	u1321
  4957   002632  EF1D  F013         	goto	u1320
  4958   002636                     u1321:
  4959   002636  EF21  F013         	goto	l1858
  4960   00263A                     u1320:
  4961   00263A  5003               	movf	___lwmod@divisor^0,w,c
  4962   00263C  5E01               	subwf	___lwmod@dividend^0,f,c
  4963   00263E  5004               	movf	(___lwmod@divisor+1)^0,w,c
  4964   002640  5A02               	subwfb	(___lwmod@dividend+1)^0,f,c
  4965   002642                     l1858:
  4966   002642  90D8               	bcf	status,0,c
  4967   002644  3204               	rrcf	(___lwmod@divisor+1)^0,f,c
  4968   002646  3203               	rrcf	___lwmod@divisor^0,f,c
  4969   002648  2E05               	decfsz	___lwmod@counter^0,f,c
  4970   00264A  EF12  F013         	goto	l1854
  4971   00264E                     l848:
  4972   00264E  C001  F001         	movff	___lwmod@dividend,?___lwmod
  4973   002652  C002  F002         	movff	___lwmod@dividend+1,?___lwmod+1
  4974   002656  0012               	return		;funcret
  4975   002658                     __end_of___lwmod:
  4976                           	callstack 0
  4977                           
  4978 ;; *************** function ___lwdiv *****************
  4979 ;; Defined at:
  4980 ;;		line 7 in file "C:\Program Files\Microchip\xc8\v3.10\pic\sources\c99\common\lwdiv.c"
  4981 ;; Parameters:    Size  Location     Type
  4982 ;;  dividend        2    0[COMRAM] unsigned int 
  4983 ;;  divisor         2    2[COMRAM] unsigned int 
  4984 ;; Auto vars:     Size  Location     Type
  4985 ;;  quotient        2    4[COMRAM] unsigned int 
  4986 ;;  counter         1    6[COMRAM] unsigned char 
  4987 ;; Return value:  Size  Location     Type
  4988 ;;                  2    0[COMRAM] unsigned int 
  4989 ;; Registers used:
  4990 ;;		wreg, status,2, status,0
  4991 ;; Tracked objects:
  4992 ;;		On entry : 0/0
  4993 ;;		On exit  : 0/0
  4994 ;;		Unchanged: 0/0
  4995 ;; Data sizes:     COMRAM   BANK0   BANK1   BANK2   BANK3   BANK4   BANK5
  4996 ;;      Params:         4       0       0       0       0       0       0
  4997 ;;      Locals:         3       0       0       0       0       0       0
  4998 ;;      Temps:          0       0       0       0       0       0       0
  4999 ;;      Totals:         7       0       0       0       0       0       0
  5000 ;;Total ram usage:        7 bytes
  5001 ;; Hardware stack levels used: 1
  5002 ;; This function calls:
  5003 ;;		Nothing
  5004 ;; This function is called by:
  5005 ;;		_main
  5006 ;; This function uses a non-reentrant model
  5007 ;;
  5008                           
  5009                           	psect	text15
  5010   0026C2                     __ptext15:
  5011                           	callstack 0
  5012   0026C2                     ___lwdiv:
  5013                           	callstack 30
  5014   0026C2  6A06               	clrf	(___lwdiv@quotient+1)^0,c
  5015   0026C4  0E00               	movlw	0
  5016   0026C6  6E05               	movwf	___lwdiv@quotient^0,c
  5017   0026C8  5003               	movf	___lwdiv@divisor^0,w,c
  5018   0026CA  1004               	iorwf	(___lwdiv@divisor+1)^0,w,c
  5019   0026CC  B4D8               	btfsc	status,2,c
  5020   0026CE  EF6B  F013         	goto	u1271
  5021   0026D2  EF6D  F013         	goto	u1270
  5022   0026D6                     u1271:
  5023   0026D6  EF95  F013         	goto	l838
  5024   0026DA                     u1270:
  5025   0026DA  0E01               	movlw	1
  5026   0026DC  6E07               	movwf	___lwdiv@counter^0,c
  5027   0026DE  EF75  F013         	goto	l1832
  5028   0026E2                     l1830:
  5029   0026E2  90D8               	bcf	status,0,c
  5030   0026E4  3603               	rlcf	___lwdiv@divisor^0,f,c
  5031   0026E6  3604               	rlcf	(___lwdiv@divisor+1)^0,f,c
  5032   0026E8  2A07               	incf	___lwdiv@counter^0,f,c
  5033   0026EA                     l1832:
  5034   0026EA  AE04               	btfss	(___lwdiv@divisor+1)^0,7,c
  5035   0026EC  EF7A  F013         	goto	u1281
  5036   0026F0  EF7C  F013         	goto	u1280
  5037   0026F4                     u1281:
  5038   0026F4  EF71  F013         	goto	l1830
  5039   0026F8                     u1280:
  5040   0026F8                     l1834:
  5041   0026F8  90D8               	bcf	status,0,c
  5042   0026FA  3605               	rlcf	___lwdiv@quotient^0,f,c
  5043   0026FC  3606               	rlcf	(___lwdiv@quotient+1)^0,f,c
  5044   0026FE  5003               	movf	___lwdiv@divisor^0,w,c
  5045   002700  5C01               	subwf	___lwdiv@dividend^0,w,c
  5046   002702  5004               	movf	(___lwdiv@divisor+1)^0,w,c
  5047   002704  5802               	subwfb	(___lwdiv@dividend+1)^0,w,c
  5048   002706  A0D8               	btfss	status,0,c
  5049   002708  EF88  F013         	goto	u1291
  5050   00270C  EF8A  F013         	goto	u1290
  5051   002710                     u1291:
  5052   002710  EF8F  F013         	goto	l1842
  5053   002714                     u1290:
  5054   002714  5003               	movf	___lwdiv@divisor^0,w,c
  5055   002716  5E01               	subwf	___lwdiv@dividend^0,f,c
  5056   002718  5004               	movf	(___lwdiv@divisor+1)^0,w,c
  5057   00271A  5A02               	subwfb	(___lwdiv@dividend+1)^0,f,c
  5058   00271C  8005               	bsf	___lwdiv@quotient^0,0,c
  5059   00271E                     l1842:
  5060   00271E  90D8               	bcf	status,0,c
  5061   002720  3204               	rrcf	(___lwdiv@divisor+1)^0,f,c
  5062   002722  3203               	rrcf	___lwdiv@divisor^0,f,c
  5063   002724  2E07               	decfsz	___lwdiv@counter^0,f,c
  5064   002726  EF7C  F013         	goto	l1834
  5065   00272A                     l838:
  5066   00272A  C005  F001         	movff	___lwdiv@quotient,?___lwdiv
  5067   00272E  C006  F002         	movff	___lwdiv@quotient+1,?___lwdiv+1
  5068   002732  0012               	return		;funcret
  5069   002734                     __end_of___lwdiv:
  5070                           	callstack 0
  5071                           
  5072                           	psect	rparam
  5073   000001                     ___rparam_used  equ	1
  5074   000000                     ___param_bank   equ	0
  5075   000000                     __Lparam        equ	__Lrparam
  5076   000000                     __Hparam        equ	__Hrparam
  5077                           tosu	equ	0xFFF
  5078                           tosh	equ	0xFFE
  5079                           tosl	equ	0xFFD
  5080                           stkptr	equ	0xFFC
  5081                           pclatu	equ	0xFFB
  5082                           pclath	equ	0xFFA
  5083                           pcl	equ	0xFF9
  5084                           tblptru	equ	0xFF8
  5085                           tblptrh	equ	0xFF7
  5086                           tblptrl	equ	0xFF6
  5087                           tablat	equ	0xFF5
  5088                           prodh	equ	0xFF4
  5089                           prodl	equ	0xFF3
  5090                           indf0	equ	0xFEF
  5091                           postinc0	equ	0xFEE
  5092                           postdec0	equ	0xFED
  5093                           preinc0	equ	0xFEC
  5094                           plusw0	equ	0xFEB
  5095                           fsr0h	equ	0xFEA
  5096                           fsr0l	equ	0xFE9
  5097                           wreg	equ	0xFE8
  5098                           indf1	equ	0xFE7
  5099                           postinc1	equ	0xFE6
  5100                           postdec1	equ	0xFE5
  5101                           preinc1	equ	0xFE4
  5102                           plusw1	equ	0xFE3
  5103                           fsr1h	equ	0xFE2
  5104                           fsr1l	equ	0xFE1
  5105                           bsr	equ	0xFE0
  5106                           indf2	equ	0xFDF
  5107                           postinc2	equ	0xFDE
  5108                           postdec2	equ	0xFDD
  5109                           preinc2	equ	0xFDC
  5110                           plusw2	equ	0xFDB
  5111                           fsr2h	equ	0xFDA
  5112                           fsr2l	equ	0xFD9
  5113                           status	equ	0xFD8

Data Sizes:
    Strings     24
    Constant    0
    Data        19
    BSS         1
    Persistent  0
    Stack       0

Auto Spaces:
    Space          Size  Autos    Used
    COMRAM           95     78      80
    BANK0           160      0      18
    BANK1           256      0       0
    BANK2           256      0       0
    BANK3           256      0       0
    BANK4           256      0       0
    BANK5           256      0       0

Pointer List with Targets:

    can_transmit@data	PTR const unsigned char  size(2) Largest target is 3
		 -> main@str(COMRAM[3]), STR_1(CODE[3]), STR_2(CODE[3]), STR_3(CODE[3]), 
		 -> STR_4(CODE[3]), STR_5(CODE[3]), STR_6(CODE[3]), STR_7(CODE[3]), 
		 -> STR_8(CODE[3]), 

    can_transmit@ptr	PTR unsigned char  size(2) Largest target is 1
		 -> TXB0D0(SFR_2[1]), 

    main@arr	PTR unsigned char [9] size(2) Largest target is 3
		 -> STR_1(CODE[3]), STR_2(CODE[3]), STR_3(CODE[3]), STR_4(CODE[3]), 
		 -> STR_5(CODE[3]), STR_6(CODE[3]), STR_7(CODE[3]), STR_8(CODE[3]), 

    main@F10508	PTR unsigned char [9] size(2) Largest target is 3
		 -> STR_1(CODE[3]), STR_2(CODE[3]), STR_3(CODE[3]), STR_4(CODE[3]), 
		 -> STR_5(CODE[3]), STR_6(CODE[3]), STR_7(CODE[3]), STR_8(CODE[3]), 


Critical Paths under _main in COMRAM

    _main->_get_speed
    _get_speed->___fltol
    ___fltol->___fldiv
    ___fldiv->___xxtofl
    _get_gear_pos->_read_digital_keypad
    _can_transmit->_set_msg_id_std

Critical Paths under _main in BANK0

    None.

Critical Paths under _main in BANK1

    None.

Critical Paths under _main in BANK2

    None.

Critical Paths under _main in BANK3

    None.

Critical Paths under _main in BANK4

    None.

Critical Paths under _main in BANK5

    None.

Call Graph Tables:

 ---------------------------------------------------------------------------------
 (Depth) Function   	        Calls       Base Space   Used Autos Params    Refs
 ---------------------------------------------------------------------------------
 (0) _main                                                25    25      0    2608
                                             53 COMRAM    25    25      0
                            ___lwdiv
                            ___lwmod
                       _can_transmit
                       _get_gear_pos
                          _get_speed
                           _init_adc
                           _init_can
                _init_digital_keypad
                          _init_uart
 ---------------------------------------------------------------------------------
 (1) _init_uart                                            0     0      0       0
 ---------------------------------------------------------------------------------
 (1) _init_digital_keypad                                  0     0      0       0
 ---------------------------------------------------------------------------------
 (1) _init_can                                             0     0      0       0
 ---------------------------------------------------------------------------------
 (1) _init_adc                                             0     0      0       0
 ---------------------------------------------------------------------------------
 (1) _get_speed                                            4     2      2    1788
                                             49 COMRAM     4     2      2
                            ___fldiv
                            ___fltol
                           ___xxtofl
                           _read_adc
 ---------------------------------------------------------------------------------
 (2) _read_adc                                             7     5      2      52
                                              0 COMRAM     7     5      2
 ---------------------------------------------------------------------------------
 (2) ___xxtofl                                            14    10      4     337
                                              0 COMRAM    14    10      4
 ---------------------------------------------------------------------------------
 (2) ___fltol                                             10     6      4     230
                                             39 COMRAM    10     6      4
                            ___fldiv (ARG)
                           ___xxtofl (ARG)
 ---------------------------------------------------------------------------------
 (2) ___fldiv                                             25    17      8    1123
                                             14 COMRAM    25    17      8
                           ___xxtofl (ARG)
 ---------------------------------------------------------------------------------
 (1) _get_gear_pos                                         1     1      0     125
                                              1 COMRAM     1     1      0
                _read_digital_keypad
 ---------------------------------------------------------------------------------
 (2) _read_digital_keypad                                  1     1      0      58
                                              0 COMRAM     1     1      0
 ---------------------------------------------------------------------------------
 (1) _can_transmit                                        12     7      5     230
                                              4 COMRAM    12     7      5
                     _set_msg_id_std
 ---------------------------------------------------------------------------------
 (2) _set_msg_id_std                                       4     2      2      45
                                              0 COMRAM     4     2      2
 ---------------------------------------------------------------------------------
 (1) ___lwmod                                              5     1      4     161
                                              0 COMRAM     5     1      4
 ---------------------------------------------------------------------------------
 (1) ___lwdiv                                              7     3      4     164
                                              0 COMRAM     7     3      4
 ---------------------------------------------------------------------------------
 Estimated maximum stack depth 2
 ---------------------------------------------------------------------------------

 Call Graph Graphs:

 _main (ROOT)
   ___lwdiv
   ___lwmod
   _can_transmit
     _set_msg_id_std
   _get_gear_pos
     _read_digital_keypad
   _get_speed
     ___fldiv
       ___xxtofl (ARG)
     ___fltol
       ___fldiv (ARG)
       ___xxtofl (ARG)
     ___xxtofl
     _read_adc
   _init_adc
   _init_can
   _init_digital_keypad
   _init_uart

Address spaces:
Name               Size   Autos  Total    Usage
BIGRAM            1535      0       0      0.0%
BITBIGSFRllh       410      0       0      0.0%
BITBANK5           256      0       0      0.0%
BANK5              256      0       0      0.0%
BITBANK4           256      0       0      0.0%
BANK4              256      0       0      0.0%
BITBANK3           256      0       0      0.0%
BANK3              256      0       0      0.0%
BITBANK2           256      0       0      0.0%
BANK2              256      0       0      0.0%
BITBANK1           256      0       0      0.0%
BANK1              256      0       0      0.0%
BITBIGSFRlll       212      0       0      0.0%
BITBANK0           160      0       0      0.0%
BANK0              160      0      18     11.2%
BITCOMRAM           95      0       0      0.0%
COMRAM              95     78      80     84.2%
BITBIGSFRh          82      0       0      0.0%
BITBIGSFRlh         61      0       0      0.0%
STACK                0      0       0      0.0%
DATA                 0      0      98      0.0%


Microchip Technology PIC18 Macro Assembler V3.10 build 20250813170317 
Symbol Table                                                                                   Sun Jul 12 22:18:59 2026

                     ___fldiv@aexp 0027                       ___fldiv@bexp 0026  
                     ___fldiv@sign 001F                                 l62 25C6  
                               l65 25F2                                 l59 24DA  
                               _GO 7E11                                l123 256E  
                              l116 2518                                l117 2532  
                              l213 24FA                                l151 27A6  
                              l128 2832                                l144 24AC  
                              l129 2836                                l162 26C0  
                              l171 28D4                                l178 28D6  
                              l644 2A9E                                l931 2E46  
                              l940 2E8C                                l845 2732  
                              l941 2EAA                                l838 272A  
                              l942 2F02                                l934 2E0A  
                              l855 2656                                l943 2EF0  
                              l848 264E                                l929 2FE0  
                              u700 25D4                                u701 25D0  
                              u720 2746                                u800 2CD2  
                              u721 2742                                u801 2CCE  
                              u730 275A                                u810 2CE4  
                              u715 2540                                u731 2756  
                              u811 2CE0                                u740 276A  
                              u900 2E8A                                u820 2CF4  
                              u741 2766                                u901 2E86  
                              u821 2CF0                                u750 2788  
                              u910 2EAA                                u830 2D32  
                              u751 2784                                u911 2EA6  
                              u831 2D2E                                u760 27A0  
                              u920 2EBA                                u840 2D72  
                              u761 279C                                u921 2EB6  
                              u841 2D6E                                u930 2EE8  
                              u850 2DE6                                u770 2C6E  
                              u931 2EE4                                u851 2DE2  
                              u771 2C6A                                u940 2EFE  
                              u860 2E08                                u780 2C80  
                              u941 2EFA                                u861 2E04  
                              u781 2C7C                                u950 2F12  
                              u870 2E32                                u790 2C90  
                              u951 2F0E                                u871 2E2E  
                              u791 2C8C                                u960 2F2C  
                              u880 2E56                                u961 2F28  
                              u881 2E52                                _RX9 7D5E  
                              u970 2F74                                u890 2E6C  
                              u971 2F70                                u891 2E68  
                              u980 2FA4                                u981 2FA0  
                              u990 2FCE                                u991 2FCA  
                              _TX9 7D66                                wreg 0FE8  
                   ??_get_gear_pos 0002                       ___fltol@exp1 0031  
                             l1002 2AF6                               l1005 2C52  
                             l1016 2BEA                               l1009 2B8E  
                             l1504 2774                               l1600 2E44  
                             l1520 2C60              ??_read_digital_keypad 0001  
                             l1506 2788                               l1514 27A4  
                             l1610 2E8A                               l1602 2E56  
                             l1530 2CA0                               l1522 2C6E  
                             l1508 2790                               l1620 2F12  
                             l1604 2E6C                               l1612 2E9C  
                             l1540 2CC4                               l1532 2CA2  
                             l1524 2C70                               l1700 2AB2  
                             l1630 2F74                               l1622 2F1E  
                             l1614 2EBA                               l1606 2E72  
                             l1550 2D04                               l1542 2CD2  
                             l1526 2C80                               l1534 2CA8  
                             l1518 2C54                               l1710 2B30  
                             l1702 2AC0                               l1800 28B8  
                             l1640 2FC0                               l1632 2F8A  
                             l1624 2F2C                               l1616 2EE8  
                             l1608 2E7C                               l1560 2D42  
                             l1552 2D06                               l1544 2CD4  
                             l1536 2CB8                               l1528 2C90  
                             l1720 2B84                               l1712 2B38  
                             l1704 2B06                               l1480 25C4  
                             l1810 27AE                               l1490 2736  
                             l1802 28BE                               l1642 2FCE  
                             l1634 2FA4                               l1626 2F56  
                             l1570 2D72                               l1562 2D4A  
                             l1546 2CE4                               l1554 2D0C  
                             l1538 2CBE                               l1730 2BFA  
                             l1722 2BC0                               l1714 2B44  
                             l1706 2B1C                               l1482 25D4  
                             l1820 280A                               l1812 27BA  
                             l1492 2746                               l1804 28D0  
                             l1644 2FD4                               l1636 2FBA  
                             l1628 2F5A                               l1580 2DB0  
                             l1572 2D72                               l1564 2D4E  
                             l1556 2D1C                               l1548 2CF4  
                             l1660 29C4                               l1740 2C42  
                             l1732 2BFE                               l1724 2BCC  
                             l1716 2B76                               l1484 25EA  
                             l1830 26E2                               l1822 280E  
                             l1814 27BE                               l1494 275A  
                             l1646 2FD6                               l1638 2FBC  
                             l1590 2DFA                               l1582 2DC0  
                             l1558 2D32                               l1670 2A12  
                             l1662 29EE                               l1654 299A  
                             l1734 2C22                               l1726 2BDA  
                             l1718 2B78                               l1478 25B0  
                             l1750 24F2                               l1840 271C  
                             l1832 26EA                               l1824 26C2  
                             l1488 2534                               l1816 27C6  
                             l1808 27A8                               l1496 276A  
                             l1592 2E08                               l1584 2DD0  
                             l1576 2D86                               l1568 2D62  
                             l1680 2A3E                               l1664 29F0  
                             l1656 29B0                               l1736 2C32  
                             l1728 2BF8                               l1760 2504  
                             l1744 24A6                               l1752 24F6  
                             l1842 271E                               l1834 26F8  
                             l1826 26C8                               l1850 260E  
                             l1818 27D0                               l1498 276C  
                             l1594 2E14                               l1586 2DD6  
                             l1578 2DA0                               l1690 2A6E  
                             l1666 2A00                               l1738 2C40  
                             l1746 24C0                               l1770 252E  
                             l1762 2506                               l1754 24F8  
                             l1844 2724                               l1836 26FE  
                             l1828 26DA                               l1860 2648  
                             l1852 2616                               l1780 2838  
                             l1596 2E32                               l1588 2DE6  
                             l1692 2A7E                               l1676 2A2A  
                             l1668 2A04                               l1772 2530  
                             l1764 251A                               l1756 24FC  
                             l1748 24DC                               l1838 2714  
                             l1854 2624                               l1846 25F4  
                             l1790 287A                               l1782 2840  
                             l1598 2E34                               l1694 2A8E  
                             l1686 2A52                               l1678 2A34  
                             l1774 2658                               l1766 2526  
                             l1758 2500                               l1870 28E8  
                             l1862 28D8                               l1856 263A  
                             l1848 2606                               l1784 2852  
                             l1792 2880                               l1688 2A5E  
                             l1776 26B8                               l1768 252A  
                             l1880 293C                               l1872 28FA  
                             l1864 28DC                               l1858 2642  
                             l1794 2892                               l1786 2864  
                             l1698 2AA2                               l1882 2950  
                             l1874 2906                               l1866 28E0  
                             l1788 286A                               l1884 2960  
                             l1876 290C                               l1868 28E4  
                             l1798 28A8                               l1886 2982  
                             l1878 2924                               _ADFM 7E07  
                             _ADON 7E10                               STR_1 2FF5  
                             STR_2 2FE3                               STR_3 2FE6  
                             STR_4 2FE9                               STR_5 2FEC  
                             STR_6 2FEF                               STR_7 2FF8  
                             STR_8 2FF2                               _BRGH 7D62  
                             u1000 29B0                               _CREN 7D5C  
                             u1001 29AC                               u1010 29E4  
                             u1020 2A12                               u1100 2B72  
                             u1021 2A0E                               u1101 2B6E  
                             u1030 2A26                               u1110 2BBC  
                             u1031 2A22                               u1015 29DA  
                             u1111 2BB8                               u1200 287A  
                             u1040 2A4E                               u1120 2BDA  
                             u1201 2876                               u1041 2A4A  
                             u1121 2BD6                               u1210 2892  
                             u1050 2A6E                               u1130 2BEA  
                             u1211 288E                               u1051 2A6A  
                             u1131 2BE6                               u1300 2606  
                             u1220 28A4                               u1060 2A7E  
                             u1140 2BF8                               u1301 2602  
                             u1221 28A0                               u1061 2A7A  
                             u1141 2BF4                               u1310 2624  
                             u1230 28B8                               u1150 2C32  
                             u1070 2AB2                               u1311 2620  
                             u1231 28B4                               u1151 2C2E  
                             u1071 2AAE                               u1320 263A  
                             u1240 28D0                               u1160 2C40  
                             u1080 2AC0                               u1321 2636  
                             u1241 28CC                               u1161 2C3C  
                             u1081 2ABC                               u1250 2808  
                             u1090 2B1C                               u1170 2518  
                             u1091 2B18                               u1171 2514  
                             u1331 28F2                               u1260 2832  
                             u1180 2852                               u1261 282E  
                             u1181 284E                               u1270 26DA  
                             u1190 2864                               u1271 26D6  
                             u1191 2860                               u1280 26F8  
                             u1281 26F4                               u1257 27FE  
                             u1290 2714                               u1291 2710  
                             u1347 2956                               u1357 2988  
                             _RCIF 7CF5                               _SPEN 7D5F  
                             _TXEN 7D65                               _TXIF 7CF4  
                             _SYNC 7D64                               _main 28D8  
                             fsr0h 0FEA                               indf0 0FEF  
                             fsr2h 0FDA                               fsr0l 0FE9  
                             indf2 0FDF                               fsr1l 0FE1  
                             fsr2l 0FD9                               prodl 0FF3  
                             start 2FFC                    ___fldiv@new_exp 0020  
                     ___param_bank 0000                      ___fltol@sign1 0030  
                            _ADCS0 7E00                              _ADCS1 7E01  
                            _ADCS2 7E02                              ?_main 0001  
                  __end_of___fldiv 2FE2                              _ACQT0 7E03  
                            _ACQT1 7E04                              _ACQT2 7E05  
                            _BRG16 7DC3                    __end_of___fltol 2AA0  
                  __end_of___lwdiv 2734                    __end_of___lwmod 2658  
                            _VCFG0 7E0C                              _VCFG1 7E0D  
                            _RCREG 0FAE                              _SENDB 7D63  
                            _SPBRG 0FAF                              _PORTC 0F82  
                            _TRISC 0F94                       get_speed@val 0034  
                            _TXREG 0FAD                              tablat 0FF5  
                            plusw1 0FE3                              plusw2 0FDB  
                            status 0FD8                    __initialization 2570  
                     __end_of_main 299A                             ??_main 0036  
                    __activetblptr 0002                             _ADCON0 0FC2  
                           _CANCON 0F6F                             _ADRESH 0FC4  
                           _ADRESL 0FC3                             _GODONE 7E11  
                           _RXB0D0 0F66                             _RXB0IF 7D20  
                           _TXB0D0 0F46                             _TRISB2 7C9A  
                           _TRISB3 7C9B                             _TRISC6 7CA6  
                           _TRISC7 7CA7                   __end_of___xxtofl 2C54  
      __end_of_init_digital_keypad 24AE                          ??___fldiv 0017  
                        ??___fltol 002C                      can_transmit@i 000F  
                        ??___lwdiv 0005                          ??___lwmod 0005  
             __end_of_get_gear_pos 28D8                   __end_of_init_adc 24DC  
                 __end_of_init_can 2534                   __end_of_read_adc 25F4  
                           isa$std 0001                    get_gear_pos@key 0002  
                     __pdataCOMRAM 0050                       __mediumconst 2FE2  
                           tblptrh 0FF7                             tblptrl 0FF6  
                           tblptru 0FF8                       _can_transmit 27A8  
                     ___xxtofl@arg 000B                       ___xxtofl@exp 000A  
                     ___xxtofl@val 0001                         __accesstop 0060  
          __end_of__initialization 25A4                      ___rparam_used 0001  
                       ___fltol@f1 0028                     __pcstackCOMRAM 0001  
                     __pidataBANK0 24AE                   set_msg_id_std@id 0001  
                          _ECANCON 0F77                            _CANSTAT 0F6E  
                          _BRGCON1 0F70                            _BRGCON2 0F71  
                          _BRGCON3 0F72        __end_of_read_digital_keypad 27A8  
                        ?___xxtofl 0001                            _RXB0DLC 0F65  
                          _RXB0CON 0F60                            _RXB0FUL 7B07  
                          _TXB0DLC 0F45                            _TXB0REQ 7A03  
                          _RXFCON0 0DD4                          ?_init_adc 0001  
                        ?_init_can 0001                          ?_read_adc 0001  
                          __Hparam 0000                            __Lparam 0000  
                __end_of_get_speed 26C2                            ___fldiv 2C54  
                          ___fltol 299A                            ___lwdiv 26C2  
                          ___lwmod 25F4                            __pcinit 2570  
                          __ramtop 0600                            __ptext0 28D8  
                          __ptext1 24DC                            __ptext2 24A6  
                          __ptext3 24FC                            __ptext4 24C0  
                          __ptext5 2658                            __ptext6 25AE  
                          __ptext7 2AA0                            __ptext8 299A  
                          __ptext9 2C54                         ??___xxtofl 0005  
                __end_of_init_uart 24FC                            main@arr 0037  
                 get_gear_pos@gear 004F                            main@str 0049  
             end_of_initialization 25A4                       _get_gear_pos 2838  
                       ??_init_adc 0001                         ??_init_can 0001  
                    __Lmediumconst 2FE2                         ??_read_adc 0003  
                          postdec1 0FE5                            postdec2 0FDD  
                          postinc0 0FEE                            postinc2 0FDE  
                       main@F10508 0060                    read_adc@channel 0007  
                    ___xxtofl@sign 0009                    read_adc@reg_val 0005  
                      ___fldiv@grs 0022                        ___fldiv@rem 001B  
                   _set_msg_id_std 2534                      __pidataCOMRAM 3000  
              start_initialization 2570             __end_of_set_msg_id_std 2570  
                      __pdataBANK0 0060                          ___fldiv@a 0013  
                        ___fldiv@b 000F                        __pbssCOMRAM 004F  
                  ?_set_msg_id_std 0001                   ___lwdiv@dividend 0001  
                    __pmediumconst 2FE2                           ?___fldiv 000F  
                 can_transmit@data 0007                           ?___fltol 0028  
                         ?___lwdiv 0001                           ?___lwmod 0001  
                        _get_speed 2658                        __smallconst 2FE2  
               can_transmit@msg_id 0005                   ___lwdiv@quotient 0005  
                        _init_uart 24DC                           _RXB0SIDH 0F61  
                         _RXB0SIDL 0F62                           _TXB0EIDH 0F43  
                         _TXB0EIDL 0F44                           _TXB0SIDH 0F41  
                         _TXB0SIDL 0F42                         ?_get_speed 0032  
read_digital_keypad@detection_type 0001                          main@speed 004D  
                    ?_can_transmit 0005                         ?_init_uart 0001  
                        copy_data0 2584                _init_digital_keypad 24A6  
                         __Hrparam 0000                           __Lrparam 0000  
             ?_init_digital_keypad 0001                           ___xxtofl 2AA0  
                   ??_can_transmit 000A                    ___lwdiv@divisor 0003  
                  ___lwdiv@counter 0007                           __ptext10 2838  
                         __ptext11 2734                           __ptext12 27A8  
                         __ptext13 2534                           __ptext14 25F4  
                         __ptext15 26C2                    can_transmit@len 0009  
                  can_transmit@ptr 000D                           _init_adc 24C0  
                         _init_can 24FC                           _read_adc 25AE  
          read_digital_keypad@once 0050                           isa$xinst 0000  
            ??_init_digital_keypad 0001                           main@gear 004C  
                      ??_get_speed 0034                   ??_set_msg_id_std 0003  
                      ??_init_uart 0001                   ___lwmod@dividend 0001  
              _read_digital_keypad 2734                    ___lwmod@divisor 0003  
                  ___lwmod@counter 0005                      ?_get_gear_pos 0001  
             ?_read_digital_keypad 0001               __end_of_can_transmit 2838  
